path,bytes,sha256
experiments/2026-09-30_position_replication/results.json,136533,b171980d78854cb22a6f39c693ed10b5b4f7580b97efdb322854637697fb0a84
experiments/2026-09-30_spatial_density/results.json,75896,1f34f86601705929d9dae8b6818d5641da28f5fc1fa8ceeb784238b42270c7eb
experiments/2026-10-01_architecture_hypotheses/results.json,23004,64828feda4c3cc7a6bca42fd02d577239a6cc4ea6e3cd649b8fec7d7abe48575
experiments/2026-10-02_coordinate16/results.json,10623,fa010beb1183eeb1833503ecdd1491357f2868604de382698d7c23c6ac45cb0d
experiments/2026-10-02_data_efficiency/results.json,2219,fec36efcd784b3593e15931a58550595e270c055adb372ff8cc15147739dcb7c
experiments/2026-10-02_functional_groups/results.json,14973,0720d0cd19ac879f757bd59068fd705493bee6b918860ce362d6a4595f495282
experiments/2026-10-02_neuron_transfer/results.json,64770,18e74777cee6c50ea0367db89de8249c45d5cf4dc602c1fa1c6c572ceaf94003
experiments/2026-10-02_spatial_grouping/results.json,11355,c87107cfdf2acc0f67be3857251331383fb821fc19d72d1d33cfcea402fe7e41
experiments/2026-10-02_stringer_replication/execution/results.json,22556,03f11ec8d85a43537c49d975b63217cf09f77c8d953edc3a9b405e0bc7d32fb9
experiments/2026-10-02_stringer_validation/results.json,22080,9c9df540eaa1d2e1c18577334f56f5dd967d9dd77addf2c919b6a5063a58d2b1
experiments/2026-10-03_attention_weighting/results.json,4640,a1774dde74d367658ef63ae6578899e031bd27435392de1d4f031540b298a365
experiments/2026-10-03_broad_screen/MP030/block_robust_s10/history.json,5273,982b327da95fcc13c21e43bed979e0431748e5317c4cc5499bb24d29aa5bb15d
experiments/2026-10-03_broad_screen/MP030/block_robust_s10/result.json,292,6e6ba0b78f69783a1cf16ced3ad97b7d488dab34dbd253e16e5c4c1707afb5d0
experiments/2026-10-03_broad_screen/MP030/functional_graph_s10/history.json,5320,9d45d348875dcb95f0bf61f1010522a10b313519bde33a3d2ba7ff1da1334ee7
experiments/2026-10-03_broad_screen/MP030/functional_graph_s10/result.json,292,37ba16937aba622c426f5505e1096afe4f5ce93b53e89b40944595fd9d355a89
experiments/2026-10-03_broad_screen/MP030/lowrank_id_s10/history.json,10362,af2095d68f703fcdb9fb22e593d111bdbdedce800831d842e811d60a99f2155f
experiments/2026-10-03_broad_screen/MP030/lowrank_id_s10/result.json,292,b5e208c6160c5b563f307061bf8d811ca60a9df6d898735ece1c1918a2425320
experiments/2026-10-03_broad_screen/MP030/lowrank_id_s11/history.json,10372,83eda79a7399bac37ea175d9e5b53c012f1fc5db0989938a1e57f6b18f3aba61
experiments/2026-10-03_broad_screen/MP030/lowrank_id_s11/result.json,291,d2741a9bcaec6e1927b5a64856abdb86f443116f7ea7cf0a53c278bc31776aac
experiments/2026-10-03_broad_screen/MP030/lowrank_id_s12/history.json,10375,95afd6f2b362581c447b6b9b765f382ead19590cfb1694bb6f32806a798a5de2
experiments/2026-10-03_broad_screen/MP030/lowrank_id_s12/result.json,290,33ac9f8d95642bbd7a791561d0bcc4ec7cf7726fa7302bb115400afaf2c5d3b5
experiments/2026-10-03_broad_screen/MP030/lowrank_mlp_s10/history.json,10390,1db9dc56320f2e84932fc584147da85584f14a7b13e3f429340d82406b96a6fe
experiments/2026-10-03_broad_screen/MP030/lowrank_mlp_s10/result.json,292,6e8fc71d5e705d3e601254cefe146d2f41bf57ab99bf8497f8c712234e82ce9c
experiments/2026-10-03_broad_screen/MP030/lowrank_mlp_s11/history.json,10386,bbdc0f84c72b6ad698b3a48099e55d0e1d3f1cdaf1906941ff07fae1cc81497d
experiments/2026-10-03_broad_screen/MP030/lowrank_mlp_s11/result.json,292,cfb50f2777eecba121d093d93e918c20c083ad2e8ae4ae35155d51812e97b119
experiments/2026-10-03_broad_screen/MP030/lowrank_mlp_s12/history.json,10379,5cba2d3c13a280c8430b7cf88e2d7e3851a269e465d4e95ab4ad52bea27f9517
experiments/2026-10-03_broad_screen/MP030/lowrank_mlp_s12/result.json,291,034c3136c29f62e195f4ba979d2fb1dc4ff161e5cbff51149ec6ac5442aae988
experiments/2026-10-03_broad_screen/MP030/masked_pretrain_s10/history.json,5313,2c30efb701b5437d0cf37cbb50b35e6e15ea365271f3376c76a266927948407d
experiments/2026-10-03_broad_screen/MP030/masked_pretrain_s10/result.json,296,8ba8c61dfced05ec6e611e95c15e17cfc9b23f1c82afb78a91a2084204e88ffa
experiments/2026-10-03_broad_screen/MP030/multiscale_s10/history.json,5332,463f6913dd0109f2c94ffa0f306178228ac7aaefe0127ff9abd5e16df359e105
experiments/2026-10-03_broad_screen/MP030/multiscale_s10/result.json,291,61c544fd0ead372ad4fbcf04abaa01c42385e65d1d04f668a55e045331c180a5
experiments/2026-10-03_broad_screen/MP030/norm_mlp_s10/history.json,10396,52796f4f75e925b059d84ac35003b252a33901dd09968362b096f4c436c50b26
experiments/2026-10-03_broad_screen/MP030/norm_mlp_s10/result.json,289,fa983bbc7ba1bdd3081f0efd481b8f718d10ec044b2dadbd1e61a244b8f34465
experiments/2026-10-03_broad_screen/MP030/norm_mlp_s11/history.json,10387,4eec346558913f859f8cdadf851a35fed24a5ea190cebe8f661bda1a920b9854
experiments/2026-10-03_broad_screen/MP030/norm_mlp_s11/result.json,290,f1290920b2efc26fbe8dd64c3d9dc22760a1b8a2fe134f879df0c6eab2774f6c
experiments/2026-10-03_broad_screen/MP030/norm_mlp_s12/history.json,10388,6bb8a76984be42c2cf6dae846d9ac5cecf2465ae164086057cf2dd8633d3fafc
experiments/2026-10-03_broad_screen/MP030/norm_mlp_s12/result.json,289,1a37a9d6c8334c2859f3018c1a72ef12ed8ea441fbc552c5c8b334d3e9bdd78b
experiments/2026-10-03_broad_screen/MP030/plain_s12/history.json,10373,13a17e79f03252d022639eb2f25c30cb27df3fbc8a027e4747727f13895db4f8
experiments/2026-10-03_broad_screen/MP030/plain_s12/result.json,281,99441d1861da33a789e1b1cee1734ae9e44667933cc1795927134c04e5b74837
experiments/2026-10-03_broad_screen/MP030/pooled_mlp_s12/history.json,10388,a6444e62b42f56663ab3f124369a805e8996c478cb825033edb9e1683cad34cd
experiments/2026-10-03_broad_screen/MP030/pooled_mlp_s12/result.json,291,08f099e3188f35ccb865bd9f2b390f5391fd49346130ae96a01b4ef3b617258b
experiments/2026-10-03_broad_screen/MP030/population_conv_s10/history.json,5310,d809291ec9d81912910d49759e83c61a1025e489953186c93988a7ac93d0cd15
experiments/2026-10-03_broad_screen/MP030/population_conv_s10/result.json,296,e3f2e3e2f23cfbbabb0a4d20994f95754d0221586f203beff368a2b47581f19c
experiments/2026-10-03_broad_screen/MP030/population_gru_s10/history.json,5329,4efc82d954bb0b6057775e53822a991845fc0cdebf2f04ff5f976466ecca8bf5
experiments/2026-10-03_broad_screen/MP030/population_gru_s10/result.json,296,25c8f5c49555038d13d59b3e04d77de1b097ca8c853fe3b39a955052322be692
experiments/2026-10-03_broad_screen/MP030/state_head_s10/history.json,5321,cd631eb43f64cbd79838649c8f089b9391bd46a4276714001db1886c7838af2b
experiments/2026-10-03_broad_screen/MP030/state_head_s10/result.json,291,e05ac24b29602f1af0bd01cb621c511d90842148d757d488ed309e8ad3f0f336
experiments/2026-10-03_broad_screen/MP030/time_attn_s10/history.json,5321,9ccfdeb47f7caed86a9f47778fcd1a801c58ac48792ba4668ea126d52fd3f00d
experiments/2026-10-03_broad_screen/MP030/time_attn_s10/result.json,285,460d0ba7afcc739d5db6ca10b60271bb38b1d1070ce24ad65f89d922b6bbdc46
experiments/2026-10-03_broad_screen/MP030/token_norm_s10/history.json,10368,91bb4d7da85d7508fe10564b5608f9c623820f42d5c2fe2e7370230ab55c4a20
experiments/2026-10-03_broad_screen/MP030/token_norm_s10/result.json,289,0d777baced1de6c7ba9ee799cfac25ba3c3adce63a101428b0ac1d37cdf3bde5
experiments/2026-10-03_broad_screen/MP030/token_norm_s11/history.json,10404,74666ab4dc4ee03b0782cc78b03b7ba4c65c98724cab375ad1a0559817458344
experiments/2026-10-03_broad_screen/MP030/token_norm_s11/result.json,291,4e6239eb1b717978cdf1b0e06b4d44e4d04766c667b24f5f958fc86e55ab5244
experiments/2026-10-03_broad_screen/MP030/token_norm_s12/history.json,10398,4e16e2b2a4cb5347a40dc15a5eeee149ed5a798d988543ff615ee2af613666c4
experiments/2026-10-03_broad_screen/MP030/token_norm_s12/result.json,292,4681d4d94172156da4b2a7ca59b654231f0dc0581ae0200631dc77b97e9490cd
experiments/2026-10-03_broad_screen/MP032/block_robust_s10/history.json,5328,e156d7f341734abb2b38ffe0672cbdfb3a2ba852ed0935cd7d0e7a1474d8d562
experiments/2026-10-03_broad_screen/MP032/block_robust_s10/result.json,294,e9403991af9ed08b759f552b9b0e6100a0130cbb607bb84d44b56eccbe9893a5
experiments/2026-10-03_broad_screen/MP032/functional_graph_s10/history.json,5336,44863032aba07ab024176257350832e2617bbc5c1805832a1d1e9134c1738590
experiments/2026-10-03_broad_screen/MP032/functional_graph_s10/result.json,298,041bbe21d3785c65bd8b5dbe87a2704e93bb3311f0049793d6d81aff8084ec19
experiments/2026-10-03_broad_screen/MP032/lowrank_id_s10/history.json,10481,49e4caf9a0bf6c03246f9eb553cf468b727146f0a0e8ceb6d4dd24bc10789fe1
experiments/2026-10-03_broad_screen/MP032/lowrank_id_s10/result.json,287,c47bd48ac46d5d6b46c10452f6c6d94c9c3a6dd991c9dd02dd939200d2f6f0a2
experiments/2026-10-03_broad_screen/MP032/lowrank_id_s11/history.json,10443,ebd92856b256b1ed27a7d4691c6d8139179ffe643b32caa480af9cf709b296f8
experiments/2026-10-03_broad_screen/MP032/lowrank_id_s11/result.json,285,5e3ce8479cb18cf4d87b93f45e3be5116e2f54d9a30d61fe24f95bf72b52c97d
experiments/2026-10-03_broad_screen/MP032/lowrank_id_s12/history.json,10418,796ab6fc34f0f91ad5f7c4a43174f3418742fd01c08fd3ceb4844a8cb54a021d
experiments/2026-10-03_broad_screen/MP032/lowrank_id_s12/result.json,292,69f24be515eb021a7e02294925bb7e6fcd333f6776680c6177f8ae1ccf4b2011
experiments/2026-10-03_broad_screen/MP032/lowrank_mlp_s10/history.json,10484,9f0bc5927e861f55eee1ff17dc2c5e87725e19c19f7c69167686a7b5fff7ad76
experiments/2026-10-03_broad_screen/MP032/lowrank_mlp_s10/result.json,294,3520cce5f6109798d90db14bcd026939c8acb64a4b836246caa53f82fcc35b36
experiments/2026-10-03_broad_screen/MP032/lowrank_mlp_s11/history.json,10502,8e5d8bf54c6ecae5dfb5b586ca12f89ab748935772a038f21467ddeb5ae899f6
experiments/2026-10-03_broad_screen/MP032/lowrank_mlp_s11/result.json,295,8bc2c37a7331ebbd0dbd187ad932784ec1029fd3f6645f97955c6ab4d4940c16
experiments/2026-10-03_broad_screen/MP032/lowrank_mlp_s12/history.json,10494,e98b0ed93fda9bfb899a7abcfdede7fcf3f95799e5e5faaacfcfd33a019b3707
experiments/2026-10-03_broad_screen/MP032/lowrank_mlp_s12/result.json,294,fdb3b3b75a715ff7d16ed968bdff12517b82854925aca367e552f1b62144f67c
experiments/2026-10-03_broad_screen/MP032/masked_pretrain_s10/history.json,5353,f0975dc1df19837c7815701d9d34ce8988743a9995cdcebe2ac67b515d458ca1
experiments/2026-10-03_broad_screen/MP032/masked_pretrain_s10/result.json,297,24ce4b377021f2f2d997a4e664402f657fd05c273d20da976088cbb799deabe7
experiments/2026-10-03_broad_screen/MP032/multiscale_s10/history.json,5355,7af462d6f61c960813e0636e3edd39b075006323a33d64d43fe55f1a8430c18a
experiments/2026-10-03_broad_screen/MP032/multiscale_s10/result.json,291,0665d08187a9529450a1e746dfaa41bc49e13e31b90c400a29b6c8683fd9bbd1
experiments/2026-10-03_broad_screen/MP032/norm_mlp_s10/history.json,10517,3a88d13499f2925b8047d556e569cb99bf36d5ee80b62273262604e07f376d81
experiments/2026-10-03_broad_screen/MP032/norm_mlp_s10/result.json,284,a433c9ee462e922cc32221a80f1a2a235c9cc9270f67ea51beae5446f514b23d
experiments/2026-10-03_broad_screen/MP032/norm_mlp_s11/history.json,10516,3d4093c93b7df42ca35c93f64bad89d395838ec1481deec3e44d88b6348023e2
experiments/2026-10-03_broad_screen/MP032/norm_mlp_s11/result.json,289,273a138030a727431c6b8fbb013fd56dca7fd0187dbb3f769d8adbfe4e34f1b9
experiments/2026-10-03_broad_screen/MP032/norm_mlp_s12/history.json,10505,66c5590f6e081e1015e7f8278d60852698b210e66f0eb256171d77eef80ea742
experiments/2026-10-03_broad_screen/MP032/norm_mlp_s12/result.json,291,df13e26819fd55059635c67c3a2417e482f67eb555be13eeca73196187afd4a6
experiments/2026-10-03_broad_screen/MP032/plain_s12/history.json,10444,6e12929c8bc18e7ae44ae2b5b8e1a9d70f4f62636fe4a30ff46066be5c32731d
experiments/2026-10-03_broad_screen/MP032/plain_s12/result.json,287,0f9eb49c1dea571c26d938285a5091dab8a9c0027d94cd9ff87ab68ce91de9f3
experiments/2026-10-03_broad_screen/MP032/pooled_mlp_s12/history.json,10508,31ade8b07a8692cffde8ffd7aef5bc912b3aaed19664ec19f11dc2eaa1f26153
experiments/2026-10-03_broad_screen/MP032/pooled_mlp_s12/result.json,292,05201687275544a6f0a76197f25e1d0ac3410b3674c6f7d430bde92950afe973
experiments/2026-10-03_broad_screen/MP032/population_conv_s10/history.json,5336,6e6fec902bf52740cc488f250ee984fd87049ee03db843826e15364e3009cfeb
experiments/2026-10-03_broad_screen/MP032/population_conv_s10/result.json,297,0adc4a5b5ff4577e49ea310c6d4ba7c83080ffc50bb3185dc3cb3a857cebf0f9
experiments/2026-10-03_broad_screen/MP032/population_gru_s10/history.json,5382,9c02866569739f9c0026069fed5cd7cd4b23d4c7dea7c40282f4e6b8739ab16d
experiments/2026-10-03_broad_screen/MP032/population_gru_s10/result.json,296,a44bdbf6e6198bd0a932166ab1a59f808612ce068d2cf73c3b580d4af64b0221
experiments/2026-10-03_broad_screen/MP032/state_head_s10/history.json,5347,018bd646259fd33780447d4647f1fa9420e11578beaca70a8229f368c3b23822
experiments/2026-10-03_broad_screen/MP032/state_head_s10/result.json,291,1d80b9944c139051850a80de52f0bb74d4d2749f27ab6b1e34ccdc1abfdd83c4
experiments/2026-10-03_broad_screen/MP032/time_attn_s10/history.json,5363,259aa1c3e1455389a4e6c5430551a83fb6852e8f15a86f1ee24f260429a46aa5
experiments/2026-10-03_broad_screen/MP032/time_attn_s10/result.json,291,ca35afe6838ec11eb888b5f8d909a087d2bbdea4abb627fe7eb28e73c3d90ead
experiments/2026-10-03_broad_screen/MP032/token_norm_s10/history.json,10502,00e3d03ae8443450cca62768ef0d1197f0b71299dfc00423409c147be95b8317
experiments/2026-10-03_broad_screen/MP032/token_norm_s10/result.json,294,fc9f327464d89f0f5fcc05800487fbf5389175253cae1d12ddda6ebdf7bdb893
experiments/2026-10-03_broad_screen/MP032/token_norm_s11/history.json,10526,5dfe0d343ea9c581d90a81f1380f9c9fbba08c53f63aebd519fcd61fa2d07767
experiments/2026-10-03_broad_screen/MP032/token_norm_s11/result.json,293,a5b0d0c3332944fb5e54446d83e5a6f86d3024f50fb78181ff6e0dc56998928e
experiments/2026-10-03_broad_screen/MP032/token_norm_s12/history.json,10523,5cafd29ac74089e6cfecae2a57c80e3667c9e3041cd09c8d5f023b85fa384508
experiments/2026-10-03_broad_screen/MP032/token_norm_s12/result.json,291,e53186dc30117313a6ca9421ddd9c7ea04a1486e07e0adc394e0ec4df283f9a2
experiments/2026-10-03_broad_screen/MP033/block_robust_s10/history.json,5295,13baccdc34c18567f0400317ed47f02481b6401cbfc00f52b8bb0389fbcae3e3
experiments/2026-10-03_broad_screen/MP033/block_robust_s10/result.json,294,ef804f97b4326a1d70adb5ecad4d691f28ad699ae3ec4692d65722127ca73918
experiments/2026-10-03_broad_screen/MP033/functional_graph_s10/history.json,5314,512eb8762309a2f186b86da2badfd50d83cfe36c812961588d23c7effe7f2b50
experiments/2026-10-03_broad_screen/MP033/functional_graph_s10/result.json,297,2b50737c1bfdd961f590bc5276a44b2fb1ca27e8079847e2c32c70f313986148
experiments/2026-10-03_broad_screen/MP033/lowrank_id_s10/history.json,10356,c6e0c58df58713db2730f2cd75e975fa024b66b87bcbbb188b8734b61a3501d2
experiments/2026-10-03_broad_screen/MP033/lowrank_id_s10/result.json,292,618bd065c79cfd43c3cbed4d65ea5bcd4551942504153a1858fd755e0dd319d6
experiments/2026-10-03_broad_screen/MP033/lowrank_id_s11/history.json,10360,d2947c644e6dd8085889b94d598e6945a0063ad5482d611a9359253d38ac04f6
experiments/2026-10-03_broad_screen/MP033/lowrank_id_s11/result.json,292,e27ed8068e55cf8b0cf0c04ea00a3151ca36950a1cf4be6fb7e66dac3c3459df
experiments/2026-10-03_broad_screen/MP033/lowrank_id_s12/history.json,10348,8af092d44c73913b597600747f3d7871a1ae4efa3445d8cc79ee422ed60ab77f
experiments/2026-10-03_broad_screen/MP033/lowrank_id_s12/result.json,287,98ec11026eb205d199f032c6e4df20c235568ed2d22a02493208da7260f063e5
experiments/2026-10-03_broad_screen/MP033/lowrank_mlp_s10/history.json,10364,4ac2d07879a8c2d5777c92931849567b7de90131ae3cf0dd07616d25abcc8a5e
experiments/2026-10-03_broad_screen/MP033/lowrank_mlp_s10/result.json,284,981c08760e5330356ae441b64ebc02638f19c9c798d015fd70c51cc38dd4749e
experiments/2026-10-03_broad_screen/MP033/lowrank_mlp_s11/history.json,10358,521ef0786101cfc27aa94e21ef58831707bf191cd29685855409255a3e63afc2
experiments/2026-10-03_broad_screen/MP033/lowrank_mlp_s11/result.json,287,12bdb50f4110b519d4756f25c09496ec95ec9f44eff3fd06d85ed349da1833a9
experiments/2026-10-03_broad_screen/MP033/lowrank_mlp_s12/history.json,10363,9581afe6874132c130a57384f5ccb4dd6f1c297bf78da6ddfa149af4d9cee1ad
experiments/2026-10-03_broad_screen/MP033/lowrank_mlp_s12/result.json,291,580e862c0d4bc13070b0536224faf454e42ca32267fe077b257caf2545b070be
experiments/2026-10-03_broad_screen/MP033/masked_pretrain_s10/history.json,5305,accaa0e151099a68241a3106cb074ca3c133edfa71ae6e01570e1a401a69e8df
experiments/2026-10-03_broad_screen/MP033/masked_pretrain_s10/result.json,295,ba51d18e12aeb9ed26cbd78bc6ccb93ad578e62d395b76dc71c0b81863c25f56
experiments/2026-10-03_broad_screen/MP033/multiscale_s10/history.json,5304,f66d84dc884e9d5fa1a81b4f7064a21df5e42fc236e50edc147ffa0dad4df59d
experiments/2026-10-03_broad_screen/MP033/multiscale_s10/result.json,290,527f8f9d350e60154f8281d688bb5c322d02aca91acd0bba9cf2afb4a252ffff
experiments/2026-10-03_broad_screen/MP033/norm_mlp_s10/history.json,10353,8a9033ed3fe88329b037cdcf32b37769895e9d38f996b97436c96954a399a988
experiments/2026-10-03_broad_screen/MP033/norm_mlp_s10/result.json,290,9f5d451cca1f62dea714128c41e5bf683b116107628baa078736ac25a05e22b0
experiments/2026-10-03_broad_screen/MP033/norm_mlp_s11/history.json,10357,1ae179da154d25638a3b54d1ed700e042e8e286947b2073cff7a9daf560fdc96
experiments/2026-10-03_broad_screen/MP033/norm_mlp_s11/result.json,290,f9f89a7ba1fba4d25289c9fe6b359af182698325aca9b3ab09b976a5c68816d2
experiments/2026-10-03_broad_screen/MP033/norm_mlp_s12/history.json,10363,c43d7296430ddfe235862016abd80b3224929b7d2477492a011103d79c93fc55
experiments/2026-10-03_broad_screen/MP033/norm_mlp_s12/result.json,287,490fc9ed967ee1134742f11facbbdf43aaa22ad02ff0e5c38eabd534eff1eba6
experiments/2026-10-03_broad_screen/MP033/plain_s12/history.json,10341,c5495c9bfe7a1f34269f1c576d4ef08e76fcbd28b78d1eb926d477e51549fd5b
experiments/2026-10-03_broad_screen/MP033/plain_s12/result.json,284,6f9d14b99251bf14857088dccf8b5fd627e028d7e1b789f51b581b78617a5660
experiments/2026-10-03_broad_screen/MP033/pooled_mlp_s12/history.json,10356,93edd04da266cad6a3f863f9f210ab0a46d8d49a79fc63135f5bbb245fb97578
experiments/2026-10-03_broad_screen/MP033/pooled_mlp_s12/result.json,293,5635cf7de5d7b7ad83c8b2c0fa1a523331423dd3acf3e694eba61a706a712aa2
experiments/2026-10-03_broad_screen/MP033/population_conv_s10/history.json,5315,9ce496c032b5c497a3d1fdaf839aeef9f2759ec8f6297b65419f10c9e0e22e10
experiments/2026-10-03_broad_screen/MP033/population_conv_s10/result.json,294,49b878a20ec8962e4d59154f8eb20b44daad18a1eefc6f45255440eda6dc0c88
experiments/2026-10-03_broad_screen/MP033/population_gru_s10/history.json,5308,5e69ea0686c80ef2c64ff614bd58ab420c450290fb9b38f6e618bb4127fb483a
experiments/2026-10-03_broad_screen/MP033/population_gru_s10/result.json,294,cdd63b086dfc80641f13070ffbdae3625e9dc0a83c85f62fe292c14850fe58f0
experiments/2026-10-03_broad_screen/MP033/state_head_s10/history.json,5306,957ccdfdaacdef3c759dedcb1893e9c51e1c331f545bf20cb2a189e885964ce9
experiments/2026-10-03_broad_screen/MP033/state_head_s10/result.json,290,804412c62a179662a83f77e8ca092a67d43351505421d8a34a39760ba19c0863
experiments/2026-10-03_broad_screen/MP033/time_attn_s10/history.json,5310,191da6cdaf8d027d008045b25d702438582dc8f2608206d020267e60e76dd2fa
experiments/2026-10-03_broad_screen/MP033/time_attn_s10/result.json,282,07fbb7a398f896afcdaf30b4d8614ff1027e6a96c9f369d9b582d36f15643b6b
experiments/2026-10-03_broad_screen/MP033/token_norm_s10/history.json,10358,f4f48cc75be9a7e9b0b46ecd48880251ea1503112be0dbec3ae44cadbb629dd6
experiments/2026-10-03_broad_screen/MP033/token_norm_s10/result.json,290,e99deed03c46182d2b5d1e0d0e57bc73c5e434962a0ed7a3d4ac174102ca3f6f
experiments/2026-10-03_broad_screen/MP033/token_norm_s11/history.json,10354,da6840c4a5b6ce2b88994cf3f9419378ee40394a93f8d0643b2351c5429140c2
experiments/2026-10-03_broad_screen/MP033/token_norm_s11/result.json,291,8e06151ac88102499ff6a78496cb7cd4eb11bd71fede3d8ff2715f6c8eac9679
experiments/2026-10-03_broad_screen/MP033/token_norm_s12/history.json,10345,6dc91d071ed5b36bccb018a758f7c7298ad3e422f54bd9595255674e0d76f736
experiments/2026-10-03_broad_screen/MP033/token_norm_s12/result.json,285,0574ded6db2d86095bb82f87dd26acc4c7dc673bce5ba6176b1b584a42b601b7
experiments/2026-10-03_broad_screen/MP034/block_robust_s10/history.json,5298,15a91756b4c7b685cf98d8d6a7c37759ecacf7eca58ec30628d297b0dbac5782
experiments/2026-10-03_broad_screen/MP034/block_robust_s10/result.json,295,01f5db0ed3e51f5f39b4b68a25234510ed291382ad00417526a8c2f2799f60f6
experiments/2026-10-03_broad_screen/MP034/functional_graph_s10/history.json,5308,baf9d317675a332a43c7917ac4624256fa9016191c6c22d27f537cc64c45119f
experiments/2026-10-03_broad_screen/MP034/functional_graph_s10/result.json,298,34d01c59b971b7432f29fc3b54733880138e7a511b0e8d31410d071616486a39
experiments/2026-10-03_broad_screen/MP034/lowrank_id_s10/history.json,10346,f7f590359813327f75b79afd6b623f7b96379776abd873995646d4c6f2873889
experiments/2026-10-03_broad_screen/MP034/lowrank_id_s10/result.json,292,e393b2333a1bfdca429b92ff2d23d199ce6349617d7118bbb9efeb0ff5c72f7b
experiments/2026-10-03_broad_screen/MP034/lowrank_id_s11/history.json,10345,3c39a87b032b7286c591819be7051b37e1db5ee37d5eb862e846f17b786e50ef
experiments/2026-10-03_broad_screen/MP034/lowrank_id_s11/result.json,291,d4ae602b5b2cbc35f504945a241cea702a8bc9aa2e0a89ae803142c2c3c66504
experiments/2026-10-03_broad_screen/MP034/lowrank_id_s12/history.json,10350,0ecb8dd02cc52b0263ee80d65359a345e511ddded01f61633aa1f44e53b2e420
experiments/2026-10-03_broad_screen/MP034/lowrank_id_s12/result.json,292,2c76dca233360d9a5b9312420481d23ce280e2565bbfa28f5ef3503be36f760e
experiments/2026-10-03_broad_screen/MP034/lowrank_mlp_s10/history.json,10349,7876285b1ec9e5c69aaa9a0d6140d4f5902ad46b45c3b816b179b849554ec61e
experiments/2026-10-03_broad_screen/MP034/lowrank_mlp_s10/result.json,293,f66699187fb5bd9d4091105088ed9d3e24afa34836edaaaaf82d955656c78431
experiments/2026-10-03_broad_screen/MP034/lowrank_mlp_s11/history.json,10347,5451d477deafb91682c46edef18b7fc4f7a76e7916379b3ff3db8243600bd84e
experiments/2026-10-03_broad_screen/MP034/lowrank_mlp_s11/result.json,294,49b953fd8d8a64611b8b73a13409c5cbe23cbd0ba877078f26eddaf22b6fb294
experiments/2026-10-03_broad_screen/MP034/lowrank_mlp_s12/history.json,10362,185f3af04988de36cb944556cf494b496965ee64bf03c0b7bc95330e137a2910
experiments/2026-10-03_broad_screen/MP034/lowrank_mlp_s12/result.json,294,57b055505edeb314c6873bc39578afd9bdf017263bbc3f094bd91bda9c68a037
experiments/2026-10-03_broad_screen/MP034/masked_pretrain_s10/history.json,5305,4cac4653d4539bd3a693eba2fd35b1fbd7cdabd76b54405170c3ae8b3860a59a
experiments/2026-10-03_broad_screen/MP034/masked_pretrain_s10/result.json,296,907cc0753f1b70b20b3d25516930c086147f9372aa4b368b1e357ac6e37078fc
experiments/2026-10-03_broad_screen/MP034/multiscale_s10/history.json,5309,90ae8fc8f7b56d9e9e6b25047cc02337a340efc7a32723aaf50e41a092b62cdc
experiments/2026-10-03_broad_screen/MP034/multiscale_s10/result.json,290,26fbdb3e7a01e02834e607a8a079593df5f188559fbfd6d49b2bfd9a648d7b28
experiments/2026-10-03_broad_screen/MP034/norm_mlp_s10/history.json,10355,38f29996b66613d41ff7eaa2ed6ecd350f3b30569b30e1532b47360b9da2f00f
experiments/2026-10-03_broad_screen/MP034/norm_mlp_s10/result.json,289,0ff3a1567c811dfc5e4507358ad12afe0c2a4b56c5404b36a0ea01a4c32dc57c
experiments/2026-10-03_broad_screen/MP034/norm_mlp_s11/history.json,10345,3e2658370b20d29adda1e7dc0aec8488455c71665d813b0fc84bb774f7b9655e
experiments/2026-10-03_broad_screen/MP034/norm_mlp_s11/result.json,290,0c17d9cae6f90073687f292e19219b3d60875886599be4524c8a356fab97e006
experiments/2026-10-03_broad_screen/MP034/norm_mlp_s12/history.json,10348,3695ea6ef849c0aa220e88bd63c5228680b49244294cc2b6ac0c605706c2474d
experiments/2026-10-03_broad_screen/MP034/norm_mlp_s12/result.json,288,5a0e87212458e11b4229cba415eec13020794a0cf50fbb73d5bb737c8e8fd133
experiments/2026-10-03_broad_screen/MP034/plain_s12/history.json,10351,185ad01e55949964e38b56b9b918b0c9ca550fffae45ed2f54d2b75667d5cf3d
experiments/2026-10-03_broad_screen/MP034/plain_s12/result.json,281,a04e2e1c9bf0a8292e61e772f3ccb954753342a582930de7b235434436d29c96
experiments/2026-10-03_broad_screen/MP034/pooled_mlp_s12/history.json,10357,3ce07b78731346bcb2b7627a5e0cf88c231d8522919bde980748f2950dc6ab5b
experiments/2026-10-03_broad_screen/MP034/pooled_mlp_s12/result.json,286,c86de202344429a36ae1fb8694a9fd7d1134b46ce4bf0268e406ef56a43d2d1b
experiments/2026-10-03_broad_screen/MP034/population_conv_s10/history.json,5318,62dac3461c2eb90036608c8ff9ed85b7b618a16b86a1fc3d864aa8beded78b3a
experiments/2026-10-03_broad_screen/MP034/population_conv_s10/result.json,296,7059d8d87afd148f49d64845bcfc2004ca911dd148b0483bbdd70c8f49090eb3
experiments/2026-10-03_broad_screen/MP034/population_gru_s10/history.json,5310,bdbc187672e4470294cad0e2455fe1f8d5d35d019b6997f00e239ddcb948fd3b
experiments/2026-10-03_broad_screen/MP034/population_gru_s10/result.json,295,62277f56c994ef9108e379affd05f87a67c1fbe0385e7d5b6dff852e37c6d695
experiments/2026-10-03_broad_screen/MP034/state_head_s10/history.json,5298,3d30245993f480bc4d90e86e3ad2a83b7b776cdfbca750457e86fdc39ca3807d
experiments/2026-10-03_broad_screen/MP034/state_head_s10/result.json,285,52ef91869822ee742f8e7acd03979ca21198854daada517d238b0a4c0aa40633
experiments/2026-10-03_broad_screen/MP034/time_attn_s10/history.json,5301,1b1c6ca007cc1d5b8f025320935eff2c3cb0c47fde8eabee660430fa336d8e19
experiments/2026-10-03_broad_screen/MP034/time_attn_s10/result.json,286,cb8f31c3e16a3d0e4dcdf1c96de4f81b1333de4378aa18ba5a58a0769d93180f
experiments/2026-10-03_broad_screen/MP034/token_norm_s10/history.json,10349,cef0ffd072341f9991e40577952cae8d3ecc7edb22f734eb52ec7d4a6d2699ad
experiments/2026-10-03_broad_screen/MP034/token_norm_s10/result.json,291,cefac4752a9d5e81eecba1fc9e2ba268b4f0f1a60392d963d57cdbec92c2a7eb
experiments/2026-10-03_broad_screen/MP034/token_norm_s11/history.json,10339,ba1b4c2f925da0e0f713a8d70f4697e5262c42f568d2409967d9a86712783a62
experiments/2026-10-03_broad_screen/MP034/token_norm_s11/result.json,291,4c67ab68d20a21f1b8b5357ef2b989b46afd639dfd06010f977b365fb178d7a9
experiments/2026-10-03_broad_screen/MP034/token_norm_s12/history.json,10352,4a3556dee7fca472be3462702ffa997425d76fcb06c1d89072fd3a2fa9678b98
experiments/2026-10-03_broad_screen/MP034/token_norm_s12/result.json,292,688741ca44fedfefb2f000c8305a2c14b91f51b6206ed1f3ac2be68662441a43
experiments/2026-10-03_broad_screen/results.json,71121,f0664b8e6a9e52320caa0725520a9790b7d06496be21be71bb130c56f2d253cf
experiments/2026-10-03_broad_screen/shared/shared_s10/history.json,14389,d8b228da0f0cbb1dd82a2e5acb7c83a96a95c5d0cb3d63c0c95924190ddfaba0
experiments/2026-10-03_broad_screen/shared/shared_s10/result.json,434,f7980f7a626132b8568a311ad258e253ce25df4d7dd4ef004b07ba06fbbbc6ab
experiments/2026-10-03_cross_neuron/MP030/attention_s10/history.json,4806,a75567a46124e5d4030179d928ad2d7e586ddfc3a3bbad802da82750c9d0afac
experiments/2026-10-03_cross_neuron/MP030/attention_s10/result.json,276,050752935156de3e2bd1a5c491edafb7a059d77c72237264a7b4f3926040c63d
experiments/2026-10-03_cross_neuron/MP030/attention_s11/history.json,4802,134e918758550b102eb830d4bf810939d4d98c4438757df4cf28e923f8b17b8a
experiments/2026-10-03_cross_neuron/MP030/attention_s11/result.json,282,97cf094ff9473e7c097cb0d575e0b2d0b08b85b989146fae2e85c76d7625b337
experiments/2026-10-03_cross_neuron/MP030/attention_s12/history.json,4801,fece4893160e58e463f1f5dca29c51d37945eccfc3971f10ad9441f15e0bb6f5
experiments/2026-10-03_cross_neuron/MP030/attention_s12/result.json,283,41094be613021bc57fae5a540a98fdf5d2ea8efd767133799afe0b850b33c546
experiments/2026-10-03_cross_neuron/MP030/mlp_s10/history.json,4809,30d9415a86c753d1c2cd66d3b2ddb95317dc80a3e65d79459f78deb4478c3ee1
experiments/2026-10-03_cross_neuron/MP030/mlp_s10/result.json,270,b3725e848a1eb7b2cc668d05b8f47311d6bfdcb9485a7d6683520dd758e6d462
experiments/2026-10-03_cross_neuron/MP030/mlp_s11/history.json,4817,0bf92f9905cb1d56b614c75ff31dea814620983517b4c79360904b673258fd58
experiments/2026-10-03_cross_neuron/MP030/mlp_s11/result.json,276,900e28b8e6a00b83a040ce5862dc073120ddff9902dcb98960fa49f3b9ee5206
experiments/2026-10-03_cross_neuron/MP030/mlp_s12/history.json,4809,4a098cbcf66d8f1295817210ee364faa8eb1e9ae78bea32d5a46079cbf5132c3
experiments/2026-10-03_cross_neuron/MP030/mlp_s12/result.json,276,d6ba5f853b5b90bbd01fa19ac00e1fc8733562294854153c8e8ee8b9c11a1625
experiments/2026-10-03_cross_neuron/MP030/static_s10/history.json,4807,d2373c3056706eb3751d358ddb488152a13d532fcb53b594eed3b65348a3a1d3
experiments/2026-10-03_cross_neuron/MP030/static_s10/result.json,280,33aa256f1aceda730e4b76ecd4992725be0ecc47c44a4b7afebdd53ca3c1609c
experiments/2026-10-03_cross_neuron/MP030/static_s11/history.json,4803,bd512edf23952ed4481a382bccbe18cac389ae15b2f8c5ef992e6f9511a38504
experiments/2026-10-03_cross_neuron/MP030/static_s11/result.json,275,34d8529b21ac68bb546056d907823ecc2adf54e9f1f28c405dc6e91e2bc90919
experiments/2026-10-03_cross_neuron/MP030/static_s12/history.json,4804,65d3733af8c998ba5d3cc789a97c9a103d6c37de741dbfec314fd8d71d1e28d9
experiments/2026-10-03_cross_neuron/MP030/static_s12/result.json,279,8531e2a9db41472b33ce3013109a5718d1a906d3888ca2c1c27cd65672c3d596
experiments/2026-10-03_cross_neuron/MP032/attention_s10/history.json,4812,0fd56dd172811efc23a826022749666168dc8cc798e5048b9a79e8651134f2d9
experiments/2026-10-03_cross_neuron/MP032/attention_s10/result.json,282,d8a9d61ddbc3f292eaac2ee678cf40a57b6468912885d75c746ec5d0f11340ea
experiments/2026-10-03_cross_neuron/MP032/attention_s11/history.json,4809,ba5401375699c417dab29cb069e55d3d3e8e14266f2e77d3b973b1c0c84b63f9
experiments/2026-10-03_cross_neuron/MP032/attention_s11/result.json,284,babdb471acec8e74998fba8a50e5869f41be5b3a4203cdf3d8999b914cb95529
experiments/2026-10-03_cross_neuron/MP032/attention_s12/history.json,4804,0abd1cf74e00bf245e61a6a8ecc0b7dd6292a557bf6c64a607a7650b93a02882
experiments/2026-10-03_cross_neuron/MP032/attention_s12/result.json,283,70ce013e6416cea7f7c40cec225d9567b22790457c4a41cc6f87cabb491816d6
experiments/2026-10-03_cross_neuron/MP032/mlp_s10/history.json,4810,74359c5a1f102ad777a55fc9d9b215b784ce22e976cbc7f67ed4ef87d7e6af98
experiments/2026-10-03_cross_neuron/MP032/mlp_s10/result.json,276,6450cbf382ed8bdcbaaf4cbbc83b4f0be98e1529f2f1fcc461dff8acde27a73f
experiments/2026-10-03_cross_neuron/MP032/mlp_s11/history.json,4818,e8edfe65e31404568e68a1d278c921715aace6c7ec4f5ed4c86b73558c298e9b
experiments/2026-10-03_cross_neuron/MP032/mlp_s11/result.json,276,3d1a462dbc1068921110e34af8b06af6242c95742ec29600dce6a9922c05c46b
experiments/2026-10-03_cross_neuron/MP032/mlp_s12/history.json,4815,88bdf57b75f6fcdc4a7a2a44564be6dc309af2d277a31be9fc3548c7ee4f4ae7
experiments/2026-10-03_cross_neuron/MP032/mlp_s12/result.json,277,797ddea572901bcf332b6b75a5090b8670e7e191ee7a724fb21e647324a9390b
experiments/2026-10-03_cross_neuron/MP032/static_s10/history.json,4814,35576cbd6f915493b77360e0d85fe31b286b130ea3011a20d15f875a2b66f534
experiments/2026-10-03_cross_neuron/MP032/static_s10/result.json,274,257173ca94fb5ba20a40c399ab5ca9e090e7d12727e15f2431bf0657e478a3f3
experiments/2026-10-03_cross_neuron/MP032/static_s11/history.json,4810,87adcbb0024c0630c5194c8668314de19ca1ce2cda9c02b32cdf82f9a7be4fb9
experiments/2026-10-03_cross_neuron/MP032/static_s11/result.json,282,8fe20aa35c9323ebb641158085a0b9ea23300f09b08edbc70ab4f9a4314f20a6
experiments/2026-10-03_cross_neuron/MP032/static_s12/history.json,4805,73945725f45cfaf07bc26b182fd64f8e34b1b33bac8ac1fc54e2e2a1be98141e
experiments/2026-10-03_cross_neuron/MP032/static_s12/result.json,280,3ceb7b72a037b8e5d28f26fc8f2d170c178253a0709445ed9a72f83334789683
experiments/2026-10-03_cross_neuron/MP033/attention_s10/history.json,4801,de905f5a878d87a7d38873aeb7c81e0e9794cc3f1b4b3037fd0a94ea62402a21
experiments/2026-10-03_cross_neuron/MP033/attention_s10/result.json,275,eb1df919f3fd044451fc2413595681def90e799b1f219bdacd8e9d5559a5dd7c
experiments/2026-10-03_cross_neuron/MP033/attention_s11/history.json,4797,54aed99ae2828250e5f24451d5ed96ee6b5d71891eeb4d47f4911c50e6e62644
experiments/2026-10-03_cross_neuron/MP033/attention_s11/result.json,283,cf6cffb39ba0b942a59fa77444553b25771be0193e873b4a39be065fe85dac27
experiments/2026-10-03_cross_neuron/MP033/attention_s12/history.json,4803,aa59456c0cdf196fd3d308e4d788084f206ba56cf7a24a536312c2de673361bd
experiments/2026-10-03_cross_neuron/MP033/attention_s12/result.json,280,2447cad813d53fbe547fc4dc1868390b6570012a88d76cfaec7fda132c5e40df
experiments/2026-10-03_cross_neuron/MP033/mlp_s10/history.json,4812,098032daee7930478a2027d09b63d47b231147c11ffc4c31c06344d1af60778a
experiments/2026-10-03_cross_neuron/MP033/mlp_s10/result.json,275,bb0315b28ef12238aec475a0878c028906628c3f11c986e011655a19ce868a39
experiments/2026-10-03_cross_neuron/MP033/mlp_s11/history.json,4809,e5741ca0b9b353d7e5d05ee0cb5e90827c56c119b22787da26e7d6a5dbac8bd0
experiments/2026-10-03_cross_neuron/MP033/mlp_s11/result.json,276,f28fc72905166986bdf0cb5c64a8cda018fb7041eaf1b478dc1a04fee6d7b932
experiments/2026-10-03_cross_neuron/MP033/mlp_s12/history.json,4813,9e640a4438465f873efd53f923094141065f538c8954278781a9e641ab3b9182
experiments/2026-10-03_cross_neuron/MP033/mlp_s12/result.json,276,e4f3fd3e545f7593cd4e3c7c29d6945b8bea5f7b413e60899df2d87ae50c8eb8
experiments/2026-10-03_cross_neuron/MP033/static_s10/history.json,4797,1fdfcf185bc1245929e539464467b5be4e800456b3114de8b64441d3ec08a191
experiments/2026-10-03_cross_neuron/MP033/static_s10/result.json,272,e9b9b8913f6b915ac7665bf5ce31799f648b2239c9aef3965525e3d9bda525a0
experiments/2026-10-03_cross_neuron/MP033/static_s11/history.json,4805,4e87acf951482cc5330e37006d93b2c267594d7a8ffee1437e47f33118323439
experiments/2026-10-03_cross_neuron/MP033/static_s11/result.json,280,d898af8d53d640cc65eb5a6a2f31faafa5825232628bd4be130e910d24903311
experiments/2026-10-03_cross_neuron/MP033/static_s12/history.json,4803,937f8c0f63136dabb66a04f42d50f191840085c0ff5dca0a77d86ef68865a97a
experiments/2026-10-03_cross_neuron/MP033/static_s12/result.json,280,c1f45ba3c9761a2d3c18eeae2e48c3538e8692a04857727dfde9d06f84e06f41
experiments/2026-10-03_cross_neuron/MP034/attention_s10/history.json,4806,d3a3e93d23b7d759cd970cc0c55915f2bc874c3c34f982bf06cf1d708f6fa452
experiments/2026-10-03_cross_neuron/MP034/attention_s10/result.json,276,d1abb1725eb6b7c3ae67be4f0a9ae9086f77d1d3bdb67156bdaddbc433ad04f0
experiments/2026-10-03_cross_neuron/MP034/attention_s11/history.json,4805,d8748c722121c1ff0e002ec8111353508c57dba6e710ec531a00d18c7b654c92
experiments/2026-10-03_cross_neuron/MP034/attention_s11/result.json,283,16992fe8354eb6bfcf9692af48eb3388d71c250b965759b8944bf33c9ef8840b
experiments/2026-10-03_cross_neuron/MP034/attention_s12/history.json,4803,0b36deca412b4d6238509a09410b6f62c3e5c99c78fe6c2b0aabebc0317d96fe
experiments/2026-10-03_cross_neuron/MP034/attention_s12/result.json,275,e8e2235602dd10efe852ed9eacbbfdbb0731860677bf541b9e4c967c7b3eea75
experiments/2026-10-03_cross_neuron/MP034/mlp_s10/history.json,4808,fc5e35ba1aa67646283a2e05b4d38c0df31a6bf00837830dec06e3dbb49551be
experiments/2026-10-03_cross_neuron/MP034/mlp_s10/result.json,276,614a2204d8097f232f8425830c8b55c68882bfb86fef99b33ff25e6aeebc66f0
experiments/2026-10-03_cross_neuron/MP034/mlp_s11/history.json,4807,ef94e6407f1bce656613cc87c6bf5994b261f23323a6ba7e15ef323e4ffcfe2c
experiments/2026-10-03_cross_neuron/MP034/mlp_s11/result.json,267,e50e78e6db1b9d49b9d689cfc2bcaed959eaf921efbce5a8ed1e74c82ad78d94
experiments/2026-10-03_cross_neuron/MP034/mlp_s12/history.json,4813,99df2518f8ec9cfe0d6edea8174e8f557d5110da668f95a7f06181508cff26cd
experiments/2026-10-03_cross_neuron/MP034/mlp_s12/result.json,275,87a50bd3439824bf18aba88897ce4d645f252b6bd2bfbe0bde0e7e125ad5f0e6
experiments/2026-10-03_cross_neuron/MP034/static_s10/history.json,4809,8512aba406c9a9612c6bb11e048e16c97ebe5d6dced9b2fea0a76be384c0b642
experiments/2026-10-03_cross_neuron/MP034/static_s10/result.json,282,0716933e95dac5dc3f3d2cf26b108c2dee54e40071bea1942389870a1ab50964
experiments/2026-10-03_cross_neuron/MP034/static_s11/history.json,4800,f1fd61bc2b7681dd476b8f5cf847787ff7e2d68f968e7b993926c29d5f1c2563
experiments/2026-10-03_cross_neuron/MP034/static_s11/result.json,282,6588afabed4f3ef1e094d272ccaade3bbf20de38ac413c4a96af5744dd4bb4d1
experiments/2026-10-03_cross_neuron/MP034/static_s12/history.json,4803,57111cd3be3370d8c4f9b777e83921c3e40aecbecc143280f38641580dfe063d
experiments/2026-10-03_cross_neuron/MP034/static_s12/result.json,281,049890af6f60d211153ba7c8961399c298a8324a53570d01390e9db968d04b27
experiments/2026-10-03_development_baselines/results.json,52807,ec43e4e20a05bf2117bdee88da6fdbf3d2c979d180761381e98118479f7d5f7d
experiments/2026-10-03_dynamics_baseline/MP030/attention_pretrain_s10/history.json,4805,70386db36bb0e5c121cf06c973eb37640b207651695b02f690549bc21e2a4f62
experiments/2026-10-03_dynamics_baseline/MP030/attention_pretrain_s10/result.json,459,6b29281979bf33a6dcf3195377c35d81771720b1c8118d0e90755a96d3c12966
experiments/2026-10-03_dynamics_baseline/MP030/attention_pretrain_s11/history.json,4802,96e243eaa29d42bcdbd35b8129343fdc78aeb97526bc1980fabe27296d67c02d
experiments/2026-10-03_dynamics_baseline/MP030/attention_pretrain_s11/result.json,460,795e6a3cd343fa49c3082d5054ba12dcec79917c6c95bf739e847cae4d48725c
experiments/2026-10-03_dynamics_baseline/MP030/attention_pretrain_s12/history.json,4804,7bcdf4a079efc79a2bc2ef64da71e748f2912c481267bf1be83ee4f38b6c7bf8
experiments/2026-10-03_dynamics_baseline/MP030/attention_pretrain_s12/result.json,465,43c80ac3c52900db584b60eca705c8926d62e566e118927c618605e06064d2a7
experiments/2026-10-03_dynamics_baseline/MP030/attention_pretrained_s10/history.json,4834,f5ac5e1d761cb647d5510aaf0548e2a62a97ec4def50b65db2c173743897ee98
experiments/2026-10-03_dynamics_baseline/MP030/attention_pretrained_s10/result.json,457,b2e716668c126fc08e19c2dc72beeba8c804e11c1951091fcbc0c9b5c40ac74b
experiments/2026-10-03_dynamics_baseline/MP030/attention_pretrained_s11/history.json,4835,2c5c4ff2567836203f575b1449841cb26a84a3e790ac05aef7ce406bcc6cfda2
experiments/2026-10-03_dynamics_baseline/MP030/attention_pretrained_s11/result.json,457,8bb7608cee7f5590114cccb3b8b96e755051e55fda3927aff573dca6c7007656
experiments/2026-10-03_dynamics_baseline/MP030/attention_pretrained_s12/history.json,4826,6b5ce927d74b2d4221687f53da7c9aec16536475435090b0162e489647302a81
experiments/2026-10-03_dynamics_baseline/MP030/attention_pretrained_s12/result.json,457,3b1d462c84ec289ccddc1371703d2316f4fa6baf6e3b1fff879fd1611447caf7
experiments/2026-10-03_dynamics_baseline/MP030/attention_scratch_s10/history.json,4826,ca9f76ce9d0591dce047c2ac8538c4d1eee5d9d65d68a0e2ef84b69b24e45d59
experiments/2026-10-03_dynamics_baseline/MP030/attention_scratch_s10/result.json,453,591cef8b60eea0c143dea2917827543c09a6a5cb5b32fb2b814fd5ca730c7c60
experiments/2026-10-03_dynamics_baseline/MP030/attention_scratch_s11/history.json,4818,210762fc55f562ee81e9ba22d076bc5e790e57109302fd1d205b8d05e272fb2c
experiments/2026-10-03_dynamics_baseline/MP030/attention_scratch_s11/result.json,455,8dde3a9bf8d7381b92b8924cf6a0bbf68e904f2f664b5db4c82ac60373f0f0b5
experiments/2026-10-03_dynamics_baseline/MP030/attention_scratch_s12/history.json,4814,9bf4e56f16d64c8fe5b31d8d143d269c98028650ddf0a5b2186bc3c300fa4573
experiments/2026-10-03_dynamics_baseline/MP030/attention_scratch_s12/result.json,455,0619e04df998d855c760c8391ce5a7e477c7ad095ce398acb353c2e8de0d3584
experiments/2026-10-03_dynamics_baseline/MP030/mixer_pretrain_s10/history.json,4794,58e956847d6526a87e9772004f2e600b58af5dfd5a4460941c6a384ee314dc6b
experiments/2026-10-03_dynamics_baseline/MP030/mixer_pretrain_s10/result.json,437,ab4398345ceb22391202f283793ef578753e067a57993cc30d8752ae52c23e21
experiments/2026-10-03_dynamics_baseline/MP030/mixer_pretrain_s11/history.json,4796,b8558e974e9fa1e9204a0ccf0252caf6b98ec73857a836363cb6ba2ef19cad5f
experiments/2026-10-03_dynamics_baseline/MP030/mixer_pretrain_s11/result.json,440,52cd57e7d003e7a86d648a56bbf169775c1c1edf53ed222827ecb90e8821ea8d
experiments/2026-10-03_dynamics_baseline/MP030/mixer_pretrain_s12/history.json,4800,b5a9e60a67fcadeac6cf940e8eb8e322d3d611e4c3499a07513ee5725f8e2929
experiments/2026-10-03_dynamics_baseline/MP030/mixer_pretrain_s12/result.json,443,c77db95f4d2245245887b14763a8b069c68175fb08edfc982d9186a1b51a4d74
experiments/2026-10-03_dynamics_baseline/MP030/mixer_pretrained_s10/history.json,4839,49f3cb9e76791ab05dafe2a33f922d705cab8b7cdd7520bd99050b966d106a64
experiments/2026-10-03_dynamics_baseline/MP030/mixer_pretrained_s10/result.json,434,6ae0112b365f37e32da67df521f62a59e74fe1e7aaf2b24238bc8fb86da90230
experiments/2026-10-03_dynamics_baseline/MP030/mixer_pretrained_s11/history.json,4834,d8b51a83891a79527ef94df68cb69e068d176e54dc86e1e5831e67b4c72a8d66
experiments/2026-10-03_dynamics_baseline/MP030/mixer_pretrained_s11/result.json,433,53461475099f9089630582bbe6a3f26bdd8dac07d225bfa08fa7a26147dbfa5e
experiments/2026-10-03_dynamics_baseline/MP030/mixer_pretrained_s12/history.json,4838,febf07d76cd2bed04c38a2124088bf06dc73868fa22b89f1e0d2212896af16be
experiments/2026-10-03_dynamics_baseline/MP030/mixer_pretrained_s12/result.json,435,178175d9c1a25a3a95e89b1985f733d5e7b678c3fffe3aa57adb33be69b7b720
experiments/2026-10-03_dynamics_baseline/MP030/mixer_scratch_s10/history.json,4835,ee6c67f4672bbdf91d27dd8e4d8eb59a931814a80aaa39afd492dc711321d46d
experiments/2026-10-03_dynamics_baseline/MP030/mixer_scratch_s10/result.json,433,39c2ea06d82eb55fd28a59769940e913c65a8e45ca9e4bf702788450bda72f13
experiments/2026-10-03_dynamics_baseline/MP030/mixer_scratch_s11/history.json,4839,41396bfb36ce6be2c9f4f899ea966c36cbc83c517531cdd87e46d0f9afb2f135
experiments/2026-10-03_dynamics_baseline/MP030/mixer_scratch_s11/result.json,435,c9ae81d2565358e696810b9365c636f2d9005ba52252fb83def72e7f357e04d6
experiments/2026-10-03_dynamics_baseline/MP030/mixer_scratch_s12/history.json,4836,f3fbb1f97f82824a7943ecda43ae4a7b6ff2fd811208bee4121ab6ec89b2b772
experiments/2026-10-03_dynamics_baseline/MP030/mixer_scratch_s12/result.json,434,bafdc037fcf2a4ffdc9b823ef5896838e9e0bf426da45d11f66eb6752a59c5af
experiments/2026-10-03_dynamics_baseline/MP030/pooled_mlp_s10/history.json,4827,e37166948c7ca6faf60c84c26811d324cc77de856001a0a8bf8578f38a0d9e86
experiments/2026-10-03_dynamics_baseline/MP030/pooled_mlp_s10/result.json,432,810626b2262cad794dc53a16b56d320a3b4e3d4042f498c18d874f0e81265d13
experiments/2026-10-03_dynamics_baseline/MP030/pooled_mlp_s11/history.json,4828,42da0a0e4fbcd5baa6f68c0c7c21d4b22cb3fe028b11b8456aa7d86db3a7f26e
experiments/2026-10-03_dynamics_baseline/MP030/pooled_mlp_s11/result.json,430,5b8296e384d3e3a4741d834b8ced6fa4db1df89246ecee217e2aa92ccf1dce51
experiments/2026-10-03_dynamics_baseline/MP030/pooled_mlp_s12/history.json,4823,6772f35e3b5621beeac5c31c57aaed46447df3702e4ee90d56c7225fe108b92c
experiments/2026-10-03_dynamics_baseline/MP030/pooled_mlp_s12/result.json,430,d47caed2539ad4b33b661206a7101be828de045079b48365856c15b9878f6a0a
experiments/2026-10-03_dynamics_baseline/MP032/attention_pretrain_s10/history.json,4806,54e12feffeb0873481b297761d6a90376e3bdfcf0c9eafbcadeb0cf31963e8db
experiments/2026-10-03_dynamics_baseline/MP032/attention_pretrain_s10/result.json,457,524c1f4771b5a2ddc2cda8aa3790563425a3a87af6968a01b01fd62b3d1c35c6
experiments/2026-10-03_dynamics_baseline/MP032/attention_pretrain_s11/history.json,4803,8755e0eb6622185ec42cb1f475c745f217185ce916e4cb37b49eb6a9028295da
experiments/2026-10-03_dynamics_baseline/MP032/attention_pretrain_s11/result.json,464,12365b0066bb6fce532bca5a27672884a9c546ddf29fd9305ec031827ce42379
experiments/2026-10-03_dynamics_baseline/MP032/attention_pretrain_s12/history.json,4801,768af941fddf104dba505e0d49befb665c4483452df280128b6ce325e5b9a661
experiments/2026-10-03_dynamics_baseline/MP032/attention_pretrain_s12/result.json,462,52842180fe54edebe8886fc97a1d7629ff4147a990082d9553c83f598bccefb6
experiments/2026-10-03_dynamics_baseline/MP032/attention_pretrained_s10/history.json,4869,d009897e1f215ced8bf51b6f3d345058363351b7159e66f2faadbc2a98652ba4
experiments/2026-10-03_dynamics_baseline/MP032/attention_pretrained_s10/result.json,454,cd4cb4cd2ed423d53b1aae3521744f066a42385e054017d6d943c251cb7893d8
experiments/2026-10-03_dynamics_baseline/MP032/attention_pretrained_s11/history.json,4883,859141e4f48b8211907a9ff3728cb648cefce93673422481450b0976ae1f38f9
experiments/2026-10-03_dynamics_baseline/MP032/attention_pretrained_s11/result.json,459,691705b5ff2e8910e365de7508419fb6c95544745aa46fd2d90a9662e045259c
experiments/2026-10-03_dynamics_baseline/MP032/attention_pretrained_s12/history.json,4882,c8c9b296b138ac171593b3f4bd8015fab121c7ef0eabfe45635a92ec00485ce9
experiments/2026-10-03_dynamics_baseline/MP032/attention_pretrained_s12/result.json,459,a4fe4ae2ee6828dab9febc32c1c183b62abcf2204b899b687b90935708f1a887
experiments/2026-10-03_dynamics_baseline/MP032/attention_scratch_s10/history.json,4871,0640cc4aaa529f148b7e331eb337170eb175458ef1bdcd346c474b68af6e032e
experiments/2026-10-03_dynamics_baseline/MP032/attention_scratch_s10/result.json,455,c514c5dac4c675bd6e2b84ef6d9cce0e0dbf31af552b7ed3b6fcd3a5864e67e2
experiments/2026-10-03_dynamics_baseline/MP032/attention_scratch_s11/history.json,4874,a3c4522bfd226d11dd02dbf08ac04c92dda89cd271d104e15dbb20a56718e65b
experiments/2026-10-03_dynamics_baseline/MP032/attention_scratch_s11/result.json,462,101a69cd20e7106a5b7be685f45b399f04a61a046b736eb2f72b859ab04cfdd5
experiments/2026-10-03_dynamics_baseline/MP032/attention_scratch_s12/history.json,4879,3183166ab7f00bb0c6086fa1587fd20011756a5a25a2f38e1e35ae6812f020ce
experiments/2026-10-03_dynamics_baseline/MP032/attention_scratch_s12/result.json,459,47f087b8032e862d9c0e9782381fefb65f6095a93a99c490fd2ffb03d99a0a03
experiments/2026-10-03_dynamics_baseline/MP032/mixer_pretrain_s10/history.json,4802,f5d7ec49cad857acdc205ad9906b7df3d2bdf8565e6b6d869328bf7b66d336f0
experiments/2026-10-03_dynamics_baseline/MP032/mixer_pretrain_s10/result.json,441,22ceaafab9c1fb8403edbbaf96f27a7d21c7375c9dcfd55ee2b167386050a34c
experiments/2026-10-03_dynamics_baseline/MP032/mixer_pretrain_s11/history.json,4808,069712fef2f924d5658543f464c29c9881aa9711fb58eea7fe053b8a7c26652e
experiments/2026-10-03_dynamics_baseline/MP032/mixer_pretrain_s11/result.json,442,249279e006d00a37fda87c7228f6401f9f9c206d2a21d908917ad972bc4e2a7a
experiments/2026-10-03_dynamics_baseline/MP032/mixer_pretrain_s12/history.json,4805,2936fe96c58b7fb1cbeb725add97885ee3e4300961bbcda04366cb4ece225836
experiments/2026-10-03_dynamics_baseline/MP032/mixer_pretrain_s12/result.json,441,71cb5086b7d12794fde5a846d55f7f1a5110174fc7294f2dc6f8ed714511a599
experiments/2026-10-03_dynamics_baseline/MP032/mixer_pretrained_s10/history.json,4880,ce5627eec691d5e863d10883ea088d860420a7a55cd13768544744e0869bf950
experiments/2026-10-03_dynamics_baseline/MP032/mixer_pretrained_s10/result.json,432,77fec94ec67e27bd27cddd2b999a47079ee6b705a70dea38152dbf3cb9f783b5
experiments/2026-10-03_dynamics_baseline/MP032/mixer_pretrained_s11/history.json,4895,5a00022a86cf54c2e60e89afb7e8a67bb4850e6b02b87869f9c08d37ab3ae3fd
experiments/2026-10-03_dynamics_baseline/MP032/mixer_pretrained_s11/result.json,437,92773ff200dc2cc7cefe8602597debec6692d4d28cfdb2fa883e791c4045cc52
experiments/2026-10-03_dynamics_baseline/MP032/mixer_pretrained_s12/history.json,4885,6d149beb468cc3b90bdfcff9743304bdf1c8ae53998668862544ace654c000f3
experiments/2026-10-03_dynamics_baseline/MP032/mixer_pretrained_s12/result.json,438,0aeebd0bf65881ed0f6a9406ce2981f38e1b71a8b1d8703054a14881c5352bbb
experiments/2026-10-03_dynamics_baseline/MP032/mixer_scratch_s10/history.json,4880,c67bba9c8447d21de74d02755a3a0e4c76eb79328d73afce5ed4b289977503f6
experiments/2026-10-03_dynamics_baseline/MP032/mixer_scratch_s10/result.json,436,d7ef991b8ab48cf1925e50c7b52563bfb8150773ba44b66abddaa749d6808945
experiments/2026-10-03_dynamics_baseline/MP032/mixer_scratch_s11/history.json,4886,19a79eec6f64e3635c8722adb91a8f9f211feeae3fc142668c51be7432c5f204
experiments/2026-10-03_dynamics_baseline/MP032/mixer_scratch_s11/result.json,435,af56359a8e4f7e5b431c1eea13229d52297af6f2d7963d564286dd3d71edb26d
experiments/2026-10-03_dynamics_baseline/MP032/mixer_scratch_s12/history.json,4892,a6eb0f8393bfa9799dcfa7c4a8266043b07688e4342011bb3a9650e55d4fdd40
experiments/2026-10-03_dynamics_baseline/MP032/mixer_scratch_s12/result.json,436,412e040039178f8b75222412aa36dcfad44f7bf12b06a6a7ffd3fe3c7e1ccda4
experiments/2026-10-03_dynamics_baseline/MP032/pooled_mlp_s10/history.json,4879,bdee1afaf01c50be0270c32b8137250981bfa067c4840f6583971393b44da1e4
experiments/2026-10-03_dynamics_baseline/MP032/pooled_mlp_s10/result.json,435,92953e2ec06daa330de91d0b1f9fe4913e9ead5f36c9f0bccc6263932e10096e
experiments/2026-10-03_dynamics_baseline/MP032/pooled_mlp_s11/history.json,4876,6d53efe24509f1f5d602a0a274d872e7c14bccc232ae1735d881ee6691b14bb2
experiments/2026-10-03_dynamics_baseline/MP032/pooled_mlp_s11/result.json,436,e0e0a0ca66e2e6241e5ae4b3414f09dd21604d45aa3d0dbbdd19e024f0dbcf56
experiments/2026-10-03_dynamics_baseline/MP032/pooled_mlp_s12/history.json,4878,ce0cfce9263191aa6516db864431735c9852f476539ba83ab147439ada579313
experiments/2026-10-03_dynamics_baseline/MP032/pooled_mlp_s12/result.json,435,2413e8548ef86bbb55a80c1b944c8afedf311f68394bdf88b16c3e344e244d31
experiments/2026-10-03_dynamics_baseline/MP033/attention_pretrain_s10/history.json,4798,85901f854e18b8debf4a958f84e844983cbd9903cb8baaa1ac442db8d3595f01
experiments/2026-10-03_dynamics_baseline/MP033/attention_pretrain_s10/result.json,457,652899881ba1c15e2bbfeaa8701c315390c4f6107c2bc8c7b5a90a9691505141
experiments/2026-10-03_dynamics_baseline/MP033/attention_pretrain_s11/history.json,4806,0876c81a05fa3a985e27cd6672b1ba1869ff440ec199349724490d48ce7156c9
experiments/2026-10-03_dynamics_baseline/MP033/attention_pretrain_s11/result.json,465,eefc58022709ba29baf6dab8af751fed8eb3754c357f391f5fb18c06f5e988f5
experiments/2026-10-03_dynamics_baseline/MP033/attention_pretrain_s12/history.json,4802,46133845e9f302aecc36d7bef9316f97da3c71c53a1ac26480f69e4881ebca94
experiments/2026-10-03_dynamics_baseline/MP033/attention_pretrain_s12/result.json,458,4288f1be83e05064703de081392300051dcecbbbe7758522340abbc1c2d79206
experiments/2026-10-03_dynamics_baseline/MP033/attention_pretrained_s10/history.json,4806,bc605d439d3bd4f30fbf95085f05b2f03de5f28164f81d8eecc41c0a979e97bd
experiments/2026-10-03_dynamics_baseline/MP033/attention_pretrained_s10/result.json,455,accb7516a448a2edb6ef475720d9195cf08e266eeb2323278ad73b6104e0a30a
experiments/2026-10-03_dynamics_baseline/MP033/attention_pretrained_s11/history.json,4815,3362a5e751fc76ff479df4f5498fb5e9e985dfca81a15f238a1a8eb1188f0ab0
experiments/2026-10-03_dynamics_baseline/MP033/attention_pretrained_s11/result.json,456,249679d4687d1cdd88656921a88c97ee39ed3dfd5b0385356efc05c995cf85dd
experiments/2026-10-03_dynamics_baseline/MP033/attention_pretrained_s12/history.json,4817,c64923af980f22e12e14ed5145c1f6cd1971189448360dae553541763ad852ba
experiments/2026-10-03_dynamics_baseline/MP033/attention_pretrained_s12/result.json,456,1ad80094b8b77d82a3f2a16b1cfd236948d5a221c2697353a10acb768913d6bb
experiments/2026-10-03_dynamics_baseline/MP033/attention_scratch_s10/history.json,4813,51c33c1cf226ae3ca841bc3a5a3d42a3b7c6bbebc5fe924e70dd3956d4b5846b
experiments/2026-10-03_dynamics_baseline/MP033/attention_scratch_s10/result.json,460,96f5fcdb45d0950cb7648f814f38cc8e399155708b7a6542d800e62a2cf124ad
experiments/2026-10-03_dynamics_baseline/MP033/attention_scratch_s11/history.json,4814,7030e7ca1d28f80a75705cfdfaf2515a7a2119416b1a2f44ddf0f29f9da6c4ee
experiments/2026-10-03_dynamics_baseline/MP033/attention_scratch_s11/result.json,456,be1e35b8738259fa374f716a1e2c827206265a6a40cdaec243aa2a17676e13fb
experiments/2026-10-03_dynamics_baseline/MP033/attention_scratch_s12/history.json,4818,09413966c5187334392ad1e9709486123d84fb1fa1ec84c3ba03cbfe1c172bd7
experiments/2026-10-03_dynamics_baseline/MP033/attention_scratch_s12/result.json,458,d738722df2627dc9a39b2510c8d10de99c309a89a8b9e7c5e8d681caf150f57e
experiments/2026-10-03_dynamics_baseline/MP033/mixer_pretrain_s10/history.json,4804,fb245f87bacb7830a576f9bdd11567b784d6185ebd3084c42c4a99410507921b
experiments/2026-10-03_dynamics_baseline/MP033/mixer_pretrain_s10/result.json,440,c35b0fa1fe81c59892091c7ee4df0b8ee58d0f42c9fe849ab46b1c4b36886812
experiments/2026-10-03_dynamics_baseline/MP033/mixer_pretrain_s11/history.json,4805,9f5b00a7bebd63603f72c837543fe3d2b78b3495f8f1613b6b9e928ffa063a24
experiments/2026-10-03_dynamics_baseline/MP033/mixer_pretrain_s11/result.json,444,e20819470abda845dd59c492066abc0264c1be651bb415b984e3c7e88e538340
experiments/2026-10-03_dynamics_baseline/MP033/mixer_pretrain_s12/history.json,4807,014c4dbdbf29a7794929f9852b51daa40ac44d8884591556c78578d87d111655
experiments/2026-10-03_dynamics_baseline/MP033/mixer_pretrain_s12/result.json,442,6f0b7a47d50e1b11fedc2250996b9190f12dbfaafeb14738b8bcdaab9c54d379
experiments/2026-10-03_dynamics_baseline/MP033/mixer_pretrained_s10/history.json,4820,77f04dcdfc0efbbb28a9defb696a7cad5bae1c1618f34feeba4dab11b0393186
experiments/2026-10-03_dynamics_baseline/MP033/mixer_pretrained_s10/result.json,433,7e623ecb0f80cad792bc388679647eccb215d26b9ecb51fb236f56dc5241b860
experiments/2026-10-03_dynamics_baseline/MP033/mixer_pretrained_s11/history.json,4824,09feaa107948682bc5a70a079418b87e200775f7bcdd7b4dc1a46d3997f1c44f
experiments/2026-10-03_dynamics_baseline/MP033/mixer_pretrained_s11/result.json,435,05afc1cd2d4813630bda33ccb42427c2949ad9de47fcf948d9cbe0bf6c436d51
experiments/2026-10-03_dynamics_baseline/MP033/mixer_pretrained_s12/history.json,4824,3396ce72ef7cc3f2ac69facb0fb8f2d679d1d788480347cb3d98f0d7bff7ce80
experiments/2026-10-03_dynamics_baseline/MP033/mixer_pretrained_s12/result.json,435,4da8162d9a2c4fca88fbccfc9e9e4895166046ce4707afc758c96a00f1d50df5
experiments/2026-10-03_dynamics_baseline/MP033/mixer_scratch_s10/history.json,4827,a1fd4686b48e935fd68b18a98b6887719f9114ca50f727f9fdfafc110086c641
experiments/2026-10-03_dynamics_baseline/MP033/mixer_scratch_s10/result.json,433,b38a9314e111b1b107b93ce7d838b0b3283c0264af0b1127ab95a84b813856be
experiments/2026-10-03_dynamics_baseline/MP033/mixer_scratch_s11/history.json,4823,31921578e3c727070f1499f62fbfcb8daddf9671e6e62492527aee04a1692f82
experiments/2026-10-03_dynamics_baseline/MP033/mixer_scratch_s11/result.json,437,c77c2b9cc8e93067fbfc9089e8a17dc299585250d4836213a94e378498ded2bf
experiments/2026-10-03_dynamics_baseline/MP033/mixer_scratch_s12/history.json,4823,e6c2224046ef5bcf9491fa7d07bdf7f7185154dbd5c017106f763c46152e0818
experiments/2026-10-03_dynamics_baseline/MP033/mixer_scratch_s12/result.json,436,9647c14c830092f55d03fd011ed3d7b26a30a5def88de5b46e7f119aa8854d82
experiments/2026-10-03_dynamics_baseline/MP033/pooled_mlp_s10/history.json,4821,8cdbacb94e055013dfce73e5b7f956f79136703dd8b53e745a4c95071e0c372c
experiments/2026-10-03_dynamics_baseline/MP033/pooled_mlp_s10/result.json,432,17d43a2a0d146902f9182b76cfd089faf616745ce6ea91a1d689d9c6f1c701c9
experiments/2026-10-03_dynamics_baseline/MP033/pooled_mlp_s11/history.json,4813,c90615346e74561554284e16c9fbd1dfadda923bb0e9bd5e369e241b753cd8e4
experiments/2026-10-03_dynamics_baseline/MP033/pooled_mlp_s11/result.json,432,c240d8f60718fdc927bcf3de83ef8e41d1b12db2a33c0e02fd6fc3d91412d249
experiments/2026-10-03_dynamics_baseline/MP033/pooled_mlp_s12/history.json,4819,0750d8c0fa2330c9f3416a7fd1f1234ac4aacbc66e14b48b5cd47245d53f5b85
experiments/2026-10-03_dynamics_baseline/MP033/pooled_mlp_s12/result.json,433,84b433b315b7cfbb2d421ac5129c0921b79da636312f0a8857cb1414f216f088
experiments/2026-10-03_dynamics_baseline/MP034/attention_pretrain_s10/history.json,4804,ef8094a1a4b3381c025b95f960271ad06c6bd913504e4ecc1838994b2f3c5384
experiments/2026-10-03_dynamics_baseline/MP034/attention_pretrain_s10/result.json,464,1b49e36fb80fd19817d84b135b7fab67e4116058f3bfa432165b09116866cfdb
experiments/2026-10-03_dynamics_baseline/MP034/attention_pretrain_s11/history.json,4806,da4c818bad7589c1860f5fd673a751592e357d3756c1544da8c5559abfacf4ad
experiments/2026-10-03_dynamics_baseline/MP034/attention_pretrain_s11/result.json,459,3f522620e84ff0abaa220d960034fa8a9c0a37e176c5ab393f5e7c904ed03564
experiments/2026-10-03_dynamics_baseline/MP034/attention_pretrain_s12/history.json,4804,7f95c7197a747767c174ddaf2066e7f61b2d183f41ca6f28f3cff08497c04b20
experiments/2026-10-03_dynamics_baseline/MP034/attention_pretrain_s12/result.json,459,034ad0e2f51279ce193c124dcc07c8320db4fe3c883349c8cee988290307abe1
experiments/2026-10-03_dynamics_baseline/MP034/attention_pretrained_s10/history.json,4832,bba6a79009d447329d9cb759e7d022262c26525c591d9782a81ed238f2dff54f
experiments/2026-10-03_dynamics_baseline/MP034/attention_pretrained_s10/result.json,458,920badb6241f302c59d01002fbc64cfe83978bad670b0bf4195f88041a86e475
experiments/2026-10-03_dynamics_baseline/MP034/attention_pretrained_s11/history.json,4833,6a4d1002f549a8466641c6b35f6b0f788a985dff3ccd9bebd0345d03dd97421e
experiments/2026-10-03_dynamics_baseline/MP034/attention_pretrained_s11/result.json,457,c03a9ce440ae28b451c4a4a986fff8f077589173af990b38f98f02eac418e662
experiments/2026-10-03_dynamics_baseline/MP034/attention_pretrained_s12/history.json,4826,7e68f2aab0d785cd8a6c7af8d55aebd127bff7c76c03189021f66a2369574a0c
experiments/2026-10-03_dynamics_baseline/MP034/attention_pretrained_s12/result.json,457,a560d945146be03fc261475c6b8fec6dd62af8774890c475d3329ae6be3d01d0
experiments/2026-10-03_dynamics_baseline/MP034/attention_scratch_s10/history.json,4816,c26a234d8090ab1e753c674ee12b24056e1b114ffe2cfa18caa1438640632e37
experiments/2026-10-03_dynamics_baseline/MP034/attention_scratch_s10/result.json,457,a8204fd3b7f675c5f10419f5b626af46b5495c1f9d5c754feb4e694a589f4795
experiments/2026-10-03_dynamics_baseline/MP034/attention_scratch_s11/history.json,4819,7666811f6e1b54ba91bf349c4f4683aedc28084cdcff0a4680673fe2c2555512
experiments/2026-10-03_dynamics_baseline/MP034/attention_scratch_s11/result.json,453,59bc8f22fc3042c0cae8c078baeff1db18e9f745845d4403079555a8d0cfbaf9
experiments/2026-10-03_dynamics_baseline/MP034/attention_scratch_s12/history.json,4826,36b05440493ca4bafaef971397cdfadf3ee9975b7e222543ce0fce40e2781a48
experiments/2026-10-03_dynamics_baseline/MP034/attention_scratch_s12/result.json,457,3e3c15609e25733a7def4463a834b2bab83948af5a4a4a29d85f11a9f924dab3
experiments/2026-10-03_dynamics_baseline/MP034/mixer_pretrain_s10/history.json,4803,b14bb2afa28cc40006ede2e1e37ad5220ab105a432e78bd15d3f2faa41987f68
experiments/2026-10-03_dynamics_baseline/MP034/mixer_pretrain_s10/result.json,441,bce25981c657ffaa84da6b65e95374eb3864a558ea351a2e467ae795bf461d08
experiments/2026-10-03_dynamics_baseline/MP034/mixer_pretrain_s11/history.json,4803,f632eab68d8092b88d75ba780f3268a533b2701dcd67ebc7a5150e77d10181ca
experiments/2026-10-03_dynamics_baseline/MP034/mixer_pretrain_s11/result.json,442,f0661781d0d726ec6e6edb45c607220da57ce3a523ca0ef9c9f7625eaacfd05b
experiments/2026-10-03_dynamics_baseline/MP034/mixer_pretrain_s12/history.json,4807,ef6cc799cbe4f2930eb90b6236a94b9fcdaa01c8664d0459b3aaac7f752359f3
experiments/2026-10-03_dynamics_baseline/MP034/mixer_pretrain_s12/result.json,441,9bbdb7244a5309e4d143de5339594520395a75394596f232b0a03ba6f9a13440
experiments/2026-10-03_dynamics_baseline/MP034/mixer_pretrained_s10/history.json,4838,32033e175933a31b47ce55acb43d5c2aca535a42ff92481777068a3fc146d6e8
experiments/2026-10-03_dynamics_baseline/MP034/mixer_pretrained_s10/result.json,432,d594bcf1b5e06841135bfa810c6ddeed39386236bdb0c8dd64339ce3ca4e3a63
experiments/2026-10-03_dynamics_baseline/MP034/mixer_pretrained_s11/history.json,4837,99d6af4478adae947b27e349b8e7d33096ebc4330e8ac32140c2ff3277454051
experiments/2026-10-03_dynamics_baseline/MP034/mixer_pretrained_s11/result.json,434,dbe392ab9bbc7589927bced9be97d16bf8bd419e0711704c03be12f0728cf633
experiments/2026-10-03_dynamics_baseline/MP034/mixer_pretrained_s12/history.json,4842,b548a3174f3006169c0c62312de7049b4af8abdad43428fcb01992cad43e9943
experiments/2026-10-03_dynamics_baseline/MP034/mixer_pretrained_s12/result.json,435,f1000970559953b1ffd99c8cc129850402ce9e6fc3e1ae3c65dc4bf59742b8ae
experiments/2026-10-03_dynamics_baseline/MP034/mixer_scratch_s10/history.json,4839,f874dfeac982b2dbf3a5ed53becdafd968b753c6ff19638d7995c31e37eaec1e
experiments/2026-10-03_dynamics_baseline/MP034/mixer_scratch_s10/result.json,434,aaaef2a480ec460996071ec476ed159d757d0b87c60e4346df680d39d6882e87
experiments/2026-10-03_dynamics_baseline/MP034/mixer_scratch_s11/history.json,4838,497d14e8d328845cb2ba6498913ed1a3b5a9a342e9c6ed36df5231cd31b163f7
experiments/2026-10-03_dynamics_baseline/MP034/mixer_scratch_s11/result.json,436,89ee6c9eb9cf5a45670b936003e59799317ecc7192752a1980285b2a444df36a
experiments/2026-10-03_dynamics_baseline/MP034/mixer_scratch_s12/history.json,4840,2770c1cf24d4b8b8b4baf5706ac94ac1bfb8e6c399c4357fd752131cec3d7e02
experiments/2026-10-03_dynamics_baseline/MP034/mixer_scratch_s12/result.json,434,cb8381f3c2b058e674a1b7e1bab775607b949fc5bfa4519abba85382027d51a8
experiments/2026-10-03_dynamics_baseline/MP034/pooled_mlp_s10/history.json,4823,4f9fcc9b3a33da1deeb5953174105c834df200b5c23c665790a35109afd149f9
experiments/2026-10-03_dynamics_baseline/MP034/pooled_mlp_s10/result.json,432,5e8a2f035ef8ccca3ca86e5ed55773c11dd88f2b5e3c8afbb4b638d8a29ef065
experiments/2026-10-03_dynamics_baseline/MP034/pooled_mlp_s11/history.json,4822,8e852a28669a0c9e3ecfba3b1539aa104bd3682314707e72c65da4b9db5a0758
experiments/2026-10-03_dynamics_baseline/MP034/pooled_mlp_s11/result.json,431,a29a37d8f39f33e0e4d4f2adb51e367dab532ae2fc9b8cb2bd73bff5789dfb9c
experiments/2026-10-03_dynamics_baseline/MP034/pooled_mlp_s12/history.json,4823,0fe76475e504705d1fef056a180f79479cc4c037a27592356bad5bd13f53bec9
experiments/2026-10-03_dynamics_baseline/MP034/pooled_mlp_s12/result.json,431,f47f1c1cc23a83582ca154048beb14654804610469f351e6a70053b899b91e8f
experiments/2026-10-03_dynamics_baseline/results.json,25675,f227a7712bfbce47c4ab15ec8b18edd0fc6e0690fc84eb0d64560e4c16f49d0e
experiments/2026-10-03_fair_comparison/MP030/pooled_mlp_r0_s10/history.json,7310,cbe59ea31c00b4c6acdccb48cdd6f13f6d356b36b8cf82fed2b066c05a57c6fe
experiments/2026-10-03_fair_comparison/MP030/pooled_mlp_r0_s10/result.json,2365,fdecfb9091aec938706713e2b633a4d9a81f2fa95a8a593c85748fb09364a892
experiments/2026-10-03_fair_comparison/MP030/pooled_mlp_r0_s11/history.json,7308,b47a7a0ae6388ed8b79278ed00913947f3c45d94466f72b783c82d084eb35a5f
experiments/2026-10-03_fair_comparison/MP030/pooled_mlp_r0_s11/result.json,2365,75706edc2f047c275c0959d4386bdf6c819e80bf01b14cf44945a438f9ea2627
experiments/2026-10-03_fair_comparison/MP030/pooled_mlp_r1_s10/history.json,7314,3fdf1673e4d748b20a6be4644b3a92e86ededf461749c34da6d7978082f84cb1
experiments/2026-10-03_fair_comparison/MP030/pooled_mlp_r1_s10/result.json,2367,20a24aaff1e110a9064865288ef12441ce196d5beb25dd9e22b2c1deebe72ab0
experiments/2026-10-03_fair_comparison/MP030/pooled_mlp_r1_s11/history.json,7295,0904c2aa717a19822a070515896b123e12534943d4cb6690094b8f7888ff8e89
experiments/2026-10-03_fair_comparison/MP030/pooled_mlp_r1_s11/result.json,2367,a9197b7ab5151116d53dc4290a979612696c6e31176ec95a1aeebfe9a5e045b1
experiments/2026-10-03_fair_comparison/MP030/pooled_mlp_r2_s10/history.json,7281,435e91f403435c82a72f3a0ab44dc1ebb93c514acb432b97e2f4f63c86e377e5
experiments/2026-10-03_fair_comparison/MP030/pooled_mlp_r2_s10/result.json,2359,43bb0b222c90002ed578a3c3e4737f9b6a96ad935bf4569884c8581555a35cac
experiments/2026-10-03_fair_comparison/MP030/pooled_mlp_r2_s11/history.json,7295,6f4b112de62f115e2dd91e1f2afe927ce52e4d6e509c7c62ac8cafd78a717a54
experiments/2026-10-03_fair_comparison/MP030/pooled_mlp_r2_s11/result.json,2364,3be546ea29c2994fdc3731ab9b3a88a6e67ca5ec6cbbc3548cae384faf6b6e1a
experiments/2026-10-03_fair_comparison/MP030/pooled_mlp_r3_s10/history.json,7297,3538ed5c363d4150907ad651df3d091c72f5457fe54c31e61f89fa88ac9511a2
experiments/2026-10-03_fair_comparison/MP030/pooled_mlp_r3_s10/result.json,2361,24595b34a19b6cb5a664c5c4a857932b5bc8ba2da497bb07415f10ee28562a86
experiments/2026-10-03_fair_comparison/MP030/pooled_mlp_r3_s11/history.json,7278,f47fad8bcbfd559ea423f1c76663767e07321feb374abeda849f0e86a56bbee1
experiments/2026-10-03_fair_comparison/MP030/pooled_mlp_r3_s11/result.json,2364,78d91a0f7c1e305c790594896c96c33fda6c5878531c25a8f423eab3d604e3c7
experiments/2026-10-03_fair_comparison/MP030/transformer_r0_s10/history.json,7270,cddc33ee2fa4819334c0e2c435c16e237e3eab88e3904c85a8c0f663fd738fca
experiments/2026-10-03_fair_comparison/MP030/transformer_r0_s10/result.json,2638,0c300227bccfce800eb711e1a8ea20c21503dbb4b8279396f358a19722f7736d
experiments/2026-10-03_fair_comparison/MP030/transformer_r0_s11/history.json,7284,77f0f96d000c447233b3fc56d4566af6ffa73fc9a662a19bbfd7a09eb7e43148
experiments/2026-10-03_fair_comparison/MP030/transformer_r0_s11/result.json,2638,19c892b63ba02ed454beed2fd2ed95c521aa6bb7e2114ce2b9a3a832de4f52f1
experiments/2026-10-03_fair_comparison/MP030/transformer_r1_s10/history.json,7273,6ee9be2bce40b1e32996196fa1b48b05e40fbf7605695c2cb505fb0f4796416e
experiments/2026-10-03_fair_comparison/MP030/transformer_r1_s10/result.json,2640,776e0e4c93e0e6e89936398d9da45767d4f5b9c4759e92ae8bbc7b2cc7543464
experiments/2026-10-03_fair_comparison/MP030/transformer_r1_s11/history.json,7295,911f143f3b6adcaee654b0ccf11406fdeddeb91f16ea6a32dc99c4bf4c3c62a9
experiments/2026-10-03_fair_comparison/MP030/transformer_r1_s11/result.json,2639,d703e46c525e7ef8930b7ee2d17f22081973f1e1706c3a77e524b81796f34819
experiments/2026-10-03_fair_comparison/MP030/transformer_r2_s10/history.json,7258,d305163d5429dcfcbfdbbfc1190477c1ab35819179fb4c6240d4338c9cef443d
experiments/2026-10-03_fair_comparison/MP030/transformer_r2_s10/result.json,2640,8735d556cbecd2b06843ddffc661a45b56fd265d4b5490ebbeae3552d15d454c
experiments/2026-10-03_fair_comparison/MP030/transformer_r2_s11/history.json,7278,534f7979af9b08603d9ccc8604f223be147d72f128e26bb2d5351f4d5fb4110f
experiments/2026-10-03_fair_comparison/MP030/transformer_r2_s11/result.json,2641,d6babde63b5b36f132e4a746b397c51279044e30904cbf1bb4e978cfa9a3deb8
experiments/2026-10-03_fair_comparison/MP030/transformer_r3_s10/history.json,7260,2a059e2308d59c25be595f7746b37f7057cb5dc7badc30fb7ede5b6632681733
experiments/2026-10-03_fair_comparison/MP030/transformer_r3_s10/result.json,2640,b9bfbc74f91d73063ca0cc48c5fdcd379e878204e7ba20aab69ef8aef84f53c8
experiments/2026-10-03_fair_comparison/MP030/transformer_r3_s11/history.json,7282,46d2480f1c6654d69cee1b8e6edc70dd7d4fbe32a226842beec2ea959d2260ca
experiments/2026-10-03_fair_comparison/MP030/transformer_r3_s11/result.json,2639,1e8c488b6b7f9c8d669f9f350ff1b6511921898779a9cc51e0dc26a6d09c3c53
experiments/2026-10-03_fair_comparison/MP032/pooled_mlp_r0_s10/history.json,7423,c9ac4da53bbc4b952006fc2a17100573b262040943b20be540c4c220e672448d
experiments/2026-10-03_fair_comparison/MP032/pooled_mlp_r0_s10/result.json,2366,12599b2101a3fa723ca6a007d4cadeb0d9caa2bf7c9948dfcc289f3e04005ff4
experiments/2026-10-03_fair_comparison/MP032/pooled_mlp_r0_s11/history.json,7380,e0862262b96cfc9948643afa5be472782a0d87c85a84621aba8d9067be80ded7
experiments/2026-10-03_fair_comparison/MP032/pooled_mlp_r0_s11/result.json,2365,d692b630a193a4124489139c041565a53a843e019dc206201f8cbb3bc189583a
experiments/2026-10-03_fair_comparison/MP032/pooled_mlp_r1_s10/history.json,7417,118d7f6a58893b9c95c782028f823033d4e7da07f95286907e1a9c7e95909cc4
experiments/2026-10-03_fair_comparison/MP032/pooled_mlp_r1_s10/result.json,2364,f74af2d8f6626f9f54f52f0a3eb5294bec02a4a7512bbc45825b024fc730b649
experiments/2026-10-03_fair_comparison/MP032/pooled_mlp_r1_s11/history.json,7383,6154063eca80eaf65a25355fe01675b525ed279f88c6c080d0cb95f8d1e1e4b3
experiments/2026-10-03_fair_comparison/MP032/pooled_mlp_r1_s11/result.json,2358,4f9e4e2ee6ba3d3dd569812343e25639fa37a02105912aed1dccaafa233ae8b5
experiments/2026-10-03_fair_comparison/MP032/pooled_mlp_r2_s10/history.json,7386,c245779c9a6c8272eef0ce4c13435a2330b7b99d538802af5f7c47e0d18ac2a8
experiments/2026-10-03_fair_comparison/MP032/pooled_mlp_r2_s10/result.json,2364,012a5dafe4defdd29305f960c7db0ce3573f86e538553e3320fe2da4ce2a561c
experiments/2026-10-03_fair_comparison/MP032/pooled_mlp_r2_s11/history.json,7350,9f7443a5824d07f86da7d66ba0801c30f8e56a0abd5b6294d36e9573fac53c3c
experiments/2026-10-03_fair_comparison/MP032/pooled_mlp_r2_s11/result.json,2362,a61dd79f85ac8e9e35839455fcab0a572c34947a3144c1510dc76fd28d590cce
experiments/2026-10-03_fair_comparison/MP032/pooled_mlp_r3_s10/history.json,7380,a6122888025d5dcc25d3b218834f5a8d70a7963a31ef5ffb550cc4e0d2611065
experiments/2026-10-03_fair_comparison/MP032/pooled_mlp_r3_s10/result.json,2357,74d25f53a5d0da53369b1d0c21843eb52b8afc2070faf544a50b6810833280fe
experiments/2026-10-03_fair_comparison/MP032/pooled_mlp_r3_s11/history.json,7357,6852d13e01bd172fced5dc8709499b6a6fcd3b77ea13fe62d098ea151ea4cd84
experiments/2026-10-03_fair_comparison/MP032/pooled_mlp_r3_s11/result.json,2363,7bb3849b85e422298c6f60546de5c93050df2e23446b7a5a6ee76df86c244544
experiments/2026-10-03_fair_comparison/MP032/transformer_r0_s10/history.json,7359,3f7e3d5c64af49db2d1f84b33f6ad92d4e57ac3071fb89ab9eec5f067ade75b7
experiments/2026-10-03_fair_comparison/MP032/transformer_r0_s10/result.json,2639,12ddf1b45871b0d04f09af81f43f945bfea1079d0424aa8978a7911ddd930351
experiments/2026-10-03_fair_comparison/MP032/transformer_r0_s11/history.json,7370,1267711dfb426b4b6599cb04cd078c158e2efb083d19ca7b977c346ca28cfcfa
experiments/2026-10-03_fair_comparison/MP032/transformer_r0_s11/result.json,2640,575e8dfabe585a46558892469de667b2cde1d24867e9336aa26de0495ea82538
experiments/2026-10-03_fair_comparison/MP032/transformer_r1_s10/history.json,7355,37932e37174fcd3345a8c47be2811cd6251500ba728c014d0a748282779caab9
experiments/2026-10-03_fair_comparison/MP032/transformer_r1_s10/result.json,2647,1e60cc73bbade9bfd56e77cf9a42295b25fadedd1efa7a1b5f55fe1e371b7458
experiments/2026-10-03_fair_comparison/MP032/transformer_r1_s11/history.json,7360,b5e9185042ff2d1996645885a51215f35291c349d00d10797a9ac6134a762a09
experiments/2026-10-03_fair_comparison/MP032/transformer_r1_s11/result.json,2641,96cb9ea31eb08fa6c53038cab7fcffb9f513d905a9bb46b55156f797153f8682
experiments/2026-10-03_fair_comparison/MP032/transformer_r2_s10/history.json,7323,9b022e3bc3be54cad17a4c81eec0edf4d7b1f318716c19c3022de7a58d666bce
experiments/2026-10-03_fair_comparison/MP032/transformer_r2_s10/result.json,2649,2752a31b09dfe1e15a05fed3854721575837412cad587e35cbd9fc78b5e655e0
experiments/2026-10-03_fair_comparison/MP032/transformer_r2_s11/history.json,7337,ebfca23c5f61f666851481b83dfb36d647c7c25ac9c97945289e1ad1367c7d5d
experiments/2026-10-03_fair_comparison/MP032/transformer_r2_s11/result.json,2647,3ac2299ee1ac35fee86a76d2aed53368a66fdd00a66cced014b9a222075a3dc2
experiments/2026-10-03_fair_comparison/MP032/transformer_r3_s10/history.json,7318,0ac1cf7ac022cb848b7c053a38b7bb1f56636a9c4813d3fd2e26ee3c8a2e640e
experiments/2026-10-03_fair_comparison/MP032/transformer_r3_s10/result.json,2650,61ccf4d18655363a0422f89f338d5b9f5f8bf99d547be3f4cf0dc2ba654aed09
experiments/2026-10-03_fair_comparison/MP032/transformer_r3_s11/history.json,7344,b6a94401d6733fb390d54c44d5339421fd3f56119a81a8f286e796c30a8d311d
experiments/2026-10-03_fair_comparison/MP032/transformer_r3_s11/result.json,2646,0fb9173f0da790a34e67b3439c8f11832e3a7c48dfeaba439a75713dd5c1cdf9
experiments/2026-10-03_fair_comparison/MP033/pooled_mlp_r0_s10/history.json,7275,f8b014e7aacc75406f3c3f35c16bba8775fb741c8dd1e42106a74104e7cfb56e
experiments/2026-10-03_fair_comparison/MP033/pooled_mlp_r0_s10/result.json,2362,2c4b078cce773176fa898d0842cb0db51619af4f69cfef7b3bf8861dfc96d81a
experiments/2026-10-03_fair_comparison/MP033/pooled_mlp_r0_s11/history.json,7270,aa679e11698f8b8bc71e3761e3f6c8f971f772bb5688328010b7638b88aa0013
experiments/2026-10-03_fair_comparison/MP033/pooled_mlp_r0_s11/result.json,2357,ca9a6dc6c793b357df19b32b6964b557a65bd52970f1b8a0614a8bbb69b5a806
experiments/2026-10-03_fair_comparison/MP033/pooled_mlp_r1_s10/history.json,7270,cb738df0781d0b040bab2376fba45870b6e4963abe108d8b33e30e1df01ba937
experiments/2026-10-03_fair_comparison/MP033/pooled_mlp_r1_s10/result.json,2361,3d4826aac51e6467db91395204dff3e79ab4f80108f948d4f9ee82aa2a12bd02
experiments/2026-10-03_fair_comparison/MP033/pooled_mlp_r1_s11/history.json,7282,7247f10f74d4bc7f9a8f96178cb00586fcada8ea547a75c2020596a74de33766
experiments/2026-10-03_fair_comparison/MP033/pooled_mlp_r1_s11/result.json,2360,7b8d583c8d59286f1d1969d6db235c73e92b0dbaa26763e57cbba74974974ccf
experiments/2026-10-03_fair_comparison/MP033/pooled_mlp_r2_s10/history.json,7272,18450ffd82632da9896212f0e3d170ec3b9744d204f95abc74dad97c25eff337
experiments/2026-10-03_fair_comparison/MP033/pooled_mlp_r2_s10/result.json,2362,8eb3396229d2df9da09b6699ab44883ae10b2404cf509b619b641eaee54aa992
experiments/2026-10-03_fair_comparison/MP033/pooled_mlp_r2_s11/history.json,7274,978ccfc3fe225db1231d7e94ed76aaedcab38fe1807b381cdff766c6e9f17f7c
experiments/2026-10-03_fair_comparison/MP033/pooled_mlp_r2_s11/result.json,2362,d3aa30c8a4f7f948a2724cb52d85358c8197b92ac2947ca3a5592f5491d86836
experiments/2026-10-03_fair_comparison/MP033/pooled_mlp_r3_s10/history.json,7268,011da13dc9bb33a7f662ddb19fdb71d27e368ad2e1dbe13c28bb61977bf4bf24
experiments/2026-10-03_fair_comparison/MP033/pooled_mlp_r3_s10/result.json,2360,7cd61c44e024163d78bdbac8fbcd7352921135055d1d9f642e7bf9d903a4767a
experiments/2026-10-03_fair_comparison/MP033/pooled_mlp_r3_s11/history.json,7283,ac281489fdd56b2effc0272237d2dbbc89c5f43af944efb4a652598fe48cde62
experiments/2026-10-03_fair_comparison/MP033/pooled_mlp_r3_s11/result.json,2358,88ca16337b527a4f93af1a8bbb817996d55aa1740b22c60cd3346ce8dc197eac
experiments/2026-10-03_fair_comparison/MP033/transformer_r0_s10/history.json,7265,786a5d4d5d00b6809dcd2a3585b77f320ccef001b66bbd82d985016b57a94404
experiments/2026-10-03_fair_comparison/MP033/transformer_r0_s10/result.json,2633,a8166496ed5573857a659db1fc22228bc47f8eeca4195f9b8e44336d06a4e998
experiments/2026-10-03_fair_comparison/MP033/transformer_r0_s11/history.json,7256,54ad31706942dfb69938e4cb638b67b0ac0f8e037f1de29fd8669f7add14c850
experiments/2026-10-03_fair_comparison/MP033/transformer_r0_s11/result.json,2634,67db61e1c845435dbd11915b389bbd8175042657e137d2b12fbaa57669aa20e0
experiments/2026-10-03_fair_comparison/MP033/transformer_r1_s10/history.json,7257,16d407e02615d88e1dae9b766cd83b19f678be44fdbe77659a71c8e3a9dd9f4d
experiments/2026-10-03_fair_comparison/MP033/transformer_r1_s10/result.json,2641,5a57013fd86c0545ea157c6b0d851c1870c32117f65c7c7099930a1900f88464
experiments/2026-10-03_fair_comparison/MP033/transformer_r1_s11/history.json,7270,f354494de1df4d2ca453ff9b1e7b06014f614b86f1d8d66e77a55d86349a9021
experiments/2026-10-03_fair_comparison/MP033/transformer_r1_s11/result.json,2637,ea6ef99c6f99539029fe564ec3e2b5c3a2aff5b22b0d46a17ff28ad3f41c102b
experiments/2026-10-03_fair_comparison/MP033/transformer_r2_s10/history.json,7249,764c5507f4d4fda9e5d9f605380a7b4ce8bbc4e4f2be51f702c043031f56a6d7
experiments/2026-10-03_fair_comparison/MP033/transformer_r2_s10/result.json,2638,567c075203e6300cbfa9b58cae5e575fcbb5fdb650f08228a3512ddf973e707a
experiments/2026-10-03_fair_comparison/MP033/transformer_r2_s11/history.json,7253,b6642d3c5a5ecc72ef7e4871621734caf01284b811f4e26038b8b723065d7da1
experiments/2026-10-03_fair_comparison/MP033/transformer_r2_s11/result.json,2644,559b9fa52ff6cc648d1efcd04302b17874b3c75f31bd2190bbc190d72a4a533d
experiments/2026-10-03_fair_comparison/MP033/transformer_r3_s10/history.json,7248,cb429d3cd6a07f72b094c72c0c3acbf340cd622d180ed93b822fadb5b2bf722c
experiments/2026-10-03_fair_comparison/MP033/transformer_r3_s10/result.json,2638,1b9cddd5b92b6eb2965104a281411fb36252d290df4ca498aff2e291f06d2837
experiments/2026-10-03_fair_comparison/MP033/transformer_r3_s11/history.json,7249,de74162ae8e140bd837474781367ba83730bc099e4763f574a493b038a6e30cd
experiments/2026-10-03_fair_comparison/MP033/transformer_r3_s11/result.json,2641,2fc8e14c4d9296a97003a718060b4ceefc7c0f018cdff6def6ec0b9f76929cff
experiments/2026-10-03_fair_comparison/MP034/pooled_mlp_r0_s10/history.json,7266,7b4d12e31e557f18d78a564882f0a6ea1bfea4217369adb3a885cd20fdf57389
experiments/2026-10-03_fair_comparison/MP034/pooled_mlp_r0_s10/result.json,2364,4e05adb2f9af1fa7d00430562faa2a1b72057b6e6ccc7feb447b56588d8b236d
experiments/2026-10-03_fair_comparison/MP034/pooled_mlp_r0_s11/history.json,7287,7eeb5ee89b289ffc25e02bd4502c1633fa0d0ed3604cc2db123e6933f750222e
experiments/2026-10-03_fair_comparison/MP034/pooled_mlp_r0_s11/result.json,2363,c90021b2815e63f6d5cb20f9ce43ab3999e5c5b7ebd721a1958bb851e8e9ac40
experiments/2026-10-03_fair_comparison/MP034/pooled_mlp_r1_s10/history.json,7276,5274aadafac0e93ab535a770135f7e8ffb03b4f53fd79995be78cc617820c8cd
experiments/2026-10-03_fair_comparison/MP034/pooled_mlp_r1_s10/result.json,2364,b826172a4f28ad42b6331212d1f003ffe92464158a2974f06e4c7557b5bafc9b
experiments/2026-10-03_fair_comparison/MP034/pooled_mlp_r1_s11/history.json,7277,67dd7d717700fbe689e3b39a0db242e5ba956c07af63ed4d8ee9edc5de32940d
experiments/2026-10-03_fair_comparison/MP034/pooled_mlp_r1_s11/result.json,2366,c59f4de9dd40285627f5f50b1a8ae1f1e6707df19cd5a479dfbdceb11fc349f3
experiments/2026-10-03_fair_comparison/MP034/pooled_mlp_r2_s10/history.json,7239,3ba32fc7e0924c1bf77da63fd990fe46390df40cdbf513895b77aa9e91f5b6bc
experiments/2026-10-03_fair_comparison/MP034/pooled_mlp_r2_s10/result.json,2362,b0ad43d418e14fdaa454ad9bfb2bcd4e5dea6efcf15e5fc893fbea5eedfbf6d4
experiments/2026-10-03_fair_comparison/MP034/pooled_mlp_r2_s11/history.json,7251,3b0955418e63cbb9dc382618d6cfe0f80cfb5e87ce3f63f3260f1a97224d2c0c
experiments/2026-10-03_fair_comparison/MP034/pooled_mlp_r2_s11/result.json,2360,28d565be15a2bfba95395aef837f79306c4306790a00b48d725d8e92e7ada15b
experiments/2026-10-03_fair_comparison/MP034/pooled_mlp_r3_s10/history.json,7257,7a13840f12c62b505e195a6404225d96637dd60638ad8974cb9fdfb7abb4142a
experiments/2026-10-03_fair_comparison/MP034/pooled_mlp_r3_s10/result.json,2363,982dcedfc11c248bc303c4a7d55ce29461d597b078a31e58b17f9ffca01fe90e
experiments/2026-10-03_fair_comparison/MP034/pooled_mlp_r3_s11/history.json,7250,cc987458ae2d745eaaddf179bf02ce1491fe0a31c78c94faf85c5eb70856ac3b
experiments/2026-10-03_fair_comparison/MP034/pooled_mlp_r3_s11/result.json,2364,1c0625562703b5dd43473f3744d13c5e56124519019877d2b3e07889c2ab991b
experiments/2026-10-03_fair_comparison/MP034/transformer_r0_s10/history.json,7255,bc5c28968932e4187f43d1fcf9b28382811b9660530943f054de8a0be2a2d6ae
experiments/2026-10-03_fair_comparison/MP034/transformer_r0_s10/result.json,2637,b5739c5b8296386bc96b310964dd97403b0cd244d4a4100ffa42e93dd875b171
experiments/2026-10-03_fair_comparison/MP034/transformer_r0_s11/history.json,7272,dbf188a38b71d23d442f9cfbdda758195b176a4f5641ca7a1272a805777487f1
experiments/2026-10-03_fair_comparison/MP034/transformer_r0_s11/result.json,2643,a077e07f6fbf04f5967e362cb9a279a25263b926a892d863764b4154d7d78cc7
experiments/2026-10-03_fair_comparison/MP034/transformer_r1_s10/history.json,7256,be50a2ef6542c3c3b408648243dc3123094ab8c751040db74166770453b9081a
experiments/2026-10-03_fair_comparison/MP034/transformer_r1_s10/result.json,2641,9f466744578c2ce04eb1c17372295366cff8bf9efd70cf20332f325989a44a14
experiments/2026-10-03_fair_comparison/MP034/transformer_r1_s11/history.json,7263,9765fba91d24c344821db892d3c016071f7899af6b7133a587bae65cb8502502
experiments/2026-10-03_fair_comparison/MP034/transformer_r1_s11/result.json,2633,c4bd0d0cc49c1644a32828be2423837fef99d1ec0fc135dc9ee8e6ba0fe6f9d8
experiments/2026-10-03_fair_comparison/MP034/transformer_r2_s10/history.json,7242,728d146f2ad8940c6d28696b267cc60ed2eed4b2905f434048a2558184605787
experiments/2026-10-03_fair_comparison/MP034/transformer_r2_s10/result.json,2638,dbc1a3a9c90005520c3f70c25842da8f72a4fc7831ca33d7abd6b3478d2b236b
experiments/2026-10-03_fair_comparison/MP034/transformer_r2_s11/history.json,7252,cd13e1f95537423001c0760d803775695da928f38940851702a7f8c743ca3a27
experiments/2026-10-03_fair_comparison/MP034/transformer_r2_s11/result.json,2634,a7cd0c618470935fe04284c1e8eaa90b9db34fd4c347987e674acb645f53b2dd
experiments/2026-10-03_fair_comparison/MP034/transformer_r3_s10/history.json,7236,f68551d3ea07c38399381d1bd8b0d71c1ea6a0aa309cdd7cfc611ac01a76b969
experiments/2026-10-03_fair_comparison/MP034/transformer_r3_s10/result.json,2635,ed652bd802d30152d4146eee7446834e2483437ad6f6165d16dbc68e1d8b1725
experiments/2026-10-03_fair_comparison/MP034/transformer_r3_s11/history.json,7257,0a952c7f2ac3f8bdf5d57acdaae3f0dcc008ea309b61f68069fa6f3c3ba64d30
experiments/2026-10-03_fair_comparison/MP034/transformer_r3_s11/result.json,2643,4bd29e657bb76ea09aeb364e2ea6b6362c6fc171b29eaac3f4ab47e8a793d774
experiments/2026-10-03_fair_comparison/results.json,32898,c82640789b8c65b358ad6438062e165442a3926436eb9dfae6e497b1da6efc76
experiments/2026-10-03_frozen_probe/results.json,9691,59a0ac369a34aca85173e0b588b2b34cfb74aeb6389fec461a5824bf9f93396e
experiments/2026-10-03_matched_mp032/f1_s10/history.json,49270,ddfc60380f83942ceea5620f3115f119edac45584431978480cf125bab446046
experiments/2026-10-03_matched_mp032/f1_s10/result.json,3440,33cb5fee395db9ae6c93344d248effd50cd78ca0a3a3ff35c159e484cb862872
experiments/2026-10-03_matched_mp032/f1_s11/history.json,49104,9debce0f8c6b13759781166ba603c36e1ecb051ddeff32a9e5cff1c720d8fb4a
experiments/2026-10-03_matched_mp032/f1_s11/result.json,3435,b385e65972b433c8d00cc83b26182c94821c40acf7384577fc9e8fb553893388
experiments/2026-10-03_matched_mp032/f2_s10/history.json,49126,177d3a90782ef9b6923df726a34badf0d2cc739951875224312fd5e7ed8b9cca
experiments/2026-10-03_matched_mp032/f2_s10/result.json,3370,1b148854a8c8934eea8dd76793b6f788b51ff830bf0d6cfab55a108999559935
experiments/2026-10-03_matched_mp032/f2_s11/history.json,49159,c86cc1737afd0f2355f979732bd98f15541b80115f97c39e2782487500a526f6
experiments/2026-10-03_matched_mp032/f2_s11/result.json,3435,53ddbe5be8372519a097c6fc7d1a73d88d401c92ef681f961f34a58e09792d9d
experiments/2026-10-03_matched_mp032/f3_s10/history.json,49139,801863b269c7f5d92dd9d07f1a59f8be112f9349c5de21aea2fe1f5b4c756018
experiments/2026-10-03_matched_mp032/f3_s10/result.json,3403,4315d75a1709185c9039a8c87d302d34d1f30c7eba8af7e00fd02b08bfddf15b
experiments/2026-10-03_matched_mp032/f3_s11/history.json,49281,3a95b044ae1fec58858cdfeff388e717860e0bfb6f6d60d96a86b747e726cac8
experiments/2026-10-03_matched_mp032/f3_s11/result.json,3438,d80cc0b937d447df8123ef5bab17434df8c3b73215fa903f64f96853430b5f9b
experiments/2026-10-03_matched_mp032/results.json,24040,aeb740d6c1c8c5955fbbcb47d5a05ca2dd1dbfc361fb611a9f542e9966de9403
experiments/2026-10-03_mlp_hybrid/MP030/attention_s10/history.json,9373,cb785b36202bb9aa427bb63684d5f8882e879865b4d714b4640af50f6b6581ec
experiments/2026-10-03_mlp_hybrid/MP030/attention_s10/result.json,325,25d35e062dc8ef986873bfeb36c828299ebd18020c7a25c39f415646ef0acb87
experiments/2026-10-03_mlp_hybrid/MP030/attention_s11/history.json,9369,689a8e92badd51f216618c9000ea06193b652c9dcc4a2e139362540e1f8f35d5
experiments/2026-10-03_mlp_hybrid/MP030/attention_s11/result.json,333,b92c4328806a7e73ad8bbbef4b445ca60f1a21b6e3662c132f3cda17dae565a2
experiments/2026-10-03_mlp_hybrid/MP030/attention_s12/history.json,9381,20b41b6dbd03381c9f5e4a7ecfffaa7d027ceec10b9561f9c46f8f18c01ca32e
experiments/2026-10-03_mlp_hybrid/MP030/attention_s12/result.json,330,c42453e831171375554b4eec83d876bc5d95729119ae2b31c97473d7a2e1ac04
experiments/2026-10-03_mlp_hybrid/MP030/extra_mlp_s10/history.json,9377,3f3038577770704ef84944e256f30d7d7054c11307c4928844388ecc6aa6f6ca
experiments/2026-10-03_mlp_hybrid/MP030/extra_mlp_s10/result.json,323,b395a5d449ee2d83b6dbc5786e2ed7ac05cc23e7e1c43f2c550602873822b9e4
experiments/2026-10-03_mlp_hybrid/MP030/extra_mlp_s11/history.json,9374,c9277ceaf3039bbb34c624abb49028a41c5e577f65f42d19cd7ca9b949b8b820
experiments/2026-10-03_mlp_hybrid/MP030/extra_mlp_s11/result.json,324,0589d96a515b5806173206ff3e0b4babb0efdfa10da4e4f19f0cab4eaa6babe2
experiments/2026-10-03_mlp_hybrid/MP030/extra_mlp_s12/history.json,9378,b1c2a2b1223accdfbaa5265caa955e1eac55b9448945beabc5bb68522e337a4c
experiments/2026-10-03_mlp_hybrid/MP030/extra_mlp_s12/result.json,322,0c3fe644d6c054d60c5624eff8e98a5ae8410ad24fbbe28bc2cc3419e213a648
experiments/2026-10-03_mlp_hybrid/MP032/attention_s10/history.json,9516,6dee0dc2bfc9a58564ea303b5eb3e5d11c9e267bd1830270006593f3771e7900
experiments/2026-10-03_mlp_hybrid/MP032/attention_s10/result.json,328,21e632f1fefdb3cc85749b95be0dbecff89f47251554517b7955a5369a8e35b7
experiments/2026-10-03_mlp_hybrid/MP032/attention_s11/history.json,9511,ceb5249be4d31ef978ec76528be30020e7d1d6a480dc7343d3e1359ed594e2c5
experiments/2026-10-03_mlp_hybrid/MP032/attention_s11/result.json,327,1a0207429d66402bb1fa8b5f39f16ecce957953bfb01a6d2b9c26462972802fb
experiments/2026-10-03_mlp_hybrid/MP032/attention_s12/history.json,9501,915f68a231b588dce962db47203295207d7b9e9a469fa10e381e39f1c006f685
experiments/2026-10-03_mlp_hybrid/MP032/attention_s12/result.json,332,948fe257956434b1c0874297b14dfd10912e9ccbce11f655c86ce1d61d467ddb
experiments/2026-10-03_mlp_hybrid/MP032/extra_mlp_s10/history.json,9481,5906e898a38c3215931ba38393b06abe621efd83ca75b1519fb72d9e652610a4
experiments/2026-10-03_mlp_hybrid/MP032/extra_mlp_s10/result.json,320,cad3999751efdbd4ac420461a4948a8e5f7df33126c9c5632165111f654e2650
experiments/2026-10-03_mlp_hybrid/MP032/extra_mlp_s11/history.json,9496,706b5f7cf1a06bb513d4b1bb51831548a0dcf6e2a44f587d1acac0e397ca6eaa
experiments/2026-10-03_mlp_hybrid/MP032/extra_mlp_s11/result.json,321,5798a409d850bf191b599afb8d797441e9161941b697adc135dcbb670f76621b
experiments/2026-10-03_mlp_hybrid/MP032/extra_mlp_s12/history.json,9478,da9fbe25ba2dc7d19776f2a30d3dff0ca1e1184c24d55fdd232148090f54613b
experiments/2026-10-03_mlp_hybrid/MP032/extra_mlp_s12/result.json,325,98baa77a61d25012d563e1f7540b726d8f8ce77376b3e049f7ecfe120f18a9be
experiments/2026-10-03_mlp_hybrid/MP033/attention_s10/history.json,9322,bcdef8b7d69df2ed1fddca1ce9847bf3a2b8fa960f6db7070ca8211fba9bb042
experiments/2026-10-03_mlp_hybrid/MP033/attention_s10/result.json,325,d35c503da5f658721c64ce9e5a3bc219eb6028e93496cc26904cb636f43979ea
experiments/2026-10-03_mlp_hybrid/MP033/attention_s11/history.json,9337,abdde0485353ac8b43935221571864a64af8dff0c668b8d761272fe5c4088ad2
experiments/2026-10-03_mlp_hybrid/MP033/attention_s11/result.json,330,b5e7a3cdf7676c912cf58f281d85ca5d9f8dea90ae11def4d34a3d5e2cad4402
experiments/2026-10-03_mlp_hybrid/MP033/attention_s12/history.json,9332,952441c2f122bfd07ad39eebfa632d0dd04e5621ee13f7895f8fe2adcb3cafdd
experiments/2026-10-03_mlp_hybrid/MP033/attention_s12/result.json,329,b954fe95e905ce765fc4c052f3df5980ea72d658b1c775eeb9ffb6dbe76023f7
experiments/2026-10-03_mlp_hybrid/MP033/extra_mlp_s10/history.json,9346,8812ee0d8aadf5a0d6ef65d7a5bae950a2e86c078da826f597bde9a816e3ea29
experiments/2026-10-03_mlp_hybrid/MP033/extra_mlp_s10/result.json,322,dc63619890652b0f9843a41340804b0fad063916795b25b473b03d3fc9e0d6eb
experiments/2026-10-03_mlp_hybrid/MP033/extra_mlp_s11/history.json,9338,e18b1420036ab5d3fc9ddff0b5495b9797c2e38c4905874965f309a7df09bd10
experiments/2026-10-03_mlp_hybrid/MP033/extra_mlp_s11/result.json,323,e342fcfc66ccec64f3bdcc1fdd430b8fa5295ab4b479493a140264c7dd72b415
experiments/2026-10-03_mlp_hybrid/MP033/extra_mlp_s12/history.json,9337,f5c16121aa61dc6de1e5bba4c7b1b8ace43f51e080082d2efcb31c59ca4d958f
experiments/2026-10-03_mlp_hybrid/MP033/extra_mlp_s12/result.json,322,951dee46a474eb071c5de1f15e5af8333c237a7ce8d3835d7bb7b2180fd02b6e
experiments/2026-10-03_mlp_hybrid/MP034/attention_s10/history.json,9316,6f6f8b73b623b623ab89f929ae61da76d78521e593c26d02dc82d34b61aab0a5
experiments/2026-10-03_mlp_hybrid/MP034/attention_s10/result.json,326,5b8ceb0137506e7af31c5eb823e97ff11bf7bf32889e93474f146d4a9d474529
experiments/2026-10-03_mlp_hybrid/MP034/attention_s11/history.json,9323,d414eb3cd199540853573299e6285bffe3fdf34548a2b6b3e9063f6d07c313ec
experiments/2026-10-03_mlp_hybrid/MP034/attention_s11/result.json,325,11cbbf75c7cbbb69f4ea77fbbb985657c621237f41b43b454b95fdfe427fffb4
experiments/2026-10-03_mlp_hybrid/MP034/attention_s12/history.json,9342,3d61ec67138270ef3349d8bb534d58e86bfccc39a1341e3af500cfa93f289a3f
experiments/2026-10-03_mlp_hybrid/MP034/attention_s12/result.json,331,88b001f6ebf32a71b137091ea2f232b0ab2c5c24a52aa22fddd1dd02fa048046
experiments/2026-10-03_mlp_hybrid/MP034/extra_mlp_s10/history.json,9321,cd4ba7af6cb1fc50f45da89bc369ef7e275c884dc99508cc8ed3f70401cb2b4d
experiments/2026-10-03_mlp_hybrid/MP034/extra_mlp_s10/result.json,322,5ef60f9b6a52570cd400407edc3cfdf755943916ec84c9b5d62813ef4fe73f99
experiments/2026-10-03_mlp_hybrid/MP034/extra_mlp_s11/history.json,9331,87bfb16d917bd9c4f551ea401c0c5b077661ee28ca817549e3f7183ab44c979b
experiments/2026-10-03_mlp_hybrid/MP034/extra_mlp_s11/result.json,321,232f9611570ebe68b683be21b3a664d81d0d69eea7f976cbfa9a314316240394
experiments/2026-10-03_mlp_hybrid/MP034/extra_mlp_s12/history.json,9330,20b25337c54c455038f078130df2611914164c189a64c56fc7d39b6ade4dad53
experiments/2026-10-03_mlp_hybrid/MP034/extra_mlp_s12/result.json,321,2eb32dd22e8fd19e3fa6887f8e95a12c5baf7c77513c0eba25cb93c2f70c34c4
experiments/2026-10-03_mlp_hybrid/results.json,39194,efda5aadfa789860978728c3388d2560a97c87d44e9642083e7c5b81a168a905
experiments/2026-10-03_neuron_readout/results.json,8629,9ff83e1eebe9ee6acbb185c40d37e01f13348b43db52425b33da7486fb1d7d41
experiments/2026-10-03_neuron_skip/MP030/attention_s10/history.json,4843,07e6ebb9a2252eeed96a06b48f336bd9b7f3a1d40ed5261bc427f3be5cb72bfc
experiments/2026-10-03_neuron_skip/MP030/attention_s10/result.json,350,affb0bad29b4dc0ec7eeaf4707ab6e3e7f961bb7b1692fc77072cdfb16b04a18
experiments/2026-10-03_neuron_skip/MP030/attention_s11/history.json,4837,bfec7456c70555ab7f5bad755bd6ba49f8530818a611f075b6937c2b5ddb7b72
experiments/2026-10-03_neuron_skip/MP030/attention_s11/result.json,351,73a4405fdffead590d576ac18e7c389659da7e90e6c52b2f3c5f235286345cbe
experiments/2026-10-03_neuron_skip/MP030/attention_s12/history.json,4836,3296b63d24bc84ecc32759ad41cbed59657a0476f792fce8e3cbdac4c4e01939
experiments/2026-10-03_neuron_skip/MP030/attention_s12/result.json,356,fe1e53506e37351116092fcde5cbfa86d252586411f828411a6913072c987926
experiments/2026-10-03_neuron_skip/MP030/mixer_s10/history.json,4842,cebb64f4db1a01b0dde880d731753447540f58ea1262b93e1236654200f5c8bc
experiments/2026-10-03_neuron_skip/MP030/mixer_s10/result.json,351,d402b3fe6f324dc3a2fc6a05501c598f2fa4939b91308a35558f6d7de15c16d1
experiments/2026-10-03_neuron_skip/MP030/mixer_s11/history.json,4837,ec6889cc7c8cea651cce87f78d87922058f217951a4cb635a2c9c5fb33b56b8d
experiments/2026-10-03_neuron_skip/MP030/mixer_s11/result.json,349,97f876c8f154e18baafcafc6da5cc11b132af0c46d7ff9e5b69b826a2505cdf8
experiments/2026-10-03_neuron_skip/MP030/mixer_s12/history.json,4847,e35ca9f0db1e8ea653572249808c6f12cae2ca275d4e5f4084d02046f24f5dfb
experiments/2026-10-03_neuron_skip/MP030/mixer_s12/result.json,350,c59e8d961b21012eeb5b4af2ff2be60292e18feb6b0eb29837fc7c9efcfd94cb
experiments/2026-10-03_neuron_skip/MP032/attention_s10/history.json,4876,7e3275cddfaf399532190dbfe6c87523491bed8609bcf81281fc8eb26e1c449b
experiments/2026-10-03_neuron_skip/MP032/attention_s10/result.json,358,8da4290610d0d18c5b7fc128175041dc874e2684d3e592bd294b794a801463cc
experiments/2026-10-03_neuron_skip/MP032/attention_s11/history.json,4877,f0874863dd99cf00dc3941b23774cc2af2056335457c274c8b0f2b39f5a1090c
experiments/2026-10-03_neuron_skip/MP032/attention_s11/result.json,357,bb5436d459679bb7aba7b6ddbf54f22b833a2f0753540e2ad5962be7ac388f18
experiments/2026-10-03_neuron_skip/MP032/attention_s12/history.json,4882,f272739f9a023141444005c1ce4b43616b99bde2ee65e666f73f386bbf55b2ac
experiments/2026-10-03_neuron_skip/MP032/attention_s12/result.json,361,ad3cb3efbc7af9aa060eba6aae954aaaa90fb68916c7a2bcbf9e3365f815364d
experiments/2026-10-03_neuron_skip/MP032/mixer_s10/history.json,4886,076bf915ec136c85be504b74b5b1b7a14a5cf9ddee4ca1695ac5214a16a83b8c
experiments/2026-10-03_neuron_skip/MP032/mixer_s10/result.json,349,96bf282b2d0b1d9c72cc65250e0505c9eac57c93b2dce66ef8c7fe08cba56ba9
experiments/2026-10-03_neuron_skip/MP032/mixer_s11/history.json,4883,d3d6f440b205e7344b96c6cd3a46013ebc8fa9e775e7d9956f7e217970c45832
experiments/2026-10-03_neuron_skip/MP032/mixer_s11/result.json,355,47831519aa660ce369c318fc6c629e5de27442655ed54a52cbfd792c4f1e0fc0
experiments/2026-10-03_neuron_skip/MP032/mixer_s12/history.json,4883,4e64dcda393bb28b6de50513867ec2a1966b0389d9c6d2163a21e578c7a8a001
experiments/2026-10-03_neuron_skip/MP032/mixer_s12/result.json,355,af284088e19db718617fb6492d056a60193b7c3229911984b1918f6e822e21c9
experiments/2026-10-03_neuron_skip/MP033/attention_s10/history.json,4826,99c4b99e5473d46c9c7398564bc2c7c1e6915b4bc3f84adf5a253d078fa3effb
experiments/2026-10-03_neuron_skip/MP033/attention_s10/result.json,355,d11340db6eeaf42f4d647bed79b8d49ca86ad5d8ba0b7d2bd915cfe832d1de9e
experiments/2026-10-03_neuron_skip/MP033/attention_s11/history.json,4833,82b00b3794fbc84544cdf960c889fbc9d6f68627f9976446813edb6571867fb5
experiments/2026-10-03_neuron_skip/MP033/attention_s11/result.json,352,05b3d4588285e00da8c4e899aa6514c7e41ae8601a5393924627645ad5f87ef0
experiments/2026-10-03_neuron_skip/MP033/attention_s12/history.json,4833,fd59ceb5f692485e8eca3e6c1e7b76d6a11a540776a5c149031e0fa898ec0c66
experiments/2026-10-03_neuron_skip/MP033/attention_s12/result.json,356,44886951ad241a2ab31d4d0b38dd9117cc072f92902504f372bec8526daa7f40
experiments/2026-10-03_neuron_skip/MP033/mixer_s10/history.json,4831,72a8e8eab19658f3c58ef64e87ea52681794ad42fe5b4b44ad64c079dd540ba6
experiments/2026-10-03_neuron_skip/MP033/mixer_s10/result.json,351,1293bb79d0d94cbfa59d0595b81805cc8a73ad400d71606256bb4af516f3e8a4
experiments/2026-10-03_neuron_skip/MP033/mixer_s11/history.json,4829,f1d703b4e308e59b984f6b84e6ccd8ee347e5c86228de7ee5cae06dd40b30b00
experiments/2026-10-03_neuron_skip/MP033/mixer_s11/result.json,352,c328a11b8f87a6bc0de193a5a45058e570518a28c81aef8c86043d7be2dfdd29
experiments/2026-10-03_neuron_skip/MP033/mixer_s12/history.json,4824,a8654ef21e1139b261d6d4651d4325ebfc98c5c2850079e83a9cd74d505013bc
experiments/2026-10-03_neuron_skip/MP033/mixer_s12/result.json,350,3e1c0a47f33901c2181cea973b982a4f8eb336d768d2721f7579876fece9f998
experiments/2026-10-03_neuron_skip/MP034/attention_s10/history.json,4840,c9fd701f9e4ca02bfbb0dbc28a6a4f56b25c5b394db7362f7ab9b2d190aa65ad
experiments/2026-10-03_neuron_skip/MP034/attention_s10/result.json,351,88215025e5889fc4afdd2866cc10c74892c2beff3afe7d589638285cc488fd3b
experiments/2026-10-03_neuron_skip/MP034/attention_s11/history.json,4839,ddab182e37ff1a54650e9f12a0ab3383a29e0c3fa0012eb0ccdc42dafa85d81a
experiments/2026-10-03_neuron_skip/MP034/attention_s11/result.json,352,4cbc0bed41c70041bae72a9e667476110f5de8c4dce9f9e030993c2e0c8d3ca5
experiments/2026-10-03_neuron_skip/MP034/attention_s12/history.json,4842,fa9810c09219dc5a9a5be8c165ad46524af37bbc32540a8951fc2849d3e2c7ad
experiments/2026-10-03_neuron_skip/MP034/attention_s12/result.json,357,9c6bab8b74835aff546b38f65049b94a30d7f330f95abf47892a181bd5878578
experiments/2026-10-03_neuron_skip/MP034/mixer_s10/history.json,4852,035678c908980a99c37b1b2e3f8e6a764dd594808adef57001675ebf3159ad8b
experiments/2026-10-03_neuron_skip/MP034/mixer_s10/result.json,352,6ffd203988834bb2e69bfba7528415b71a009281b27aed20eb32d6163a70ed50
experiments/2026-10-03_neuron_skip/MP034/mixer_s11/history.json,4843,cba1f34547f20d7ce206a54a4d79ecb49dca7cb2120835edf6a638f19dc33bf1
experiments/2026-10-03_neuron_skip/MP034/mixer_s11/result.json,352,325ad2174d127cbe3f9aceba2f8aed0939501ea1db91af13702816d3d13be45b
experiments/2026-10-03_neuron_skip/MP034/mixer_s12/history.json,4849,29964fa50faaa56531df3e3a12da59298a9a3f707a32a138be2eaa1b8478e322
experiments/2026-10-03_neuron_skip/MP034/mixer_s12/result.json,354,f423a092f424e8567d4f7be8070401c89924bd9ba53e8cc34beec82d595c3b7b
experiments/2026-10-03_neuron_skip/results.json,6555,c61735f88bb1584e13df28f17a5dbbb184d5a01524c6958fdfaf42a5cb7a5341
experiments/2026-10-03_residual_correction/MP030/pooled_mlp_p0_s10/history.json,8338,5d6d1a10568aec0e2ec0a644d66fc4b745be827bd3afb963ac8d9c982609b4f0
experiments/2026-10-03_residual_correction/MP030/pooled_mlp_p0_s10/result.json,2166,0090df70d10dba5adc8b88033d9bf9b3ebfc6eb0a4d697a37896fd4b492f5f13
experiments/2026-10-03_residual_correction/MP030/pooled_mlp_p0_s11/history.json,8358,5a2121e3497e60404f32ffeee094d78334ce21a8c331870f467ce0a3859bafb0
experiments/2026-10-03_residual_correction/MP030/pooled_mlp_p0_s11/result.json,2171,3116090f47359fa8b4665af47eac86e123f377a25b02745cca32e0a240a3b574
experiments/2026-10-03_residual_correction/MP030/pooled_mlp_p1_s10/history.json,8354,e635308fdd68532b931d1aa8ea08e0c2ec0880762485afd5097cf35dac4c669b
experiments/2026-10-03_residual_correction/MP030/pooled_mlp_p1_s10/result.json,2170,958c161f91e27f12b16257e1e6fcc09a1ae0d657771457c29931b77abcdfbef0
experiments/2026-10-03_residual_correction/MP030/pooled_mlp_p1_s11/history.json,8352,96d6bb7d27fcc1722b327d2d8b6044f10db51469055c25e9b6dd12e5db62f568
experiments/2026-10-03_residual_correction/MP030/pooled_mlp_p1_s11/result.json,2171,6f695e5040f09addbb4bed8226f6c0e0e0d52a0374250d6efb1c89e50c55bc68
experiments/2026-10-03_residual_correction/MP030/transformer_p0_s10/history.json,8342,4e11db9cc064571c2b8edcd2aebe7cf1a6d326d0acb549044f192b19dd4b41c1
experiments/2026-10-03_residual_correction/MP030/transformer_p0_s10/result.json,2451,ce33270d021d7ca7480aa25ef30587078b5f04c864d1f1b15bd03ccddfe6977a
experiments/2026-10-03_residual_correction/MP030/transformer_p0_s11/history.json,8347,5598168b232faceeb13cb3a8d7f57f90016405b42c518185fda8b9ffbf2e5aae
experiments/2026-10-03_residual_correction/MP030/transformer_p0_s11/result.json,2445,6fb3e498a165c4713d574168b878b942fa7681ca9c2b23093323351cd1225601
experiments/2026-10-03_residual_correction/MP030/transformer_p1_s10/history.json,8347,e22bbdcfc404713439581d81ca8f5cca51c5c4348c624a9e213f02a6b127f3ce
experiments/2026-10-03_residual_correction/MP030/transformer_p1_s10/result.json,2452,c386dd4e301b0ee36e850036a1e437c4eb9933ee8ad6db0e1aed70ef01eb4d07
experiments/2026-10-03_residual_correction/MP030/transformer_p1_s11/history.json,8351,9d4dbf0b780a3395128e02395d31107c7dc575544b9da0e585e8e41e200496b3
experiments/2026-10-03_residual_correction/MP030/transformer_p1_s11/result.json,2444,31fd98a9249d20311f89b2dbdba76d32defa2f965533f98fdb46ceb379132296
experiments/2026-10-03_residual_correction/MP032/pooled_mlp_p0_s10/history.json,8460,166f0e12da44704161b14761d94e7cfcd01578c81998717ba06693eb35fcc15c
experiments/2026-10-03_residual_correction/MP032/pooled_mlp_p0_s10/result.json,2173,d05694bc593d9373587188296fa102e15adace5e3a1604a5c9929a192dd30688
experiments/2026-10-03_residual_correction/MP032/pooled_mlp_p0_s11/history.json,8453,3da7544d027dc1585591a94abb3d7e4db1cb6f9fa8c612957448afab98aacf32
experiments/2026-10-03_residual_correction/MP032/pooled_mlp_p0_s11/result.json,2174,4c0a1a1548e7e9b8c7c4eeb04828550ffcbaebd3645ebaf0118786cde28b53ab
experiments/2026-10-03_residual_correction/MP032/pooled_mlp_p1_s10/history.json,8461,5fe6c6eca6f6a4ea70b9d1ab05f11a5a78f43016896bb006027422b2fc519a46
experiments/2026-10-03_residual_correction/MP032/pooled_mlp_p1_s10/result.json,2175,03135e08d150b8a56be168d05ac835f13d24a28fb8153caaef379c0eb63634fb
experiments/2026-10-03_residual_correction/MP032/pooled_mlp_p1_s11/history.json,8475,2368066107c381184ffa1638041185109894a8c1f360fe4f7aa707ebcb596b49
experiments/2026-10-03_residual_correction/MP032/pooled_mlp_p1_s11/result.json,2173,5b5dc2cd265bd3b62949642cf6fd7c066874dfc05b5954ed3847bc745cc971aa
experiments/2026-10-03_residual_correction/MP032/transformer_p0_s10/history.json,8440,55ddd3750190517262c352e8b1a4dfc6662ea51a5f6db85df801b8234068717e
experiments/2026-10-03_residual_correction/MP032/transformer_p0_s10/result.json,2454,23cdf21e1d9a04490c212c0959cc5d8a611904c99502d67f4edd0a30eaeb1776
experiments/2026-10-03_residual_correction/MP032/transformer_p0_s11/history.json,8458,6a5d92ea84b2c3066fed5e9d9022bb32d4d966b72db2b38b4796cffae7ede2e8
experiments/2026-10-03_residual_correction/MP032/transformer_p0_s11/result.json,2454,2d61fe32dc8d1a37767090260465294ae8c04aeb18d5574860d847a7d7456c51
experiments/2026-10-03_residual_correction/MP032/transformer_p1_s10/history.json,8462,25e9db0fa1f7fe182ddfc1aa78b95ee394dd623c95c985971b0adbaac2d18c23
experiments/2026-10-03_residual_correction/MP032/transformer_p1_s10/result.json,2454,afa95707d3de3752e72e358c3b6d167a8bf3cd41b243b288079991d48ca2a92b
experiments/2026-10-03_residual_correction/MP032/transformer_p1_s11/history.json,8458,2cbee93a1ba249dea7307fa7439e0ebaae6b9b455b2541cef5d9b2250a9d53e9
experiments/2026-10-03_residual_correction/MP032/transformer_p1_s11/result.json,2453,89ea082f619cb28b8fe3c92f83a9bc2fe3dd411bf6edbcea0902d73d5d9947e0
experiments/2026-10-03_residual_correction/MP033/pooled_mlp_p0_s10/history.json,8326,32db2c83ecfa125bff7aeb172b429c127e5f785ffc7dbf8606ff2e7ceb132c04
experiments/2026-10-03_residual_correction/MP033/pooled_mlp_p0_s10/result.json,2172,c14a3e229fec8af20c2e86ad7687cbaa3aed08ebc381d9cf8a32803f60366e7a
experiments/2026-10-03_residual_correction/MP033/pooled_mlp_p0_s11/history.json,8310,37fd6bc58c310082d51513aaee705eb0c399d46e41e1893702656a36f8e24732
experiments/2026-10-03_residual_correction/MP033/pooled_mlp_p0_s11/result.json,2173,aeab77e308718dff356cafc890d2c9d335ee9e3a4af5c8017c6d7d863525e0d2
experiments/2026-10-03_residual_correction/MP033/pooled_mlp_p1_s10/history.json,8330,4101c396d0079f92b7bfd86f37fbb35ad086239fd37776cdd9d13cf250e75f7f
experiments/2026-10-03_residual_correction/MP033/pooled_mlp_p1_s10/result.json,2173,4139825a9520be6ce39e5a35071f0f6f9a5b61456f5c835c38a8fec3210c9114
experiments/2026-10-03_residual_correction/MP033/pooled_mlp_p1_s11/history.json,8330,b2f9be47d64230680c8efbc787ed29be8b45f48c57a5f0703a19bff4ff74f9df
experiments/2026-10-03_residual_correction/MP033/pooled_mlp_p1_s11/result.json,2171,cce70e7daa5b871078f7308f175e37eeacb086757b0112c4d1f27eed3ae7bc95
experiments/2026-10-03_residual_correction/MP033/transformer_p0_s10/history.json,8317,70f03f9145c45ba525a907c4cf7ce6731cf2b92be147d7a5c7c9066c49f620d9
experiments/2026-10-03_residual_correction/MP033/transformer_p0_s10/result.json,2454,96b6df505ed7b85d405bbc3da20011fdb878ef7ec7be494eb8f31be28ec380e1
experiments/2026-10-03_residual_correction/MP033/transformer_p0_s11/history.json,8309,91636e54b570317e4b1eeeedac01f7decf3a004b63281c8940e5b6644083e3e9
experiments/2026-10-03_residual_correction/MP033/transformer_p0_s11/result.json,2453,c38eab19e7b196c1746e48981a55c09ece7d1029223d74a5c6abfd259238e14e
experiments/2026-10-03_residual_correction/MP033/transformer_p1_s10/history.json,8307,11053ac4014b7c10e89b2857c4d33b761657fe6fa833923e348eb34562dfae6f
experiments/2026-10-03_residual_correction/MP033/transformer_p1_s10/result.json,2453,9f1cf35c33d6b41b032f8b57a41ad26f0add1e8461da4940319251e41811da7c
experiments/2026-10-03_residual_correction/MP033/transformer_p1_s11/history.json,8312,61096006a1b854cf984368c9af74ddcd3de1a72a1eb5df5627a11263081fc298
experiments/2026-10-03_residual_correction/MP033/transformer_p1_s11/result.json,2454,3dbf15776b4b17b3a5048ed44692840ec8e8ecb8444f0d7ad70b10bb3c8e8049
experiments/2026-10-03_residual_correction/MP034/pooled_mlp_p0_s10/history.json,8313,f9fd8a0e573b3bed7615fd6e0faa41e5d47e51c76df51f433dea6e2be8fe191f
experiments/2026-10-03_residual_correction/MP034/pooled_mlp_p0_s10/result.json,2172,db13fa58bcebaba8686c55593a495661ab2183b2eeb6a841e7664dc4cdddab00
experiments/2026-10-03_residual_correction/MP034/pooled_mlp_p0_s11/history.json,8318,636b0666e01984a855580722f7604107ef64a26d782e53f58690f675344e9c56
experiments/2026-10-03_residual_correction/MP034/pooled_mlp_p0_s11/result.json,2172,6556db5326c7385d1e0c1ea424bbf641173f45f98d2ac9b172f2269b85ed4127
experiments/2026-10-03_residual_correction/MP034/pooled_mlp_p1_s10/history.json,8317,969a86f083e74c73407ab2446cb5157bddafa7963aa7ba34a395934e7dc5cccc
experiments/2026-10-03_residual_correction/MP034/pooled_mlp_p1_s10/result.json,2174,a7b8ba1d45e2578705f3ac25ff1b80feed6432ca19003137f3cf1bc34012d1ca
experiments/2026-10-03_residual_correction/MP034/pooled_mlp_p1_s11/history.json,8318,84063ad47b06763d053c1b6fd06fb508e3616ac3a45719363e00ad46e61fff7b
experiments/2026-10-03_residual_correction/MP034/pooled_mlp_p1_s11/result.json,2174,36d5b39cbd40f34451e71dfa3075946a1f2c481e394abeece5763daa87df0121
experiments/2026-10-03_residual_correction/MP034/transformer_p0_s10/history.json,8305,e9452ecb6a65dd25165cb1395530cbd6fabdaab4876a1bbf07c0b2827f40a7b0
experiments/2026-10-03_residual_correction/MP034/transformer_p0_s10/result.json,2455,1940f3d00bd372f8e59a6e08b0f07378900cbbb9780c07f70f9fef412c267beb
experiments/2026-10-03_residual_correction/MP034/transformer_p0_s11/history.json,8311,cfabca53c21ef9d668b1ffdff3678e9b431ed2c8be0bbb7711309ccc4555d55c
experiments/2026-10-03_residual_correction/MP034/transformer_p0_s11/result.json,2454,9037e054dd047b574d8e41f95579a0936355095da694d66a3270d3f0ced70736
experiments/2026-10-03_residual_correction/MP034/transformer_p1_s10/history.json,8321,ca7a12ffe935250236d49f5e62db4a0412799c1135bbb7dd2dc0c001d23f412e
experiments/2026-10-03_residual_correction/MP034/transformer_p1_s10/result.json,2453,1b61ade5dd54500562e8aa8e944b55ae1c72f1322b04ea57acdb5313e0b8c09b
experiments/2026-10-03_residual_correction/MP034/transformer_p1_s11/history.json,8314,ab950e15005432749851e8df37031a5c05ab40a28caaacd7a47e7431021348db
experiments/2026-10-03_residual_correction/MP034/transformer_p1_s11/result.json,2451,9c7a231da92345586d6464d8f872eec25d77942dfe19ccdd510d3100c08760d2
experiments/2026-10-03_residual_correction/results.json,20419,8a858ffd6e64e49f574ce183869ee49ce60a664c5fd5bd8f09dc3bbec182fd08
experiments/2026-10-03_shared_behavior/MP030/attention_s10/history.json,9748,6f0edee8270ab01eeb7f2549c11cf890863a9e83494e5a1ffe51d79049e80727
experiments/2026-10-03_shared_behavior/MP030/attention_s10/result.json,325,f9dd86cf996424b5829426160fbb6eea823e1787ee55d01e5e90ab46ce7b50e6
experiments/2026-10-03_shared_behavior/MP030/attention_s11/history.json,9742,9c092cbf67fe0a3db96e8d3a110a5e312da0bbbd8a83567f6e66bfe72039c454
experiments/2026-10-03_shared_behavior/MP030/attention_s11/result.json,325,e793df82dd2267d1e9ac5c05953e8edfd4e5be2035b4f3cc0a936eebbd82fdd1
experiments/2026-10-03_shared_behavior/MP030/attention_s12/history.json,9737,c40a24dbdbb6ecf9961962a319d432d33ef20c9fc114ff8a5947a88aa06ab25d
experiments/2026-10-03_shared_behavior/MP030/attention_s12/result.json,326,019e2045de4ad96b17f4a98e25713fa0624ee9c738774ff55745f676535a9df6
experiments/2026-10-03_shared_behavior/MP030/mlp_s10/history.json,9754,1a414cb98ff127c7c7a91da2048e17669854ff0ff0b5f334013b6110b64c5086
experiments/2026-10-03_shared_behavior/MP030/mlp_s10/result.json,319,e501c0e30b5a3f8c477323c39c0dc6d7c4dcc3a0cf32eda87b447637338113f5
experiments/2026-10-03_shared_behavior/MP030/mlp_s11/history.json,9737,d2cc21098102b966d3c30bb115b303542488dae45b9a351ff20ee726bf900f1f
experiments/2026-10-03_shared_behavior/MP030/mlp_s11/result.json,318,463be1cc9e48772cb61eb0bb0221071d06dc109c86f8626ae4a1a7c375edb219
experiments/2026-10-03_shared_behavior/MP030/mlp_s12/history.json,9757,692c8f45b49962dc9ca6edca26df4ed2f5cce0e2b45ee4d7f253fc9ef5508c40
experiments/2026-10-03_shared_behavior/MP030/mlp_s12/result.json,317,8c78aa579e4f6fec033c3a9129e2cda6fe7984b077e1013ad6bc7e576713bb89
experiments/2026-10-03_shared_behavior/MP032/attention_s10/history.json,9845,c56127eaab83b04cc080a95d7f3d143eec4a5fbe25aeb26bc749b41e8f92ad54
experiments/2026-10-03_shared_behavior/MP032/attention_s10/result.json,328,28dfbb8acd42cf73466bf6faf13822f2276c9b6cf7350ad305faf3a9665995be
experiments/2026-10-03_shared_behavior/MP032/attention_s11/history.json,9848,d58ad7ab98e79ecd692a4cf29884ab4200f992aa72a808ba7b8cbd9c4eb1a69a
experiments/2026-10-03_shared_behavior/MP032/attention_s11/result.json,321,d2fd2b66784e68b1680f92c5fcab5c973b91a9c3ccda2d176c84e48a6b8881d1
experiments/2026-10-03_shared_behavior/MP032/attention_s12/history.json,9836,c5f7878910dc1e6a3960d149073cfe1057f69d5b1c4f746e611ed3cb4fd0f6dc
experiments/2026-10-03_shared_behavior/MP032/attention_s12/result.json,322,f767e720b5067936089f8d2c080b20e8e1f8d9789f2843262c2cf6e4f02f6fd2
experiments/2026-10-03_shared_behavior/MP032/mlp_s10/history.json,9855,7743a7680091c4c472ac080a11973304126dc6e2428d20040645c120095e3c54
experiments/2026-10-03_shared_behavior/MP032/mlp_s10/result.json,320,9df0a248aee47510b00167ac66cf306ed9fb4109d70d8a115c10dc4aad2ae7ac
experiments/2026-10-03_shared_behavior/MP032/mlp_s11/history.json,9850,d7d2e32032e3b91922ee4411ad909ae5792bc0ba2981315ab197d393aac82277
experiments/2026-10-03_shared_behavior/MP032/mlp_s11/result.json,321,c6668d0757ced00afbc8ac0953ccabf7c0c958724b1add45bb761ddcf4d9538c
experiments/2026-10-03_shared_behavior/MP032/mlp_s12/history.json,9864,6f66c56af3ada72d33ac214f02b6900156e56ee3bafa38fa3966cbe8ddfcda59
experiments/2026-10-03_shared_behavior/MP032/mlp_s12/result.json,321,c693affcf397881d2a0c289414040e9a6cd5a734111806f8b9e142f30e5b0c68
experiments/2026-10-03_shared_behavior/MP033/attention_s10/history.json,9717,f2e535ea942b12ce3cfb7497af68d7a66a4b3bf00019c741e6b03af01aff5c0c
experiments/2026-10-03_shared_behavior/MP033/attention_s10/result.json,325,50d617f52b5c879eba1a6698618aa9a090f7b2b3ea08575cb5c97f6264d7918d
experiments/2026-10-03_shared_behavior/MP033/attention_s11/history.json,9731,9f5a5d05694f198dfed1f29bf10e0d42b37cb4b88187e2f1d43cec87fb298e79
experiments/2026-10-03_shared_behavior/MP033/attention_s11/result.json,323,d8bdaf60f47f6ea1dfc242c34aba32a19cce38f820b1343fca8dc41df0cd9d02
experiments/2026-10-03_shared_behavior/MP033/attention_s12/history.json,9739,0f84904ad1395791800d9b157f95e8d565b3386f7e6760064f84d10116d06b47
experiments/2026-10-03_shared_behavior/MP033/attention_s12/result.json,323,80cc7259b82579896084f5b7b5b7d9675d027751752217e1ba1067a8f6d8913c
experiments/2026-10-03_shared_behavior/MP033/mlp_s10/history.json,9753,87c735b65252695e10b95a88fbff420d902e4ec8d755c3c54dd1d63495b94e7b
experiments/2026-10-03_shared_behavior/MP033/mlp_s10/result.json,320,44535b075bd52462c599c62b7d04ee1644fce173dfddcafe1995d93f111f4db7
experiments/2026-10-03_shared_behavior/MP033/mlp_s11/history.json,9742,c46ee21f2920c4a10b46ce450b9f28e2a62e669dad4a1b3a2f58cdac916d67ac
experiments/2026-10-03_shared_behavior/MP033/mlp_s11/result.json,317,a21e1fca4c43a0b260f588bc47a05d9a48fb039dbaaa213b263925dbb6788f92
experiments/2026-10-03_shared_behavior/MP033/mlp_s12/history.json,9738,118e97b885bb57aff96d16be945492a8eda0211695ac4fd063a3750db7a17ca9
experiments/2026-10-03_shared_behavior/MP033/mlp_s12/result.json,319,dad9ab74060bc306ddf012a772f70145c1ce1fe0ebaf5430482092cb2cefbfe0
experiments/2026-10-03_shared_behavior/MP034/attention_s10/history.json,9747,72df4312f204a97f81ac2da7848cf44ef42f1dbd37662413a6219a57beb45b0f
experiments/2026-10-03_shared_behavior/MP034/attention_s10/result.json,324,2be047d926383940044f93b629ee760303693751437364035e138e50c3cff9fe
experiments/2026-10-03_shared_behavior/MP034/attention_s11/history.json,9732,d617eeb61f2ac5e302ce5ac4300c185be00ac41163d222f6e5f56861bb8a77b5
experiments/2026-10-03_shared_behavior/MP034/attention_s11/result.json,325,33f1a7e63ef9942992711b5c6ec303bcd3a402e15cc782158bf05cb064c6586b
experiments/2026-10-03_shared_behavior/MP034/attention_s12/history.json,9725,5ff0261aab4a253bdcec0eae1ca453073123c7857b5ac21c27d9668fac88901a
experiments/2026-10-03_shared_behavior/MP034/attention_s12/result.json,319,966bdc92464bc6ec1f410d24739f50fea3d1c4412a9c01efb92c43e63bf7cf5f
experiments/2026-10-03_shared_behavior/MP034/mlp_s10/history.json,9752,350a1c6636534532861eeb26fe916414af94af16222484a051bf0411305dabdf
experiments/2026-10-03_shared_behavior/MP034/mlp_s10/result.json,324,0d898839794a9849def87d83d396e142f295e808ec15ec17408f21a3f76f6c65
experiments/2026-10-03_shared_behavior/MP034/mlp_s11/history.json,9772,6c5185c9bde3c6a4d90f812b0e8a44b2863ef395610257b79277db0e0d48d898
experiments/2026-10-03_shared_behavior/MP034/mlp_s11/result.json,321,63651dd92a01826b30248ec36ae57116351e1d99de26ec2d0cdad476a63c9928
experiments/2026-10-03_shared_behavior/MP034/mlp_s12/history.json,9757,da69e991248278384bef2f360ffde57f3d75cf6fabfb1f2e37f488596e45d792
experiments/2026-10-03_shared_behavior/MP034/mlp_s12/result.json,321,e0638db0d4b32dbbe5c05fb8a682db2693b2e5577e84b051754aa56d2584641d
experiments/2026-10-03_shared_behavior/results.json,7923,db6245f1c6a28fead80da145edbe1ecc62a050f6b0ffc570fdadacdd6c292d9f
experiments/2026-10-03_shared_behavior/shared/attention_s10/history.json,20940,b96fa5b73b9f4e579a62a84c51d829f5f2ddef27677c257e58de0426414d7895
experiments/2026-10-03_shared_behavior/shared/attention_s10/result.json,341,50d6a73fede410a0a3a3902b094ccbbf71545dc872de684b33082c6194b83f34
experiments/2026-10-03_shared_behavior/shared/attention_s11/history.json,20929,a8b32c18c11cd770b2bf83c0b8801f3c020a57e85683aa51f295730bae75c4ee
experiments/2026-10-03_shared_behavior/shared/attention_s11/result.json,343,45304ea5ec301f514ebbd4feab1d015db081a29ee6ec6a6fd270d8bb914d4914
experiments/2026-10-03_shared_behavior/shared/attention_s12/history.json,20932,83596af1eefa80f71e73af2672455956f51287dcd7cd2fe109dc4ada4ef91cae
experiments/2026-10-03_shared_behavior/shared/attention_s12/result.json,344,731b107dd0b85c301ace971a15a9e909cb3e388d53f4a579cd98145d2eb0c206
experiments/2026-10-03_shared_behavior/shared/mlp_s10/history.json,20965,8e9b8b7f8beeca3bdb58c9a2139768a056db22f2a343aac53a19cd816e1e7031
experiments/2026-10-03_shared_behavior/shared/mlp_s10/result.json,342,de07d37ac3de8ebaef266f928e0125f4de9bc76e02a6d4916ac0552591e978b5
experiments/2026-10-03_shared_behavior/shared/mlp_s11/history.json,20954,14013f8c6de2b9eadebe043f0de7770bd0e00483d036149579c936c65264ceae
experiments/2026-10-03_shared_behavior/shared/mlp_s11/result.json,342,0e321ad2c4ede2e6d2c07f968a9fd94ba1a122063f80f0c56e5daf3f4293768a
experiments/2026-10-03_shared_behavior/shared/mlp_s12/history.json,20957,70586cbbae9567c8fbd92aa871fbbde2549488313822fce7a0dbcc717fbdd0b0
experiments/2026-10-03_shared_behavior/shared/mlp_s12/result.json,343,0be718dd4c5e7754a0cf35d931729e25de981f4e4bb2f6f49b9597473f3bace2
experiments/2026-10-03_supervised_restart/MP030/attention_s10/history.json,4836,df31ab5bd9da63b17bebff1c8ae2b4934c39d93df4631c103b82680b341a333d
experiments/2026-10-03_supervised_restart/MP030/attention_s10/result.json,411,09a4d7a7b87d635158df1799910113d20dd1c61d550558036a763f696818cfc8
experiments/2026-10-03_supervised_restart/MP030/attention_s11/history.json,4828,c364b29bdd441923e29bcde835be88c58fbe3b96881a57e77e37c204831252fa
experiments/2026-10-03_supervised_restart/MP030/attention_s11/result.json,409,7d9c8aa182b5fc2c2db2944081d348acec3f236e521dcfae9649d15382fdfa0e
experiments/2026-10-03_supervised_restart/MP030/attention_s12/history.json,4820,6da73b09694c0ccb7cb7419da5b27edceb022064c60650851746cce3687a5207
experiments/2026-10-03_supervised_restart/MP030/attention_s12/result.json,414,4c9ff1c94803e6c5140e7f2178b78973dfa9faa675aedb3dfbf6004e278ff431
experiments/2026-10-03_supervised_restart/MP030/mixer_s10/history.json,4845,2e7ca6909689d6eaf56b36718fb4fb3760bd03ce09f749bfcc1dec3fa3b9f01c
experiments/2026-10-03_supervised_restart/MP030/mixer_s10/result.json,408,4f1a111f7ac5529430b10f8a517b61192a6ee01f36260df14d570d321c0dca2d
experiments/2026-10-03_supervised_restart/MP030/mixer_s11/history.json,4845,3e4b68f2c2b36e652125be3c35afc3f1e7ee102bbc98d291653a04171021f98d
experiments/2026-10-03_supervised_restart/MP030/mixer_s11/result.json,410,fa6d0792e1b496b0e30bf10b1b58d47593cbbaacc399943a61652900bb755153
experiments/2026-10-03_supervised_restart/MP030/mixer_s12/history.json,4841,b2bf6ee0af64be4838bdb657e865ad9e5a76623ae2ed429774a36bf7ed704d3c
experiments/2026-10-03_supervised_restart/MP030/mixer_s12/result.json,407,141b56d7a3a8d74cfcb40821066877fe7a5742123a5b8ddb2dc8c19a5d16653a
experiments/2026-10-03_supervised_restart/MP032/attention_s10/history.json,4885,3a2959f80b7f3a0ca543ce4fe159e914962c3ddba0e6a27a52cc6d0a951a5a67
experiments/2026-10-03_supervised_restart/MP032/attention_s10/result.json,411,c7d5e989457f4671b2a7618e12aede21e7fb3315f1e3568cc0757d5a212f7855
experiments/2026-10-03_supervised_restart/MP032/attention_s11/history.json,4894,05eda1341bf1e8f9a88b326d4613fccb7d3cf6d07fa8c55de618d08c635a50c1
experiments/2026-10-03_supervised_restart/MP032/attention_s11/result.json,419,071b1231fd55f1e375d6b3cad68b8bee7dc793a3edb5a7a390f3699abdee19f9
experiments/2026-10-03_supervised_restart/MP032/attention_s12/history.json,4888,69965dfc7ff79e57c6e33176623bcbf7fed65a0a762f9fbd18637fb626dc469f
experiments/2026-10-03_supervised_restart/MP032/attention_s12/result.json,413,a1788bc7f520d01403f72979afd770dfd4bbd06e740f26fe0cc1eb612278ba41
experiments/2026-10-03_supervised_restart/MP032/mixer_s10/history.json,4881,a3f21b623a48fdf7e08e71237f67ed9bbcc41821d30ae4d5955dc07133cda98e
experiments/2026-10-03_supervised_restart/MP032/mixer_s10/result.json,409,ca5fabb8ecfa72b04ea4258f74a4453238a1d23833a39e893bbd6f95fccea3fd
experiments/2026-10-03_supervised_restart/MP032/mixer_s11/history.json,4893,b103623f6cb30a59a47cb44f76dfb3720d283f0698e2d6415d0a302da7c2808c
experiments/2026-10-03_supervised_restart/MP032/mixer_s11/result.json,412,557164f0b559fd3f5cda8d2530f3b8e6c94f976b7781ec5994bc9c67e45cdb4f
experiments/2026-10-03_supervised_restart/MP032/mixer_s12/history.json,4894,dab06f1cc59db3f95d35104f6a5f0d66a3dfc89da6a8532ee39f37ac5457ad8e
experiments/2026-10-03_supervised_restart/MP032/mixer_s12/result.json,412,a6c8826e867997efbc2ef827ee7b1e9314494f6e9f0054aeae8d75ef993ccbcb
experiments/2026-10-03_supervised_restart/MP033/attention_s10/history.json,4821,3e86404e538716aadb0472caa86ec024629f48ba036d0d734b57fddacf02419c
experiments/2026-10-03_supervised_restart/MP033/attention_s10/result.json,408,d25636cd256ec68ab4305ecacc63bccaeb137297d99273f65803cf58574d6b53
experiments/2026-10-03_supervised_restart/MP033/attention_s11/history.json,4815,aa56930fec98b3f4c971752309537931b9845e39a452fd25eb657917d008341b
experiments/2026-10-03_supervised_restart/MP033/attention_s11/result.json,413,4728a85681e1ffb26842e14961331c462fbd51ad15038dd72e8b2eab68212a43
experiments/2026-10-03_supervised_restart/MP033/attention_s12/history.json,4820,3517a8467fad6bc79ffc13488510def99109c45b814125d20c878ee5f0f0f1c7
experiments/2026-10-03_supervised_restart/MP033/attention_s12/result.json,410,ced111897fe52703386515b5f95f290d09716d36f048cc8c6e7753c6b45c55c5
experiments/2026-10-03_supervised_restart/MP033/mixer_s10/history.json,4831,500be4df25945174b1462be412a4c6e4488ffc270bb8661f9708d27e6324af02
experiments/2026-10-03_supervised_restart/MP033/mixer_s10/result.json,404,851a1e927b41ca6ecc0a07817e9df08fd3f9263800749a22b49ed1b68e4bbb55
experiments/2026-10-03_supervised_restart/MP033/mixer_s11/history.json,4827,1f1e97d89e5bf0016f4fad942f13e3563b0645284e3ff1a108d2c340e10d4720
experiments/2026-10-03_supervised_restart/MP033/mixer_s11/result.json,409,19fd98be7aff9312ecf2599e309251e9157704db576080db282d987be952715a
experiments/2026-10-03_supervised_restart/MP033/mixer_s12/history.json,4822,2c95fedb4823b2421b5cc16a1c5895e11ded8d2e50b6a6449aa2da1ccecab813
experiments/2026-10-03_supervised_restart/MP033/mixer_s12/result.json,409,8bd5e2ba85c650ef9d5e6a19a371afbfcb0bf1a251f84fd4c2e64dde44316681
experiments/2026-10-03_supervised_restart/MP034/attention_s10/history.json,4832,8b569dd3723b951cc98039b3a0223921d2d17e918bf133c368cfbf8a0dfb710f
experiments/2026-10-03_supervised_restart/MP034/attention_s10/result.json,415,df2b36ad846889090ec9e929856a668cb9d7f5203672357ccf19a555a940e086
experiments/2026-10-03_supervised_restart/MP034/attention_s11/history.json,4841,34ed91ff5f7c577133d0646291d6618f1fbabd7c85f97c4d5250855967b777a6
experiments/2026-10-03_supervised_restart/MP034/attention_s11/result.json,411,cf77b5e6ac088b79c686838407b4fc07d51d67c59d89038726c88041f42c0adf
experiments/2026-10-03_supervised_restart/MP034/attention_s12/history.json,4834,2a4829fc56b91a031807759096af32c151c9fc16aeb50bec95521f06128bef94
experiments/2026-10-03_supervised_restart/MP034/attention_s12/result.json,416,c01163c953e420426b95319227a4ac9da313b694068ed02d5f535e53ef3368e4
experiments/2026-10-03_supervised_restart/MP034/mixer_s10/history.json,4847,f9e7634d21439c1d20f410a575be4e9e2a3eb8be4f611861c9b69399420ec85d
experiments/2026-10-03_supervised_restart/MP034/mixer_s10/result.json,398,75237eb4e708a6b38af16e1c2a0f28dfa9567738e4df72afa62d23f5df96e93f
experiments/2026-10-03_supervised_restart/MP034/mixer_s11/history.json,4850,69a5b402d28944258eb1c32d65f2a77f8d7f1d23b09ca247f5aa7159327da34f
experiments/2026-10-03_supervised_restart/MP034/mixer_s11/result.json,410,2a4aa30ba7ed57a4777ff6f612f4286efb633927ce46cc12aae586443c540687
experiments/2026-10-03_supervised_restart/MP034/mixer_s12/history.json,4848,96d673fa0d9b3ee0767c982201b6e580062ba40c0a75b2e355080fb61373d9d2
experiments/2026-10-03_supervised_restart/MP034/mixer_s12/result.json,408,5a1a2c66df1d79ed3fee0ac06abad4c508d8e34f284dae5511df1a6c63b38771
experiments/2026-10-03_supervised_restart/results.json,5017,7e42921cf9a4ee536bc6f9f06d6b24e0a74391c2b69838f03c84f758957053f1
experiments/2026-10-04_attention_components/as_s10/history.json,22046,2e992be9d4e032c5f45b5926304ed44370cefb22f1c5c5d380a5cb4d4627fc7d
experiments/2026-10-04_attention_components/as_s10/result.json,384,f90a02446e97f30dd18c3b5433e0868f9e70e322ebb8e5bb40a01f12823f9d5d
experiments/2026-10-04_attention_components/as_s11/history.json,22053,e0b0a687bbeca29d8b4289f796cb0aa02a292191b458f12ba22525ca6ccc1411
experiments/2026-10-04_attention_components/as_s11/result.json,387,d5fcb7ede905afb903ede6bf1fec8655ee8e335ef824634d45291fbd94e2a76b
experiments/2026-10-04_attention_components/as_s12/history.json,22050,289f1cc1e9b09d61a2e6ab86999b923c461eb63adf1596dc1c3abda8bf285340
experiments/2026-10-04_attention_components/as_s12/result.json,383,5808e6122c4d493efbe00215de1ece5fbb56a44114bf6da24d3b09582d136c02
experiments/2026-10-04_attention_components/ma_s10/history.json,22008,b91257dc329b69a33721eecb781510cd87381ff90f8a386ba4698958401f7614
experiments/2026-10-04_attention_components/ma_s10/result.json,382,b7dd67ac191a1785768c23e89be58d61e4356ba51e80380c9d94975659b30790
experiments/2026-10-04_attention_components/ma_s11/history.json,22031,0d2e602a1696737d8ca772264eb692b22c555dd2a3aaeaa6739c8e74ca9281e4
experiments/2026-10-04_attention_components/ma_s11/result.json,385,c61181bef8dfd1438431baf69b77b9aecf1618cd6c540f35b14dc8692c4b9f2c
experiments/2026-10-04_attention_components/ma_s12/history.json,22010,4ebdbeefa9523974221e081582b5939995a09caa114614ba29433277b2b72385
experiments/2026-10-04_attention_components/ma_s12/result.json,387,afe4e136f520a74a133eecb71f711a4227cec27f9d621df06c0ccd63b07b8c4c
experiments/2026-10-04_attention_components/results.json,3576,1220144edd77ea6d3e77cf48dab3c890e1630d3d148a4b41db8058896ac83b21
experiments/2026-10-04_behavior_robustness/results.json,225623,7b6e09648759f8da133fa919afc437014c0e2dc9e82c7b52f2920fb276e83f9c
experiments/2026-10-04_ensemble_seed_replication/attention_s13/history.json,15186,fc91dde71876ade5ea21d887b361b1c3d203c14ddb4d3ea4a2de7b509f9f4a13
experiments/2026-10-04_ensemble_seed_replication/attention_s13/result.json,346,045b51d56dcee452628b09940f06feb869221c0e9d8e40e3b79a1af477bd2e30
experiments/2026-10-04_ensemble_seed_replication/attention_s14/history.json,15186,ac8027f29ffe00ebcfcfa3c09ea221481a0c9c3f729396f64511b0b2fa1597cc
experiments/2026-10-04_ensemble_seed_replication/attention_s14/result.json,345,e94ec3d691a05113124aace9c10fbb46d37d51012a4db87604d11443de58f863
experiments/2026-10-04_ensemble_seed_replication/attention_s15/history.json,15191,7ff165bb11cc7f78091c2f106ee0aab3f5a4332e417f2e73f9b4e9ba66d900d9
experiments/2026-10-04_ensemble_seed_replication/attention_s15/result.json,346,ff5adf183e1163ade3b5c89dac6590fc33c40677785d25efb182471d72c6eaa1
experiments/2026-10-04_ensemble_seed_replication/mlp_s13/history.json,15198,0c1497ef155138dd93b058adced907d56bbe9fce33bf99f4b5dcf57c1e55ecf3
experiments/2026-10-04_ensemble_seed_replication/mlp_s13/result.json,343,9c22291da3ed336f2e0a61d2c287896c793b5e3bffc83ffa4636fe157f929f77
experiments/2026-10-04_ensemble_seed_replication/mlp_s14/history.json,15212,7fdcc00afcff1da1fac416ce551cb0741a4a94eb9317bba7ce5a8c20e61b1a34
experiments/2026-10-04_ensemble_seed_replication/mlp_s14/result.json,345,a2601e142f5d4e1aed8b48891f1ffc0db4a8ce3f4c88da30f07703b84c2a075b
experiments/2026-10-04_ensemble_seed_replication/mlp_s15/history.json,15184,8d876aecb9176eb09bfa94c9675a1b2678fb93ace83079e41781f97971dd37eb
experiments/2026-10-04_ensemble_seed_replication/mlp_s15/result.json,339,4d8c7a544e6299b978447bc1230e1562947c233534d0947b8394c0c0fc121ad4
experiments/2026-10-04_ensemble_seed_replication/results.json,1687,ca40d54f0d673899e0a308ffb76f080cc8ccb38bba3fdf62df0988fcc9ded332
experiments/2026-10-04_equal_updates/MP030/attention_s10/history.json,7193,a4edf3ca78bef32670545ce3ce2f64be771334e4311f68a7498ee154fb564a57
experiments/2026-10-04_equal_updates/MP030/attention_s10/result.json,415,b50030e823eee17443d47cc4ca7fa8e3e13ef51a70455a6c536bdd5394cedd9a
experiments/2026-10-04_equal_updates/MP030/attention_s11/history.json,7193,46a1777d21aba9d8a9462f324d4cdf4badb9333a351003ada51415276e4b910a
experiments/2026-10-04_equal_updates/MP030/attention_s11/result.json,409,081a8efaf3ee285c5d1f0dab72f643a285407343de372d46eca180fe7f109235
experiments/2026-10-04_equal_updates/MP030/attention_s12/history.json,7185,3b73f5838585112898748a030a07238aa6d049d979a69862cc58b00709ba7801
experiments/2026-10-04_equal_updates/MP030/attention_s12/result.json,411,e2312a443015d7e675d148fee578fee5882fd02af36244a4bbd20f1cf913b406
experiments/2026-10-04_equal_updates/MP030/mlp_s10/history.json,7198,e193d4d2a4451259333f34c7533f75a13d8e05a2e95b4db43d12f4b91f5e2fda
experiments/2026-10-04_equal_updates/MP030/mlp_s10/result.json,412,2f86d5a833a577f9ffd352095faeb61a35b1c7c40c109010ccfb2836218e3c9b
experiments/2026-10-04_equal_updates/MP030/mlp_s11/history.json,7192,652e6e977845a904bc22e5944f1663427dacad5f667b7a6029b1ff0766bd08d0
experiments/2026-10-04_equal_updates/MP030/mlp_s11/result.json,409,73213440c93a8d2c2cb7a552b77a7ffc3858e11e639ad3e7b23b200ec5e3b381
experiments/2026-10-04_equal_updates/MP030/mlp_s12/history.json,7207,f0f741ef996397f9b87b9b6164a85ccaf73cc4d2d5545e8581d0cf97b016e151
experiments/2026-10-04_equal_updates/MP030/mlp_s12/result.json,407,ebd8f4be8b47ceddbdb6b87717486de20c28c587b576ae9ba806ddf15278b46b
experiments/2026-10-04_equal_updates/MP032/attention_s10/history.json,7243,b56a368bb6af4e78a5b9e8a6ffddf8ba5b1bec6286d7b06e0bc010400b3a92ed
experiments/2026-10-04_equal_updates/MP032/attention_s10/result.json,418,8692971dc1e814d3981c5521c04362d740f2d29001445f9822acd4ea5109ddb6
experiments/2026-10-04_equal_updates/MP032/attention_s11/history.json,7249,8b4f6e7eadc228c6a45dc68c1b500c32478d254e9df53d0661970661123034c4
experiments/2026-10-04_equal_updates/MP032/attention_s11/result.json,418,655ac8f389b090849a2ebbf8cead7a45b0e8de6c38e60754cead03126ca0859d
experiments/2026-10-04_equal_updates/MP032/attention_s12/history.json,7242,dcb04879f5bbab4b85e35e458bbe5d3b5f2d4e1180406cbaf7ae7964a79b97e6
experiments/2026-10-04_equal_updates/MP032/attention_s12/result.json,420,3ab8cc5beb276fe95cc0a122c65be9247e2076a2dd6b87c9a42c9cb94aacd050
experiments/2026-10-04_equal_updates/MP032/mlp_s10/history.json,7259,12296888480df8bbd69156d15a570ab763300cd135735c304566090431fbbbc3
experiments/2026-10-04_equal_updates/MP032/mlp_s10/result.json,410,61fe97aff836e1e8673505aadadbb15a8628428537622ea3650650366a461160
experiments/2026-10-04_equal_updates/MP032/mlp_s11/history.json,7257,990127c17957a7dfe4bf33f60fa503df82f54d62c5545d13b85c3a6c79272c58
experiments/2026-10-04_equal_updates/MP032/mlp_s11/result.json,410,bc51033ccb301d1a8af6b2e40e9503fdee953eb205c8eeb56a8d8e7216c0a81e
experiments/2026-10-04_equal_updates/MP032/mlp_s12/history.json,7265,2cf7ee014bd4a4eb09ed76e2b080f956e7f4d0201d1b86c049d70a0b81a7f075
experiments/2026-10-04_equal_updates/MP032/mlp_s12/result.json,412,cd07f9f9e4b6995a706516b73e3c75767d1024f6f59fe661cb69dbca986c34f3
experiments/2026-10-04_equal_updates/MP033/attention_s10/history.json,7199,2b2dbaf215f0b7bf9c95c85719eb50260bf9c70680d747873778362c7a1aed25
experiments/2026-10-04_equal_updates/MP033/attention_s10/result.json,416,28fe998e683d5f3d4e1f8fea8cbfb5d99d73574ad65327afdb7110e110c66e50
experiments/2026-10-04_equal_updates/MP033/attention_s11/history.json,7191,2c6696faafd1f83d017e9e10ca8da9d5665c87dba05bab4d0d004fc92f2b113d
experiments/2026-10-04_equal_updates/MP033/attention_s11/result.json,416,a4ad424aba59d407f2e6fb2b84ef26d095eb9b5c1703039966887c1e170a37ed
experiments/2026-10-04_equal_updates/MP033/attention_s12/history.json,7195,654e84771a4552cc268896d87c4177a239fef195534e3ed9d71ceb3a5b4ec1d4
experiments/2026-10-04_equal_updates/MP033/attention_s12/result.json,417,b5e09c3f1b4a15e572a832c0f4e5d3f148c21bf4a919ea5f01ecce0a30ddaedd
experiments/2026-10-04_equal_updates/MP033/mlp_s10/history.json,7204,d3d634ed2c22ed3b7ca25a2422259fc59757a70ab7c055519d8103efd28aa244
experiments/2026-10-04_equal_updates/MP033/mlp_s10/result.json,411,b9476dbb07d027beae166c66e0bbe615774482ae378a0b4138efa0b03f053e88
experiments/2026-10-04_equal_updates/MP033/mlp_s11/history.json,7195,9d407c3f62df397711af5d492a06c6016daa4636177ebdcffff35ec404ac6134
experiments/2026-10-04_equal_updates/MP033/mlp_s11/result.json,406,4353ef9d39bc8f2bb228b4f524240f7d036cf8e4ff2674a037414942bf781d2b
experiments/2026-10-04_equal_updates/MP033/mlp_s12/history.json,7205,ed92f72a22395de5b7b0893d3a147776adc4cce4eb023af44cf159f81d8fd46e
experiments/2026-10-04_equal_updates/MP033/mlp_s12/result.json,411,9d212686e88b2da9d26ddff1e2ffa5e83c2799a3745dbf66f0756b0b40158524
experiments/2026-10-04_equal_updates/MP034/attention_s10/history.json,7203,a226e67712649ac06208428acb0211fb60786886c867680e3cb78854de147396
experiments/2026-10-04_equal_updates/MP034/attention_s10/result.json,414,093b19432b15cb21d8fe740c14bac7e8b24bb8a44127d7fb2520db2a99658bd2
experiments/2026-10-04_equal_updates/MP034/attention_s11/history.json,7197,efc7d083fee660f1e8d5b21841785b05de7dc88ea0bff5b1fa5f33b449827778
experiments/2026-10-04_equal_updates/MP034/attention_s11/result.json,415,c182c3cd5ba427cccb37a676a0588e5f4f228cd4d78fd9105a5463d28ce871a5
experiments/2026-10-04_equal_updates/MP034/attention_s12/history.json,7199,e9b7cd69f1e6f69dba5ba533a475782ae634fac781ccc5daf612bce7be9c4b73
experiments/2026-10-04_equal_updates/MP034/attention_s12/result.json,412,e3f16c63b36173d908a22dd13520adb0d2307d093d2ab96ac4851d9209c477d1
experiments/2026-10-04_equal_updates/MP034/mlp_s10/history.json,7204,efde2d5719a8947effcb9e62776b974fc42676c45f2a2bb36e47ea835994aded
experiments/2026-10-04_equal_updates/MP034/mlp_s10/result.json,411,9ace21ebb25709bec0061ce94ab65c84a2096cecba1937afc090a8e9d52080a0
experiments/2026-10-04_equal_updates/MP034/mlp_s11/history.json,7224,868928a33c22eeb5e49b8b681960adb0ff0513c3e7198c3d6ae2cef2ab8e5d1a
experiments/2026-10-04_equal_updates/MP034/mlp_s11/result.json,412,402e2a781250a6c94b41bc86fb289a46475d0364dc49c688cd325dde5acd366e
experiments/2026-10-04_equal_updates/MP034/mlp_s12/history.json,7204,42e29b679c3bc0d1d122b800e80e015a4f159920bf0cb53707e273b329b3b631
experiments/2026-10-04_equal_updates/MP034/mlp_s12/result.json,412,1f9561fde4b7db9e1c7cc0de2d5793bacfe4246471fa6109bd312a2aa79bbab6
experiments/2026-10-04_equal_updates/results.json,9093,3f50add2d8f99d799857a8977b46fe6dd7f0a24313a3ba74b836f10585a05474
experiments/2026-10-04_hybrid_complementarity/results.json,51514,c945ae9669e3b0df1b07ca971c0958882fd404e8f4396b3eb41f464238e60e5a
experiments/2026-10-04_input_stress/results.json,247765,269be557209920ccf667c1fae156a0fe833fe8b8a77f5ff6601a7212b196c26c
experiments/2026-10-04_mouse_transfer/MP030/s10/attention_scratch/history.json,5983,3dee12db85675d11350cff160954a56191e45880ec92c980d554d119c060265f
experiments/2026-10-04_mouse_transfer/MP030/s10/attention_scratch/result.json,488,3c8a9f7ace424422da3f00053afc9b1c0b88ae7c3009d9e0454ede314cc7e39d
experiments/2026-10-04_mouse_transfer/MP030/s10/attention_transfer/history.json,5977,7b816f6e962893f739b2b288bdf475d83086cad1e5dfeab464015279b7c17443
experiments/2026-10-04_mouse_transfer/MP030/s10/attention_transfer/result.json,488,75d59b4728f5c8f1408bcf212ba025a330886609e471f4afec96ea93bd250555
experiments/2026-10-04_mouse_transfer/MP030/s10/mlp_scratch/history.json,5979,50f870214f15945ff27e5d065496b2529b2a4271c09efb1f5369a1ae1ec54640
experiments/2026-10-04_mouse_transfer/MP030/s10/mlp_scratch/result.json,482,dcd8d24bb232b49e7425920fa26254c5bb02c3e0334a78c94cd6857d88b9d3ee
experiments/2026-10-04_mouse_transfer/MP030/s10/mlp_transfer/history.json,5977,e8c711f30a24ef4b983b59d0e3bc81cd5ebe3016a5584d7eb11fb64899ac06be
experiments/2026-10-04_mouse_transfer/MP030/s10/mlp_transfer/result.json,484,edb4775fe39ecb2bf3f8cd4b43ff9200601ff37db4abed2a09b8707644260958
experiments/2026-10-04_mouse_transfer/MP030/s10/source_attention/history.json,7846,9a8fd7a89bcf1cf82d92c06db51c721c93bc025f8eeff5fce6fdb830d74a1de6
experiments/2026-10-04_mouse_transfer/MP030/s10/source_attention/result.json,502,5cb914414d280dcb665ad82363f1e680169727b7d73c751da5ba4b15150987bf
experiments/2026-10-04_mouse_transfer/MP030/s10/source_mlp/history.json,7864,081589731cc82c05c46609a7cc28922550bcf51f3471738731e2b66263201590
experiments/2026-10-04_mouse_transfer/MP030/s10/source_mlp/result.json,495,ecd05da2581fa558293b9db5b283c2f943dfd4e0c17eeb3fac675453969c66aa
experiments/2026-10-04_mouse_transfer/MP030/s11/attention_scratch/history.json,5983,0844461e89d2a4ed8fcf748dd7cd0d4fa8ea637304c8c4419d65bf7bb600d8bf
experiments/2026-10-04_mouse_transfer/MP030/s11/attention_scratch/result.json,488,6dac485d2d75ba429db88cf31b87ccecf906e899064136cab7e85851a5ee6867
experiments/2026-10-04_mouse_transfer/MP030/s11/attention_transfer/history.json,5979,d5a7123ea27862a04e6077fa53ec2e6a2fb8e6ebcbf870db6eed22de35fa6216
experiments/2026-10-04_mouse_transfer/MP030/s11/attention_transfer/result.json,488,319b9483e0fa3604d4bcebec09fcfe25c1e47eb2344115457da02f8e455d29ec
experiments/2026-10-04_mouse_transfer/MP030/s11/mlp_scratch/history.json,5979,89e0e2995f0e0729b7b30b066a81dc1b2f3f65871ea9e2e837719ef834d2cdfb
experiments/2026-10-04_mouse_transfer/MP030/s11/mlp_scratch/result.json,482,f741d624a6033b655172de51bc999a4e8d140d56431681c0ff71c62f4eb5071f
experiments/2026-10-04_mouse_transfer/MP030/s11/mlp_transfer/history.json,6005,50d4377295f66f8d54d3e38a40a219a27f1cb44cd7e4c53dea764e25377cf94c
experiments/2026-10-04_mouse_transfer/MP030/s11/mlp_transfer/result.json,483,f01af3f3fb31253561a9fced9b70eb6e553b11ed13069aea2075155212f0fe95
experiments/2026-10-04_mouse_transfer/MP030/s11/source_attention/history.json,7838,a194e755d483ea61bb58debe22277835d72840f7febd625140b793324c0dd67f
experiments/2026-10-04_mouse_transfer/MP030/s11/source_attention/result.json,507,c286bbe395327ce8f7abae0ac2273564fb1dfeeb98fa83bcef576f8ab11565bb
experiments/2026-10-04_mouse_transfer/MP030/s11/source_mlp/history.json,7863,24cad4650a865fd543c8a850fcad9db479203f733a99bdd02f47a30e39fa5e1b
experiments/2026-10-04_mouse_transfer/MP030/s11/source_mlp/result.json,492,0760777391a3d08dbf23d5384393482d256a15c7fa0e7b155a09d2aa67e8db6b
experiments/2026-10-04_mouse_transfer/MP030/s12/attention_scratch/history.json,5969,2b7cef8a6121b221bc8f20a6a59a413acacf820f437476db6f06529e5f98f328
experiments/2026-10-04_mouse_transfer/MP030/s12/attention_scratch/result.json,488,b804054b29aea1ff472511b39fa168712309fdb66012b8894c89fb87ac76fad1
experiments/2026-10-04_mouse_transfer/MP030/s12/attention_transfer/history.json,5973,9035787f89346d272c359193b0f0220041cb9c987bd499d3b43e7de57d626038
experiments/2026-10-04_mouse_transfer/MP030/s12/attention_transfer/result.json,488,f31e4c5f950b286210eea9f35b08964c5c5dcccb060fef367e7453dbe3a9f133
experiments/2026-10-04_mouse_transfer/MP030/s12/mlp_scratch/history.json,5973,2b7765137fcecce9c11b3f2d738cbe8b53b278be24f01fd8c485868244f81761
experiments/2026-10-04_mouse_transfer/MP030/s12/mlp_scratch/result.json,482,0fe7c6db3d6745747d1bb45c86d829a50f16b886eb17adbd30fe8831cd39a887
experiments/2026-10-04_mouse_transfer/MP030/s12/mlp_transfer/history.json,5985,a9fcca7c86e3f016786907d7b65531b12c8fb16bcd871f7af26a82aa4dc9d7ec
experiments/2026-10-04_mouse_transfer/MP030/s12/mlp_transfer/result.json,484,4a760d409e5797127fb977720385c17f3d8eea91c896af1082b14a5402c1e94d
experiments/2026-10-04_mouse_transfer/MP030/s12/source_attention/history.json,7844,bb89b212a21135144f1fe2cedd094e1ccd746ddaca5ae60dd6c465f0fca76d25
experiments/2026-10-04_mouse_transfer/MP030/s12/source_attention/result.json,502,d53043121edb57645bb1eaea2d3bb467e27462c066da2f848e4853ed5cada864
experiments/2026-10-04_mouse_transfer/MP030/s12/source_mlp/history.json,7849,be06af5305c19a9c1cdbd39a41601c5b7e5ca7802124fcfcb8ce0a72ff8ed311
experiments/2026-10-04_mouse_transfer/MP030/s12/source_mlp/result.json,495,38c6c2c57bb9ffd9b34107c4ad9a863c383367aeba3147ab595b41e493768bb9
experiments/2026-10-04_mouse_transfer/MP032/s10/attention_scratch/history.json,5981,a601c32958e0f86c2d49a75ae0e2c7393622eada96313a370b71b05894f58681
experiments/2026-10-04_mouse_transfer/MP032/s10/attention_scratch/result.json,488,1b4ddfbee7722f8b0d156c5f6682435ab77937168fec94ab8a861e4f9ea27761
experiments/2026-10-04_mouse_transfer/MP032/s10/attention_transfer/history.json,5971,bdceea1149c6962e91294c24c20dba697e93ff7f8e645c61c1fcdefd2111f5d6
experiments/2026-10-04_mouse_transfer/MP032/s10/attention_transfer/result.json,488,9e3557850f81fa5ecc48135ee8e9779877e5eb46b00633819b31f85aabe70a0d
experiments/2026-10-04_mouse_transfer/MP032/s10/mlp_scratch/history.json,5981,56bc5de1d3099f3ff2b3db02bf5b8b4321c080dbc81e9598baa94b4a23bf3b52
experiments/2026-10-04_mouse_transfer/MP032/s10/mlp_scratch/result.json,482,94e0d353d5da84be5916c737a3b5ff6afafa38fc8afef1cc2889d00075b6935d
experiments/2026-10-04_mouse_transfer/MP032/s10/mlp_transfer/history.json,5983,130abe1ab9a9cb0fcbf346992fda23b9fcca9650f5324ed67e7b4db03fb74ccb
experiments/2026-10-04_mouse_transfer/MP032/s10/mlp_transfer/result.json,482,cd8342ed9bf29be10b4aab63b6d9c16937fbbe37111b7589c049a4d75e2422fa
experiments/2026-10-04_mouse_transfer/MP032/s10/source_attention/history.json,7808,065360cf33410d232c6301e1cdd3298ab3f004b2cef306ebddfd8cd3c07790f4
experiments/2026-10-04_mouse_transfer/MP032/s10/source_attention/result.json,507,1e17e29b1ef7df53863a4764c780e3b7b0163a0bce07701acba9a54eb9f4b81a
experiments/2026-10-04_mouse_transfer/MP032/s10/source_mlp/history.json,7823,1da34bcb2535e49e8d0a47fc6636685ae9c5b5ef5cdcd8fd7e4c7737a7364012
experiments/2026-10-04_mouse_transfer/MP032/s10/source_mlp/result.json,499,2dc143e0128606493c843d757c78af28b875fd64620a264ecec0559edd7ef820
experiments/2026-10-04_mouse_transfer/MP032/s11/attention_scratch/history.json,5983,b1d1ac05fa79e14ba275a64168cc8ae5f77a2340ce5c62a0ed8df1ffcbee4765
experiments/2026-10-04_mouse_transfer/MP032/s11/attention_scratch/result.json,488,e0ef32008f95ebad0ad595b8206ce2e2ed3a33275ccfbe5b401af8067a847394
experiments/2026-10-04_mouse_transfer/MP032/s11/attention_transfer/history.json,5973,c7f203a619f321cffcfb48177c34cc42aafb2bf1a21cc2e1b257c014d907d871
experiments/2026-10-04_mouse_transfer/MP032/s11/attention_transfer/result.json,488,16267aa234e36d5b80207877f82350af9ad9eb4f59481dceb0ef558512e4d917
experiments/2026-10-04_mouse_transfer/MP032/s11/mlp_scratch/history.json,5971,37da18b39e5d6ab1e04ddc8f8dd79f48967a5bfa22b0bc998e22e92afd555349
experiments/2026-10-04_mouse_transfer/MP032/s11/mlp_scratch/result.json,483,b18c98495280b7b41f9a8b46aadec7367abefd755e368ec4c88f59f53585bd54
experiments/2026-10-04_mouse_transfer/MP032/s11/mlp_transfer/history.json,5983,c8e775c030d29b2acae2b16942da67faa0b3d94c568b578754401acb725d822c
experiments/2026-10-04_mouse_transfer/MP032/s11/mlp_transfer/result.json,484,85664f19a0f8fd13fdabab30d2a6f65748b8a21506160ce417b655713c263266
experiments/2026-10-04_mouse_transfer/MP032/s11/source_attention/history.json,7793,64b8747bf85e928dc68d336c34cd23eff15ae5e4d84d7a9192bad2133a161b0c
experiments/2026-10-04_mouse_transfer/MP032/s11/source_attention/result.json,504,4273a81e487053036efe5f40bf311dd3f806209cb4d09caad943c5e29505fe1e
experiments/2026-10-04_mouse_transfer/MP032/s11/source_mlp/history.json,7811,d4b6afb68cbfef1267d486cc7aa3757411ed6babf5dee985a80fd10f2d64da74
experiments/2026-10-04_mouse_transfer/MP032/s11/source_mlp/result.json,498,502db5e175991090b891fa1efcfb7ecbd0aea41c13b40053ea9dfae6869280b6
experiments/2026-10-04_mouse_transfer/MP032/s12/attention_scratch/history.json,5987,97658cc79340c9aad0fb5a2c96787c20b2b439bd5cac27ca1696771ea9a3e780
experiments/2026-10-04_mouse_transfer/MP032/s12/attention_scratch/result.json,488,e725938d61b107e3b9c53cc0d84249afd1c96e2ddb81ef1daaabe80b4ff939b9
experiments/2026-10-04_mouse_transfer/MP032/s12/attention_transfer/history.json,5977,f9c63d46b576d745df24f4213dcb548fd43a1977fad610f7b03ab9a4263c513e
experiments/2026-10-04_mouse_transfer/MP032/s12/attention_transfer/result.json,488,9dd683fd77acc17f7555e70f2bd3f767330b506e9e0e61f92c6328ab60e91864
experiments/2026-10-04_mouse_transfer/MP032/s12/mlp_scratch/history.json,5983,bffe2c638776ff6b99b08ce1b6948252b029183251ec659cb4928335c6c5a1b8
experiments/2026-10-04_mouse_transfer/MP032/s12/mlp_scratch/result.json,482,470c54ca260aba74b5872ddc3e7c92f6aa81a8b42a244b5ff0cc0108db0c5ba8
experiments/2026-10-04_mouse_transfer/MP032/s12/mlp_transfer/history.json,5985,2c8a948b4a083e79deddaec130437a32e953188936ffa8ef94fb0746af46b28d
experiments/2026-10-04_mouse_transfer/MP032/s12/mlp_transfer/result.json,483,1954e71a934789e91aa61a1fd67b24cb0deaa8ffd5cd9c1eef6e7f80566e4131
experiments/2026-10-04_mouse_transfer/MP032/s12/source_attention/history.json,7794,d4060cb95ee56c6371e1dc22d53428641626a2914ae0b579911e478771954640
experiments/2026-10-04_mouse_transfer/MP032/s12/source_attention/result.json,501,47fd13255c468f65d3b45db5395260ea006e9583947782af8f921ec65fbbe3a9
experiments/2026-10-04_mouse_transfer/MP032/s12/source_mlp/history.json,7828,7d831bd7a8fe107d521e6c28aa7b9c441d04b9b8786be2899959549e9106df69
experiments/2026-10-04_mouse_transfer/MP032/s12/source_mlp/result.json,500,19e65440931d93ee5731a0b4e0218218c57765ca5e9036feba9f9dd969e80857
experiments/2026-10-04_mouse_transfer/MP033/s10/attention_scratch/history.json,5955,17a31b58d1c432d30e7615068621c6052db9edfa47a47ceaeb6343b8167d4790
experiments/2026-10-04_mouse_transfer/MP033/s10/attention_scratch/result.json,487,b8a6922afb48b66bc0d8de65a1b34b2edda2c96e0772d8852cc38cd03126ef97
experiments/2026-10-04_mouse_transfer/MP033/s10/attention_transfer/history.json,5977,977aeb62716fa09205451da4eb13d11c7e13a2aff8eb258b741b92f81c2b9498
experiments/2026-10-04_mouse_transfer/MP033/s10/attention_transfer/result.json,488,877a5c6f6b1b061fc11656c4bdfd80d00753e5df92e6099292a1922aa6d60a6b
experiments/2026-10-04_mouse_transfer/MP033/s10/mlp_scratch/history.json,5965,f6e7d5e5758832133be2e5e37b9c2572449710888625da2a4cf510bb1b4c4b50
experiments/2026-10-04_mouse_transfer/MP033/s10/mlp_scratch/result.json,482,ec6a68db74178f0767883b1ca100296cc63e31d1e07c1892eff42f846f1c9fb4
experiments/2026-10-04_mouse_transfer/MP033/s10/mlp_transfer/history.json,5999,443ea768e4fd0052d0d20c4b57fb6b56633a9ea6b7ac7f7242c9662790cf4544
experiments/2026-10-04_mouse_transfer/MP033/s10/mlp_transfer/result.json,484,de4e2e3dfa3306fb286ac73dca6b0ba4c93c3a76cef8bb21cf1fa5e6691921b9
experiments/2026-10-04_mouse_transfer/MP033/s10/source_attention/history.json,7857,0b0773910e81e08326d86da28a446991ef9511b21d93f3b8c1fb3e4b82640e5f
experiments/2026-10-04_mouse_transfer/MP033/s10/source_attention/result.json,507,da4901eddf88c52d3dcfd0c6c6f0daa4e2c9605878a24c72acfba2f47f097273
experiments/2026-10-04_mouse_transfer/MP033/s10/source_mlp/history.json,7872,f0e8477b79e7dfc0b35517980e52db55f80933addf72876cebe2b711a5018680
experiments/2026-10-04_mouse_transfer/MP033/s10/source_mlp/result.json,494,c0cdad9834fe9829700cf472aed6b43e6280899fa7c2d644ed59e640e7cb38b5
experiments/2026-10-04_mouse_transfer/MP033/s11/attention_scratch/history.json,5971,a225947c4ae56d0561a72977033f57a3a66d2041d2988674f28b74f8fd73b0ed
experiments/2026-10-04_mouse_transfer/MP033/s11/attention_scratch/result.json,488,25529e22a0dd965eb4a5d136b47b23f93377d16705d958e8af804e8219a6c529
experiments/2026-10-04_mouse_transfer/MP033/s11/attention_transfer/history.json,5989,9584e9127c5c10cce9b5b084b6a81d1965ee572ee7dcbcd9a4eb6460d8d036b4
experiments/2026-10-04_mouse_transfer/MP033/s11/attention_transfer/result.json,488,c0645224ae1efd0312442709c15c2d01d2790b472dfc62d22272e12b7a95fb74
experiments/2026-10-04_mouse_transfer/MP033/s11/mlp_scratch/history.json,5969,56cd1dc8dc119c071c6bcdf22193e0a501b3f3e9723a66aace472f2fa54ecc61
experiments/2026-10-04_mouse_transfer/MP033/s11/mlp_scratch/result.json,482,c11b9cccbc4ecd35ad50e0163309f485bb410923a0c55ba6d785d243847f26f9
experiments/2026-10-04_mouse_transfer/MP033/s11/mlp_transfer/history.json,5981,0c1622bb64042a08e26119af3f9b04e1a6731fb211ed9ae61b02534dff7c9a18
experiments/2026-10-04_mouse_transfer/MP033/s11/mlp_transfer/result.json,483,8f0435a5de3e9b619855f6c2943876d835fb7a5d2226fbe092c2ae0359b328a2
experiments/2026-10-04_mouse_transfer/MP033/s11/source_attention/history.json,7850,40531c79c3a19ca94cd6ad0e75b9526e9615dc693a6923c0dd57eed51220d067
experiments/2026-10-04_mouse_transfer/MP033/s11/source_attention/result.json,506,ee0b4c1c3d1073ee73ff9e9da552e80e2714327a742fe768c3aae7e78cec9636
experiments/2026-10-04_mouse_transfer/MP033/s11/source_mlp/history.json,7873,6735f0b287c2b76a4036275f102a87ae5cb68f8f3c8fa6bb3d8222f780d5675c
experiments/2026-10-04_mouse_transfer/MP033/s11/source_mlp/result.json,500,b10947105ff56a1734be755dd40c701120c9f5b641f07206c17eeb78063189d6
experiments/2026-10-04_mouse_transfer/MP033/s12/attention_scratch/history.json,5963,971e5a8efc96e34837b9aa46f2f024aa900284175c66548af2c039bb5dfb331c
experiments/2026-10-04_mouse_transfer/MP033/s12/attention_scratch/result.json,488,3dcc99675ee4de295fd342ffaaa3f322200206c41ae5b726a3aba9be95bcf86a
experiments/2026-10-04_mouse_transfer/MP033/s12/attention_transfer/history.json,6005,cf03afe43aa862b5c20812d3a386d0288401f0f6deb590dac3d14d180d9688b2
experiments/2026-10-04_mouse_transfer/MP033/s12/attention_transfer/result.json,488,725fde2ff61bf2759a3786a77fa6224dfb5f60c65c5063e0c7c789e7e43d8a1e
experiments/2026-10-04_mouse_transfer/MP033/s12/mlp_scratch/history.json,5969,909fa48fa02145737e8717ad4f5623730c754d606b2395f9e756a033689b8218
experiments/2026-10-04_mouse_transfer/MP033/s12/mlp_scratch/result.json,483,28037335aa1692219c9a162983598cb6d3a9d37bdd062c464409af5465b1c910
experiments/2026-10-04_mouse_transfer/MP033/s12/mlp_transfer/history.json,6011,a006d6d5bfc5825a20a0f10f963d1678b07e4b90f7bca1534d7e2b593ef72002
experiments/2026-10-04_mouse_transfer/MP033/s12/mlp_transfer/result.json,484,8d3b496b989711b4f3d1d405d9dab1415c2fec6fa1c35eb70331f0b5c05e039b
experiments/2026-10-04_mouse_transfer/MP033/s12/source_attention/history.json,7869,8b66ba650fbb793254c4d467957ef2eb8ed2a8426f9cff1da614128b3b699b44
experiments/2026-10-04_mouse_transfer/MP033/s12/source_attention/result.json,506,876698ec66ec1ef16cfefd4059974cc5f85eeb8fe2a5b29d6eacbca136a9310f
experiments/2026-10-04_mouse_transfer/MP033/s12/source_mlp/history.json,7863,edf637dd3c0f2874b17512cb630e93c62331425f174212056f47b261c359b99c
experiments/2026-10-04_mouse_transfer/MP033/s12/source_mlp/result.json,500,713b850323dfa461b9ea5ca31507a3b773bb24fdd4603c50e58baf0a8b4ebda9
experiments/2026-10-04_mouse_transfer/MP034/s10/attention_scratch/history.json,5963,6165d97aeea087df2a7fb2110ce10feb13946e6469b2a4e5fe65396f9556580e
experiments/2026-10-04_mouse_transfer/MP034/s10/attention_scratch/result.json,487,a365ca67bca80385be03a0dc8b8dcbad8dac138510962d67be9939c2c7d202cf
experiments/2026-10-04_mouse_transfer/MP034/s10/attention_transfer/history.json,5977,724f70011c63de5f81896a1d9e4b7e2323d56412da2424a204fe0ea42b3ddde1
experiments/2026-10-04_mouse_transfer/MP034/s10/attention_transfer/result.json,489,a7483c88aefe65dfcbd98f867c28d37247d57d2be1a22b4859e1f4900cf2f421
experiments/2026-10-04_mouse_transfer/MP034/s10/mlp_scratch/history.json,5965,3217e591e3465137939d690b8043526b6d2ac33435ba02085528fc69b6d77dd1
experiments/2026-10-04_mouse_transfer/MP034/s10/mlp_scratch/result.json,482,0ece99e7544d1471953816457d386f8403a13989391cb807999bbccfbac7ceb0
experiments/2026-10-04_mouse_transfer/MP034/s10/mlp_transfer/history.json,5973,2028dc1130b3f94e007a685971b01d50964fab145e99d45e803eed2bfe58cd0b
experiments/2026-10-04_mouse_transfer/MP034/s10/mlp_transfer/result.json,483,d063a96772300d3ad70b8263f756973594fb1809327ecfe48c18458faeab6cc0
experiments/2026-10-04_mouse_transfer/MP034/s10/source_attention/history.json,7853,ceaa497943eb8f52a8e6c2fe02177817f2a719ab46528d8ec9115fab5a914b55
experiments/2026-10-04_mouse_transfer/MP034/s10/source_attention/result.json,507,9289553b379f848e9d6492efc83ee2dde3f57e84b8a6dca10e33b883b0e2a334
experiments/2026-10-04_mouse_transfer/MP034/s10/source_mlp/history.json,7857,7856bde9ad82bb97c1be5898cb4b5d66e6107c8a73026dd046afdd2badf67a20
experiments/2026-10-04_mouse_transfer/MP034/s10/source_mlp/result.json,499,6c3490e18147be9bef7ce63d5b95536f343f91dc403c67528a9088ba78d34770
experiments/2026-10-04_mouse_transfer/MP034/s11/attention_scratch/history.json,5961,07e5843c733d1d33de5134b2caed026d7dbd5d1a64bb58000ce435144cd89017
experiments/2026-10-04_mouse_transfer/MP034/s11/attention_scratch/result.json,488,227b3b03eb65f8cac01ccf8b1ce02fe4741a326a86c53497cd900bbe5d9a75a6
experiments/2026-10-04_mouse_transfer/MP034/s11/attention_transfer/history.json,5973,4263485a193c4eb8903d602b77faa0fe94ba91b2f17276071829fa672f09bd2f
experiments/2026-10-04_mouse_transfer/MP034/s11/attention_transfer/result.json,487,06181108ba63c5388dadb1b54c3f8f665458ebb70a1b5c2149b3707a0c39a3b0
experiments/2026-10-04_mouse_transfer/MP034/s11/mlp_scratch/history.json,5967,526533663c4353532049e5096ec252ff46850119c2e85e8916b832562261bbc7
experiments/2026-10-04_mouse_transfer/MP034/s11/mlp_scratch/result.json,481,a0905920412b9c747af3cffbed2b2304a07da5457e6c136e9044c51d45daef96
experiments/2026-10-04_mouse_transfer/MP034/s11/mlp_transfer/history.json,5979,c38194d59042370542469abbc17923d94409869df153a51a4ea0fd69772ff363
experiments/2026-10-04_mouse_transfer/MP034/s11/mlp_transfer/result.json,482,179311d697a8939d6c47fe7b96732d2735fa3489999898717f7d3e3f0dce334c
experiments/2026-10-04_mouse_transfer/MP034/s11/source_attention/history.json,7860,fe54543302e99c8d3bc7c7fe4de8c480b2fbc14ef94a6890854afd8a69ab9d10
experiments/2026-10-04_mouse_transfer/MP034/s11/source_attention/result.json,507,07fad78dd32579b01ea5546718653c53f18c242b42b1e95a919c5244e9a03816
experiments/2026-10-04_mouse_transfer/MP034/s11/source_mlp/history.json,7862,d0980870a2f5ac4d5695906ec47bf77dc5a369057af9a1970cccac4389a63754
experiments/2026-10-04_mouse_transfer/MP034/s11/source_mlp/result.json,498,be725e6cb4b73800deb3ce2ee4b2eebbe224f9ef05020767c054d3e74eb68b1d
experiments/2026-10-04_mouse_transfer/MP034/s12/attention_scratch/history.json,5967,13e6c69cb11043e720a0796f0bfaf30a830eb8f68b66a65ccedcf1b3e1e6186b
experiments/2026-10-04_mouse_transfer/MP034/s12/attention_scratch/result.json,486,0620d624ddb6978b36b232669117452f174fc0c1223f876817a802766ca38e71
experiments/2026-10-04_mouse_transfer/MP034/s12/attention_transfer/history.json,5971,d566b7df3cca39978f99b736c00438d9a039f610ae251753369e263632bf0a72
experiments/2026-10-04_mouse_transfer/MP034/s12/attention_transfer/result.json,488,763f919cde06cc9ea11c2c721cdd9377fb51bc1ed8943adca9e8d1a82b93cda8
experiments/2026-10-04_mouse_transfer/MP034/s12/mlp_scratch/history.json,5965,1753fde82af17c156d3bc0670da47d49c513a7e87c3d8432787063fff3a685d3
experiments/2026-10-04_mouse_transfer/MP034/s12/mlp_scratch/result.json,482,291c01cc34d6e9c9fe17f80969616f9632a666512c6823ca8a0c8a5a06d3d3dd
experiments/2026-10-04_mouse_transfer/MP034/s12/mlp_transfer/history.json,5969,4ac67d4c15cafec5c5255597919f5700195b75dad7bca16af68268b9108e6564
experiments/2026-10-04_mouse_transfer/MP034/s12/mlp_transfer/result.json,483,d5de8616b330655609f8cc0c891e167e8ed70a6a5705489ffe794dd568eac699
experiments/2026-10-04_mouse_transfer/MP034/s12/source_attention/history.json,7865,7d5ff7a65597e56d87c31076329836c2150c6069f6d2edc69fcaf1ccbfe87681
experiments/2026-10-04_mouse_transfer/MP034/s12/source_attention/result.json,497,e50dfa12acf689feeb94576cd0c231612a7820270823749ea08411e8dd57d567
experiments/2026-10-04_mouse_transfer/MP034/s12/source_mlp/history.json,7866,fadbc0c9ac7a23abbeedf470d6e30cbb5877e724b2cbdf29bce6a99efe324c12
experiments/2026-10-04_mouse_transfer/MP034/s12/source_mlp/result.json,500,ff1baf61c9ce7e3067b4b50153fbe1f390f7394c84250d508603e8503d2a1c28
experiments/2026-10-04_mouse_transfer/results.json,12183,ec758a578400ecfe263ca8c8b22770d30794f033b2e3d9164e60d24c8f734e4d
experiments/2026-10-04_neuron_information/anonymous_attention_s10/history.json,15361,054f3374dd84de23c767781f1ff47cce099a4299789cce51847af93f09eb0871
experiments/2026-10-04_neuron_information/anonymous_attention_s10/result.json,1743,584ec9cab5d4157c257bf73eaba39a83dbe797294768463b20eabb2a27487800
experiments/2026-10-04_neuron_information/anonymous_attention_s11/history.json,15360,a3bf7f379e0280ba84a907474b1e4c5d18e078224ba4d0755309343c832653a4
experiments/2026-10-04_neuron_information/anonymous_attention_s11/result.json,1739,cffbc37731ff2369bcb7f16f3d0ee3233ccac992e100441f3d4b95d3f9eb7e8f
experiments/2026-10-04_neuron_information/anonymous_attention_s12/history.json,15345,2e91d50bb1b271874cb172018481284b3373b6cc660e2c35dfcbe5e5dafa3d68
experiments/2026-10-04_neuron_information/anonymous_attention_s12/result.json,1734,aef71f19cbfeb2da04ecd22fccf294ad0b0fe342c68e9709d0bbf7f7995d66b5
experiments/2026-10-04_neuron_information/anonymous_mlp_s10/history.json,15358,8d284c324a297d382fa6b51908c36f9b51a6488670a11b00bd61be6c61202ab0
experiments/2026-10-04_neuron_information/anonymous_mlp_s10/result.json,1730,ec81c9bcf6046d082cabebeb62ff3e8a9115b6da780a2036d9e53fba72cc5cb9
experiments/2026-10-04_neuron_information/anonymous_mlp_s11/history.json,15350,2d9de3f8104d30ace48dc8924d94a5408a3414d6f30a6e57a91f7c8c62b8fda9
experiments/2026-10-04_neuron_information/anonymous_mlp_s11/result.json,1738,d3edbf70131937919c860e4290ca96569bc812288f831d275b0546df5da08d01
experiments/2026-10-04_neuron_information/anonymous_mlp_s12/history.json,15334,43c38015f6b950aa604ce51fce975a035c5895beb85ecc5969c2565c120d85d0
experiments/2026-10-04_neuron_information/anonymous_mlp_s12/result.json,1731,63e5415e987a123c6063309900dae1968ef6b1e85698294c7245c7283c96d019
experiments/2026-10-04_neuron_information/results.json,19125,fbaa4081bbac5aa8cff989b662b72d12680888e539990f9b9ad3df6cbd3014fb
experiments/2026-10-04_neuron_information/statistics_mlp_s10/history.json,13870,4772a234a2f7630d358bf759ea02922f5eb9f50c99439005ce6d8e34a1b6e1d2
experiments/2026-10-04_neuron_information/statistics_mlp_s10/result.json,455,6bacfca9dfb0f1025a4cb412dac573f9bbe4e642a4da11ac3cda7d24404a3a2c
experiments/2026-10-04_neuron_information/statistics_mlp_s11/history.json,13860,c5331a77c7d9b6faf17992c0004db22c5a4cc17869ceb289d8cc163454005e64
experiments/2026-10-04_neuron_information/statistics_mlp_s11/result.json,454,b96a9bfa0a26ddc9bfa0b4bcc9cbb4a903973129c2a37ec40e620bd312d09ed1
experiments/2026-10-04_neuron_information/statistics_mlp_s12/history.json,13859,1fe657a11edc60a78655d2e95c446d71a481317dc7a9e9db6d0609ce003ee18e
experiments/2026-10-04_neuron_information/statistics_mlp_s12/result.json,457,fe475ccb2b141e7a1a50945da99761617ac475563d16a563ea6cc024330f0ec5
experiments/2026-10-04_neuron_mask_training/attention_s10/history.json,19300,4078c0a05225e72e25054d8cb7ee7cfac04d8d9803fd096769b0ce5f24967750
experiments/2026-10-04_neuron_mask_training/attention_s10/result.json,411,6ef83d535a100c78fbcec673eb3c99410f168fcb05a7de6bc66e58e1fc1a9de3
experiments/2026-10-04_neuron_mask_training/attention_s11/history.json,19303,999e66ca439d8551904400b0e8475222d15e61102598267a5e3c78437e0c0349
experiments/2026-10-04_neuron_mask_training/attention_s11/result.json,406,ab0b9c3cd0f7073c05142e706e873431b1195bfc1697ec99d8bb432b03deae08
experiments/2026-10-04_neuron_mask_training/attention_s12/history.json,19322,ee0696a69a66d8c9361d8480550c3f1948bf710fbcc28a99195d17bd2e6e8da7
experiments/2026-10-04_neuron_mask_training/attention_s12/result.json,408,cdab7f6ce2804db977993c5d344fa6a29e13da7dca7626842247d47dfc0cf2cc
experiments/2026-10-04_neuron_mask_training/attention_s13/history.json,19321,7ec8ab639bd89836db67fd6009ed052bf94ae215f39b7acf5cda9aa64d2ef059
experiments/2026-10-04_neuron_mask_training/attention_s13/result.json,411,feb66c80b464bb46fe74faba561d0e9000e4102e42248e9607efeee35e5acb5c
experiments/2026-10-04_neuron_mask_training/attention_s14/history.json,19300,24232810b439389ab62e22740cda15c8b32607d4a6d7fbcf8c07819342634b5d
experiments/2026-10-04_neuron_mask_training/attention_s14/result.json,406,5bdaacb08cce489fade0665c64f0fee42b9fef5f2d621f277f95798ee03f03d0
experiments/2026-10-04_neuron_mask_training/attention_s15/history.json,19306,cf2fd4dcfd41c7a26f16d826b5d6c0d7127e7886261c199753e38e1eda481720
experiments/2026-10-04_neuron_mask_training/attention_s15/result.json,410,cb1a17d12c28751c6e80dfa4f6b3dd625803f9da7fb3bc17851c5440de611fd6
experiments/2026-10-04_neuron_mask_training/mlp_s10/history.json,19324,394157a41c9bd79e2a88e717f9a28790c56bd49a7137733ffbfaadf3395d4e6e
experiments/2026-10-04_neuron_mask_training/mlp_s10/result.json,405,8f48fbf728bf9fb8e8d2f1ab8c054075d744d345aad4b1c18e993fa9105d3e85
experiments/2026-10-04_neuron_mask_training/mlp_s11/history.json,19325,f1a0c6ef0616a76302416b07dc8c5a413ddb9ab31a6380e54c7b6aec997b7e99
experiments/2026-10-04_neuron_mask_training/mlp_s11/result.json,405,a7a8c9eceea6a0085512411b8654fcb1fc027a7ec853b54625e842b0a361d4d4
experiments/2026-10-04_neuron_mask_training/mlp_s12/history.json,19315,7f40826d3c0124c5a118d8b59ab612e8bd537340d1b3ce26745c7ac31d05ea76
experiments/2026-10-04_neuron_mask_training/mlp_s12/result.json,404,23d374f909b7b0c5f4fd6b202c3136f376cb382d307e8fa9834c9ec0ec312284
experiments/2026-10-04_neuron_mask_training/mlp_s13/history.json,19341,03b818f9a10f418f9ef1e15a65a31edcb6173a21b5b3bbb8031fa81299c8fa95
experiments/2026-10-04_neuron_mask_training/mlp_s13/result.json,405,86feb61e6a93126449a7e21ac261c1241c303a6a0d8daf77ccdda36a66f44317
experiments/2026-10-04_neuron_mask_training/mlp_s14/history.json,19323,49aca5a4989062e67a530e9b589b4b2779ffdcdeae7873ad80bdcc14edf01720
experiments/2026-10-04_neuron_mask_training/mlp_s14/result.json,403,1eb957a508d568dccf6e3feb7700d59e98075dc7258cf70dc785ccde594990fb
experiments/2026-10-04_neuron_mask_training/mlp_s15/history.json,19315,1ca047c3ee452ed46eec68c8ecb806f0c1e6d8523b2748c65b5a705eef1d0759
experiments/2026-10-04_neuron_mask_training/mlp_s15/result.json,405,f465793c0c23e7f49a345d67d7abc27160afef05013dfd49f8c93d330f778782
experiments/2026-10-04_neuron_mask_training/results.json,556658,21f9c282126874bf52a5a2206b80a8ffc980c0ef04414bf385cda717efd5ecc7
experiments/2026-10-04_output_calibration/results.json,98867,0577708b08d960e01a53a3c0aa6b3977bddc1b3de833ea841f866a81d7f9acf1
experiments/2026-10-04_shared_population/attention_s10/history.json,15210,f10993030658b83ec61893e1f90bf55c006767914a94ed904002b4f2d9b763dd
experiments/2026-10-04_shared_population/attention_s10/result.json,435,91de034e60bf0e57cac3848f64f5021d2ee7ad5ae8c63192e17702301109ac0c
experiments/2026-10-04_shared_population/attention_s11/history.json,15220,a9b65f6c28fd8138cb29784f4911306d43eb5a9879e6753660d05b4e22c61acc
experiments/2026-10-04_shared_population/attention_s11/result.json,431,b6f0f33242094aadd6a42d0c145f8ef6b0f1db607ed2bf21583deb65ddf4e610
experiments/2026-10-04_shared_population/attention_s12/history.json,15198,108056d98c58b942a62a768383865952fbfacebf50377ed0bb2049e24f9506c2
experiments/2026-10-04_shared_population/attention_s12/result.json,433,01e52c1e4462fd78833dbbf99bdcce28af53537831820f0b602354c4569b76c4
experiments/2026-10-04_shared_population/attention_s13/history.json,15192,cef7443d3e7d4909f800a1576ae805b32cfe01d6c0c8cc907e4ed65f44ead636
experiments/2026-10-04_shared_population/attention_s13/result.json,438,2db247fb3c26209593bec3fc72014372d7cf42e07caf0ef028196549cef44227
experiments/2026-10-04_shared_population/attention_s14/history.json,15211,d8beb58e922fca5a42b3e0b313b470e3e07e62de1ba6bab06a5361284cab43cc
experiments/2026-10-04_shared_population/attention_s14/result.json,437,edb55143600d3752918663dddab4cb6a94edaf086dd6039946863db9447ab402
experiments/2026-10-04_shared_population/attention_s15/history.json,15208,ad39d639a2e42a09585e8c965c6c05946b5ae284ee3b5fa780d0a0985291915d
experiments/2026-10-04_shared_population/attention_s15/result.json,438,8f6ed7eed118e7e57d802567461119a5ba89eee852f1b4311f1c279c67aa0fce
experiments/2026-10-04_shared_population/mixer_s10/history.json,15232,11dd7ef752cf88311ae68834e220bb141cb1f9e2342d2b8aecbcdda51b87efbd
experiments/2026-10-04_shared_population/mixer_s10/result.json,436,d67780b55d7d06cca5343143a4cd175bd1c487b6c579a09265515f9d6d97c65a
experiments/2026-10-04_shared_population/mixer_s11/history.json,15221,07bae8020e53c1bd1f15df1814199f546e3c0f3f4c6e658e6ba5d1dbc9bc5c82
experiments/2026-10-04_shared_population/mixer_s11/result.json,430,f009b2eab3ebc3591d4d76e786e61a993e5f623bb2e8641a704861bfdd47a3bf
experiments/2026-10-04_shared_population/mixer_s12/history.json,15225,a3f77c9dc57ed2f178f846497acbd1a029f6bb7fd12ecf4f9831905bcb9f5a45
experiments/2026-10-04_shared_population/mixer_s12/result.json,431,2673f7825507293229afb64e8fd811e688b76a84f35aebeb21d8232ac15e81e6
experiments/2026-10-04_shared_population/mixer_s13/history.json,15231,502e20336bec3ccdde3d4f3b9110de7b0f7994f59e1ca5121d005b91640c6834
experiments/2026-10-04_shared_population/mixer_s13/result.json,433,8c38ae5baadc17be5f566f57fa6d77fb3b53a755bbd683d8b085704c9eea3434
experiments/2026-10-04_shared_population/mixer_s14/history.json,15221,8b21d8b5164dc2411ee14297884c2007923464609cdc92a31a72649cfb9a20ea
experiments/2026-10-04_shared_population/mixer_s14/result.json,436,e3ff4a2e33cda39e9f743c69de97a6201d7c26aa7ffa2bf7707a0c70bc08baea
experiments/2026-10-04_shared_population/mixer_s15/history.json,15226,3adf842ce1e1e69af354bb9ade7fc95468abf94db7a2a68f772c6b209df966e6
experiments/2026-10-04_shared_population/mixer_s15/result.json,435,0e694c01a9f8a5218cbc57762ae5d6b52e8e2ad7cd1a9f14b167f8ddafcc9ffe
experiments/2026-10-04_shared_population/results.json,41119,540012ea3704efe099a4eede247c4b2619a7bb3eb3dfee4ae6f34e9b0d77ad2f
experiments/2026-10-04_speed_change_feasibility/results.json,6063,cf6cae24ae0b8693f7408ea45fa33501a3f296747109875e0dab5ca49d582021
experiments/2026-10-05_interleaved_replication/dynamic_s13/history.json,15195,efc4e2901c338854d857bf8a878252aaf5cd6ea28f34bed0ce765a38b14d8110
experiments/2026-10-05_interleaved_replication/dynamic_s13/result.json,478,fa05933256b7132dda8e3cd2f2fc1947f8ee7d9652c21f2f677cf8290df4e06e
experiments/2026-10-05_interleaved_replication/dynamic_s14/history.json,15197,021b5705a89bf1ade9018bc6ffabd473c6a2c0323768beefb5514fcf416b6702
experiments/2026-10-05_interleaved_replication/dynamic_s14/result.json,477,1ad203a4b67c18afd27997a1ddfd16b9135eab8f22f38e2613ddcae42303cf01
experiments/2026-10-05_interleaved_replication/dynamic_s15/history.json,15191,e909eade23aa17b6001cf63c6b19373c058a3c1dd852c47366f428adaa48ea35
experiments/2026-10-05_interleaved_replication/dynamic_s15/result.json,478,4191e450891dbffd51fd8c4c905f3e26e654069cb48f42fb50a80620fe3c4190
experiments/2026-10-05_interleaved_replication/results.json,255619,ea06a36779ea0fcedb1e3bbe6af92f6118f8698f85618631773b1b7e0f4510f4
experiments/2026-10-05_interleaved_replication/static_s10/history.json,15224,82c777ff72683a02ddb3d3e2a3964fa4a00f18c0ce8b440fdf36482291189ff6
experiments/2026-10-05_interleaved_replication/static_s10/result.json,475,91394bfb427dbbb5c38412580eaf8590e1cf1559b26e467dfb89d58d11e75e00
experiments/2026-10-05_interleaved_replication/static_s11/history.json,15205,cee6123a981e19de1b021ff672afc9f5ee4cd851a5dfd5563d28fc47d0b8ef8c
experiments/2026-10-05_interleaved_replication/static_s11/result.json,478,2a6238df586829555930ea6f73ae66be6b623c9ff712c0ee5ee16ae4d4cf93bc
experiments/2026-10-05_interleaved_replication/static_s12/history.json,15204,7bde8354347ddd33a1b6068fc2fabe7e00ebe4a2472d4ce2d11db7716840fac4
experiments/2026-10-05_interleaved_replication/static_s12/result.json,478,d64a5156c0b428756e4510c6a943bf3a196c014db8f43b218a2e9976427663ff
experiments/2026-10-05_interleaved_replication/static_s13/history.json,15201,a7b116f4f7b1f6d5bb58c9e7d93d6f0d8ef39f9aa0c9970846eb369441396665
experiments/2026-10-05_interleaved_replication/static_s13/result.json,481,4deb5b5de98090590011f3c7097f0d3e2e4648b55016b051898665863913de0e
experiments/2026-10-05_interleaved_replication/static_s14/history.json,15197,c169789a57b18026b8464cfaf3094f27f65193b17988a9b7920921762390bf94
experiments/2026-10-05_interleaved_replication/static_s14/result.json,479,504ecfbb2542bd4cee4a1136d82070a020430ebda137d15b84e6b60c31de35ff
experiments/2026-10-05_interleaved_replication/static_s15/history.json,15222,950c1be5031ae89d79a0409d77f9b5b24473c2f0a972f2a6f5e002c2abf4c85a
experiments/2026-10-05_interleaved_replication/static_s15/result.json,477,59b921823013ec8ecace611eebc7ed19d7560243b57180df9c831b119e985971
experiments/2026-10-05_larger_panel/attention_s10/history.json,15221,2b9b1aa5528027763dc43f7347241d7356360cd4afad53dba7373a31aa6b5403
experiments/2026-10-05_larger_panel/attention_s10/result.json,350,9f55e4f59cb4b1e0ceb1bd9eb5cbea01d430ae8311d10eced7bfbc318c7beaf3
experiments/2026-10-05_larger_panel/attention_s11/history.json,15221,811421539eb741f3e13a8599bd638fa4ae5cc4a64770926c6970c45ecc71b293
experiments/2026-10-05_larger_panel/attention_s11/result.json,349,0b30496956346fe8550db7e70d19e03a4e4432b98bd2f096d5bf50f3269d4810
experiments/2026-10-05_larger_panel/attention_s12/history.json,15217,66a4f96382150dacf179173868ac5bdc57da863bb6ca0efa38f4185cc6e546e3
experiments/2026-10-05_larger_panel/attention_s12/result.json,349,d95e497b5a7fc3d04be25d2f382deb553428cfc712a9f02d0588dabda31044c5
experiments/2026-10-05_larger_panel/mlp_s10/history.json,15222,e7779e7dca751b559683292a5fd86b328ec889bb8c10ce0aa6108af86431060a
experiments/2026-10-05_larger_panel/mlp_s10/result.json,338,d81bfd2028841dd1002b30395c4a79f008995f9bb95c4c84dee24c5a8d57fb6a
experiments/2026-10-05_larger_panel/mlp_s11/history.json,15267,a526ae3736cdfcef9cc7abc87f177ad1e08206a5ea5bae8b70f1a72521d2e061
experiments/2026-10-05_larger_panel/mlp_s11/result.json,342,9f5c191fee34a4ab7676842277eb5981fd0b2d296bc54a34d99a427335666bf1
experiments/2026-10-05_larger_panel/mlp_s12/history.json,15227,95744eab5c6af46230302c6197f7fafd0d8a07642ba803107c8c0e9d73cc3952
experiments/2026-10-05_larger_panel/mlp_s12/result.json,338,80d713b44b243b391e884e4d09506020dc8f158ff18b9df5fdeec737e45df2b4
experiments/2026-10-05_multiquery_readout/dynamic_s10/history.json,15178,c68aac0512554c8d73255f250a45294909dc0cc6961032396ae5a9bb0890e74b
experiments/2026-10-05_multiquery_readout/dynamic_s10/result.json,484,53acf6b379633c51d2f3f4f26d5f43cb52f1e6f3481d65152a5a5f6535d6b4a0
experiments/2026-10-05_multiquery_readout/dynamic_s11/history.json,15186,fa910c642fa69d4ae15205341564ec31c5bab5a53b0bb0ba81e5b6d1a6d231a5
experiments/2026-10-05_multiquery_readout/dynamic_s11/result.json,480,74e7bbc895fd5036496991a58480d0896a8121b3402fea4d0d552545ac00c572
experiments/2026-10-05_multiquery_readout/dynamic_s12/history.json,15192,ce8a0c8b4df79c45bfc70318e1a12f864ee41960a9d1abce39c9a6fff969f08e
experiments/2026-10-05_multiquery_readout/dynamic_s12/result.json,477,8ebc1725e38c6ec42cc67bb12382620de2bc0c53b9df7f8e438321a5872a3232
experiments/2026-10-05_multiquery_readout/dynamic_s13/history.json,15175,dc652657627b77cbc8c5c8d65d74898cfb6e526096cce5fdb2e2576cf99e6566
experiments/2026-10-05_multiquery_readout/dynamic_s13/result.json,484,5cc4da7545f14b3a878639bb16c007ceb1208536ab5b47405c8180f2577cc6b8
experiments/2026-10-05_multiquery_readout/dynamic_s14/history.json,15185,6111cfa7adc89e569030ff2ab9b0efe1dd34b490067085e78d70069e1c46d064
experiments/2026-10-05_multiquery_readout/dynamic_s14/result.json,477,ba3db65e9a76af15bce84b88da7cd7bec3916bc8f35a550476029d90cb83dbc8
experiments/2026-10-05_multiquery_readout/dynamic_s15/history.json,15183,ab9aa79ba7a719206873e53559b3b59e92ada6df74a4282940e3c4bf5184079e
experiments/2026-10-05_multiquery_readout/dynamic_s15/result.json,479,b8163431512e7b2290b505ad2b7a6661e6b3e80d995a2a10b058ba310eb8c8fe
experiments/2026-10-05_multiquery_readout/results.json,55057,770a8a0d90321aef65bc8db7efce032267b76e563fcf4eb5062b7ffeee1c6e0a
experiments/2026-10-05_multiquery_readout/static_s10/history.json,15200,f0469bafdbcbe1848053d51f2c0fa25c89c38a0296e776eea7f1c19388b19d31
experiments/2026-10-05_multiquery_readout/static_s10/result.json,482,331372cc42e19b236dddda38ca52573856641377e4520a8d74894bb7c976da6b
experiments/2026-10-05_multiquery_readout/static_s11/history.json,15217,ec44b72282d8eb421cb2e4830e93e1540697b302936edff70e4a447b44651aae
experiments/2026-10-05_multiquery_readout/static_s11/result.json,483,e31493d7772f8bb97743176548ef7ee577853ee6e5d8b90d6adb7d5ec33edacd
experiments/2026-10-05_multiquery_readout/static_s12/history.json,15208,fcd67ed9320ecfd8ad77a911d3e48366d70713d314f598bcb87c4b4b3708b208
experiments/2026-10-05_multiquery_readout/static_s12/result.json,478,91b8823d4bbb485d82a5b2543def866719c6f447d3188bac78c6d3ea5f4a993f
experiments/2026-10-05_multiquery_readout/static_s13/history.json,15217,9f1fbdafc4c5e85be51f0653c6bf6b49741b292163eed49bd4363e8b4d4238c9
experiments/2026-10-05_multiquery_readout/static_s13/result.json,483,379028a85e0ae90bbda31b81707e205bb569d8aa638eb3513c89666a64b5a347
experiments/2026-10-05_multiquery_readout/static_s14/history.json,15213,afaa2c73c0b1640c71177bc250deb16ec5fffb1ed1560759c2bef1c3e3593cef
experiments/2026-10-05_multiquery_readout/static_s14/result.json,476,9a6d274ae4e6e5db6edcc9024f6484fb9847c6eafa292091351df772e1af99cb
experiments/2026-10-05_multiquery_readout/static_s15/history.json,15211,109cc1e53c101f6387537bc1c24a82fc0a46aa590864bdfdd012206577d1853b
experiments/2026-10-05_multiquery_readout/static_s15/result.json,476,6edf4065363c81f99908e6f8fa33ee377c1243c49c05fef1b62db24c51dd7875
experiments/2026-10-05_neuron_panel_pilot/MP030/result.json,1332,4e5e8eceb64c7dd0320be863e8d3d393d9c0decbd6ed3059d95844f3a2737fed
experiments/2026-10-05_neuron_panel_pilot/MP032/result.json,1355,2740f6ae0ed6fa08bc2c8286d7264fae72dd04d6cda0512f96f0dd92c6ff2d45
experiments/2026-10-05_neuron_panel_pilot/MP033/result.json,1326,3c60d93fbba0420be1dae51a92c3923cb65d2a13e8684400e46a4caa68af95fe
experiments/2026-10-05_neuron_panel_pilot/MP034/result.json,1329,7f2d92dbe7cd85c94861cb72578619b1a045dac4f11d6d0f164db9c90d2769ae
experiments/2026-10-05_neuron_panel_pilot/results.json,6799,86a7d4254982334aad9ae9d469881ed5e0bf18cfa28b557a6c7e656e9ec8e11a
experiments/2026-10-05_shared_confirmation/continuation/attention_lr1e4_s16/history.json,9676,0462de410979e304a933707d881a9b01b595b5c90913aaaf3166882c48fee6c5
experiments/2026-10-05_shared_confirmation/continuation/attention_lr1e4_s16/result.json,1238,eeb5885a3c7626f5694d3812db0bb23d6c1b666ef158543381b211bb42708a94
experiments/2026-10-05_shared_confirmation/continuation/attention_lr1e4_s17/history.json,9700,1f9ef6d9444f3d029a141bca381f8d13fe254c814d41e4ad27c2a30c933f454e
experiments/2026-10-05_shared_confirmation/continuation/attention_lr1e4_s17/result.json,1238,a96c2f59befda81bd3145f9b57c2d236e9a9f82227e2fddd6bb3363df6dca80f
experiments/2026-10-05_shared_confirmation/continuation/attention_lr1e4_s18/history.json,9680,a43e8dadd23d4bfcd226d9f4ca5a3e09390049f89a38466c79c0289ae531607d
experiments/2026-10-05_shared_confirmation/continuation/attention_lr1e4_s18/result.json,1237,f0b46ed3aadda31ed748759c65f763075b119d21fd08175426e2bef26892925a
experiments/2026-10-05_shared_confirmation/continuation/mlp_lr1e4_s16/history.json,9686,1d04a3a4d0af520e8297a01c0b81f216eca217b7cbef267da7476533f401022c
experiments/2026-10-05_shared_confirmation/continuation/mlp_lr1e4_s16/result.json,1231,0e02261ae335f4b3c568d01b35245333a35fbe73ffd69bcb80c473e1d3411d8d
experiments/2026-10-05_shared_confirmation/continuation/mlp_lr1e4_s17/history.json,9702,89e82303c247a013291e5a27f302589f5fcace12a87f0cfc52e1da7cdb706b9b
experiments/2026-10-05_shared_confirmation/continuation/mlp_lr1e4_s17/result.json,1231,fc23950a0f4c23311ff9db33b551f4eda614d56cc0cb18d176e360cede3d1443
experiments/2026-10-05_shared_confirmation/continuation/mlp_lr1e4_s18/history.json,9687,16962503b15d4e2da6befa4503f944e6e3582d52674c5a710010c3a09477f2a9
experiments/2026-10-05_shared_confirmation/continuation/mlp_lr1e4_s18/result.json,1231,3983ca6dee92de92e2512336341e7320ca322aad758095c6be610cff76f26409
experiments/2026-10-05_shared_confirmation/native/attention_s16/history.json,15145,434fb4cc4915aa098beb4876bcc85d5d9ea33460b9fe088e0320193d2f036629
experiments/2026-10-05_shared_confirmation/native/attention_s16/result.json,346,937228db46a72c992ed48524708441365fba8b3f97fcfb43060f94b286681530
experiments/2026-10-05_shared_confirmation/native/attention_s17/history.json,15188,1064ab48ea969c92c702fa3992566ad346094308d72dd55b60798c9036c93926
experiments/2026-10-05_shared_confirmation/native/attention_s17/result.json,343,980d6b24207e7769753a23d3df6812bcffe21c231c258e8f463808d41c96ee73
experiments/2026-10-05_shared_confirmation/native/attention_s18/history.json,15166,4aa35ec2aea654dfa1bdf7be4dee860267844b3aa9e8c60763922947584c30d8
experiments/2026-10-05_shared_confirmation/native/attention_s18/result.json,345,bbf7a64ab7b3de4dec90d12dc80c9c03759c15e12f3129d8da87f91ee4630b14
experiments/2026-10-05_shared_confirmation/native/mlp_s16/history.json,15194,db57cff7298621af4e873d1bd39cb04625c648e56c807bb0e14de41d189e2d54
experiments/2026-10-05_shared_confirmation/native/mlp_s16/result.json,344,e6f9be321a939454837bc3bec9d1d480c1848b908adc5a9ad52570afed6c4ce5
experiments/2026-10-05_shared_confirmation/native/mlp_s17/history.json,15199,487c855b91b5e75a5dacef395f8ec683758303a03b33f98a1b9a72b7fc4d5726
experiments/2026-10-05_shared_confirmation/native/mlp_s17/result.json,345,6fcff0f8e8155361a969b9300f45cee548824691bfbd157422da5058318eced1
experiments/2026-10-05_shared_confirmation/native/mlp_s18/history.json,15197,fd2491d481c360650bd4fbf6f19cd44c32e153f0ede0cf653b7f1cd7c7f21237
experiments/2026-10-05_shared_confirmation/native/mlp_s18/result.json,344,f2d75267ae0d7feb81bbe608dc9c0b66ec94eb9eaf24875f68e24725b43b256a
experiments/2026-10-05_shared_confirmation/results.json,109885,2f3cf2048c3db0420d2bfb10bca0a20672c352a9b646fa5c8528ea53e665b9fa
experiments/2026-10-05_shared_finetuning/attention_lr1e4_s10/history.json,9704,af6077661d99f50e8bdc4edd349c3d0baf5afa84766eaf60fb104324867d63f7
experiments/2026-10-05_shared_finetuning/attention_lr1e4_s10/result.json,1238,68558c8ad81d5bda72b2436d9905e142f9460e2d773926dc11f1b5247e3a41ce
experiments/2026-10-05_shared_finetuning/attention_lr1e4_s11/history.json,9669,16d05aabba12a3b3d10956f07064c620a3d86e09edb4fd040c9151bb22d6ec8c
experiments/2026-10-05_shared_finetuning/attention_lr1e4_s11/result.json,1232,29a6ae779771feb3fa9fdee49acc33902a81286c8ca38ba1eb8ffc843295e476
experiments/2026-10-05_shared_finetuning/attention_lr1e4_s12/history.json,9680,c44e695b432408743c7a6b70de4e622b46ba800f3f0e9f881e3568f6aa09081c
experiments/2026-10-05_shared_finetuning/attention_lr1e4_s12/result.json,1232,1460598695b9a875a39aaaea5a7e8842eb5e93132d6a5fe837ee1768f23fa46c
experiments/2026-10-05_shared_finetuning/attention_lr1e4_s13/history.json,9690,4188f1d59ceef284660b2425075f4d08630c04de80be19877e17036e426a7501
experiments/2026-10-05_shared_finetuning/attention_lr1e4_s13/result.json,1232,b72112dbc81541899695498766f783a10908b36bc39a51ae635013938bbb82ce
experiments/2026-10-05_shared_finetuning/attention_lr1e4_s14/history.json,9687,a625f8df8891fdb2b9f079d7992570642cddd3c928ed2ec8a0e8c60bf9a07008
experiments/2026-10-05_shared_finetuning/attention_lr1e4_s14/result.json,1232,b13d0824ef9c2cb809e5023b99645674d5b5a70dd4a08fb143496176dad005af
experiments/2026-10-05_shared_finetuning/attention_lr1e4_s15/history.json,9685,71c9ba195c2fae7249ed486296c09ea4759eba6c6016847a0a711f8ff8e65a33
experiments/2026-10-05_shared_finetuning/attention_lr1e4_s15/result.json,1230,f3ad9e259b6558ef58a06618281c17bc9449f4a3bc906a88ff0c9191a06d9260
experiments/2026-10-05_shared_finetuning/attention_lr3e5_s10/history.json,9693,f9d6f3ceccafecdb422324673767d71d839d198b23fc6dca319a2f30e1fa3693
experiments/2026-10-05_shared_finetuning/attention_lr3e5_s10/result.json,1238,43b1a33bdd1227e31300e0cfacf0526a96698589cc3e7a71ee8fdb4a0a629f33
experiments/2026-10-05_shared_finetuning/attention_lr3e5_s11/history.json,9675,4d0a7ccbbce0ef80c9d22d934c43deab8bfc7a667deef3fb4f35fe27ceb4728a
experiments/2026-10-05_shared_finetuning/attention_lr3e5_s11/result.json,1231,4bf5560eace306f77f5067e4698c3b1d8d29dec7feb2f49450797d342a0379d5
experiments/2026-10-05_shared_finetuning/attention_lr3e5_s12/history.json,9684,0cbffcf7f96dbf8255b1fa167322b27e1182f64a977c67aed68c2525cccd5aac
experiments/2026-10-05_shared_finetuning/attention_lr3e5_s12/result.json,1232,a994b6c9606d514ac805688b593d6aeb551de98e5a57e8066e154cf5ad5e9da6
experiments/2026-10-05_shared_finetuning/mlp_lr1e4_s10/history.json,9700,5d3f28d53a552795e54ae683df89e7d4fffa3e5604c43554b25de29d5725681a
experiments/2026-10-05_shared_finetuning/mlp_lr1e4_s10/result.json,1228,a4cbf07aae9e3aee8c7b6a7cfee46e37e2d342f0b93dc291fb81414fcdb3ab85
experiments/2026-10-05_shared_finetuning/mlp_lr1e4_s11/history.json,9703,35601dd7ad924ddbda711c6b52bcaec11de115bae2fdb267f309efbcb258d60c
experiments/2026-10-05_shared_finetuning/mlp_lr1e4_s11/result.json,1230,f6b2b129cb685a36a8799d4fc5830a9f2aafd670f144acc909c6d0bba22c427d
experiments/2026-10-05_shared_finetuning/mlp_lr1e4_s12/history.json,9716,93c76f512983d6bd3b5cfbabdd5ba795f949fc30348f74d8d45ade33aaaea0ed
experiments/2026-10-05_shared_finetuning/mlp_lr1e4_s12/result.json,1231,a00418e1de24db6098c954aa5943fad50ce425630dc3e7d7dac199470c3d8ca5
experiments/2026-10-05_shared_finetuning/mlp_lr1e4_s13/history.json,9706,4e81e3ac1e21f9238c508a148796f14937a7d6a4463fb43a505d8130c4eac150
experiments/2026-10-05_shared_finetuning/mlp_lr1e4_s13/result.json,1230,75d82261c6bf34dccebb2d46788a3f3309ebaa6d35e1340c28be0503caf79cc1
experiments/2026-10-05_shared_finetuning/mlp_lr1e4_s14/history.json,9697,1c5beeca707cf3318e3cafa53b3f49251f9328a38836c6dbe59545cf67ec7ae0
experiments/2026-10-05_shared_finetuning/mlp_lr1e4_s14/result.json,1231,04c4a873263837fd688e09ce2de3fb4d1d11c3931874904340b78b23026f322c
experiments/2026-10-05_shared_finetuning/mlp_lr1e4_s15/history.json,9689,a42dd0e409e1c898d9c238980b7ff1b78dfb5d01c411040c72ce93924d50a810
experiments/2026-10-05_shared_finetuning/mlp_lr1e4_s15/result.json,1228,477acaa593acd5c0fbaef46022e796b211eca76b25aaaf51bf6379e85e4307b1
experiments/2026-10-05_shared_finetuning/mlp_lr3e5_s10/history.json,9709,c9a144dd651f1ec79cf497ba5ba3bdc139591a80b4cc7b1ddb510754ec457a9e
experiments/2026-10-05_shared_finetuning/mlp_lr3e5_s10/result.json,1227,f8b9968590a9b28004f5e6dfda850cd3c94fcd59d923b81596efe7cd224e0fd6
experiments/2026-10-05_shared_finetuning/mlp_lr3e5_s11/history.json,9708,35e0dc8c8b8079ec51ae0c2bf4a71c2db08912efbc35e81329861cf9cb3187f6
experiments/2026-10-05_shared_finetuning/mlp_lr3e5_s11/result.json,1231,0b08cf7cc6c7e3ed21f77663c31173ae33d509636bc1573ea710415a302c2daa
experiments/2026-10-05_shared_finetuning/mlp_lr3e5_s12/history.json,9691,5a4b6e98600defafae5c946d47c74df8febefba95292372f1fc976b76a53e0b4
experiments/2026-10-05_shared_finetuning/mlp_lr3e5_s12/result.json,1231,acbc172df72dbbab72f80368db2816cf4b24c4b634c573ef39ebe458ba589f1a
experiments/2026-10-05_shared_finetuning/results.json,175692,8a787bcb077166a09ac88f4a8cc207697f86b26c233c16585a16bd8a35319583
experiments/2026-10-05_shared_head_adaptation/attention_s10/result.json,142226,f6dcd66cfbf2c4c1b239f4ea0ac2af5a5b0bdd4fb41d622ba388aae17798d027
experiments/2026-10-05_shared_head_adaptation/attention_s11/result.json,142041,e45e214d2b5ea67a719500bf1038a7342d9eadec1286aaa0b3f609d9da3a2cde
experiments/2026-10-05_shared_head_adaptation/attention_s12/result.json,142161,ee251827bc59e4d86b1a3b1cc9dd462748f41cecef6ef8f0a70331b2655624fa
experiments/2026-10-05_shared_head_adaptation/attention_s13/result.json,1392,228ca8f21b9d36b7f8cb05eb7c0775e41f61cf3f5675dd3a2612461ecf33cb6f
experiments/2026-10-05_shared_head_adaptation/attention_s14/result.json,1390,e6d80a1fc9e0b118485479a06715ca1945bb95a414b183cbd52c1a6ecd835524
experiments/2026-10-05_shared_head_adaptation/attention_s15/result.json,1391,5ec7a8115166fa1d4215124ba9f1b64af6dcd364c04a3c2de6c5057f166c096d
experiments/2026-10-05_shared_head_adaptation/mlp_s10/result.json,142236,6261f943bcc1db4891b8e7a792f072bbd8ea70da3493971c5db3bcc721c82266
experiments/2026-10-05_shared_head_adaptation/mlp_s11/result.json,141956,881c6ced5cde2c6f6cf5e7ccceaee8a4dfffb91252dfca5d7ca99b04b9962ef6
experiments/2026-10-05_shared_head_adaptation/mlp_s12/result.json,142091,e53fc84b9c93cb5149cbf891a62f3be77d5439315c272f30633e94e6dd8d17f3
experiments/2026-10-05_shared_head_adaptation/mlp_s13/result.json,1386,cfff0eb4bd02f3f4f2bea2fe3c0ce23ca8903fa974e1a056cb1dc2d0d17a41fd
experiments/2026-10-05_shared_head_adaptation/mlp_s14/result.json,1384,e890cb699a99d42be6416b780377887bdeadc9e19f78933758709fbab9dba77d
experiments/2026-10-05_shared_head_adaptation/mlp_s15/result.json,1384,5c51518ace8e3953e633a12dc5ad7b987371219ae9b60d35bd8d92cf30850c51
experiments/2026-10-05_shared_head_adaptation/results.json,174680,5037f4caf799851bc5c26e8e8abe8a3675de84fb7027dbc6ba19d83e988d8b6b
experiments/2026-10-05_static_readout_replication/results.json,148613,d2377220ba928debbc8a30be1abbd895dd0a95abfc7898affee012300fdd11b3
experiments/2026-10-05_static_readout_replication/static_s13/history.json,15204,f4a22d119303774ff99a24eb2821156e0ef8ba59442f5131b498e9e36a3c5eb5
experiments/2026-10-05_static_readout_replication/static_s13/result.json,347,4a66f774a02cc747c28a532d7eb226f6580b921bf9d75a717be06c2894fe55e6
experiments/2026-10-05_static_readout_replication/static_s14/history.json,15199,60cb69cce8f03308772e51f9f70170ad1a1d151ebd79507f3c322ede6ab2c224
experiments/2026-10-05_static_readout_replication/static_s14/result.json,343,0ad26a8317f4271d258152c3daceb8e92742180118950ce0bfdb284b27dad747
experiments/2026-10-05_static_readout_replication/static_s15/history.json,15207,c8c954f9a05a8c9269fd4d6341b47c9b50f51e1369dcf81e70c2da3143be6df1
experiments/2026-10-05_static_readout_replication/static_s15/result.json,342,94a4ecdf7a026be61a7d46f0494dd1bf326cd502a2a605f1cc7b7cde1251bc67
experiments/2026-10-05_static_readout_replication/static_s16/history.json,15205,fdc655401394e5ad762ec746523ae343e5e042312c97d9dc5043591eb614d82d
experiments/2026-10-05_static_readout_replication/static_s16/result.json,340,7e2d376571a66fd950471cf3c8a15f9517831ceae9cc313733acddc9217e7368
experiments/2026-10-05_static_readout_replication/static_s17/history.json,15202,b3cd555575a53055166bcb9ad97a8fbbca6b90a4c7bac5caac8d156368fe02e2
experiments/2026-10-05_static_readout_replication/static_s17/result.json,347,2f34cc0738910819ab8ef5d6312830d4c1df71cb456b76ee1e5f260514bea2a2
experiments/2026-10-05_static_readout_replication/static_s18/history.json,15194,7c394155fba5e94b63703b6b1ac1cf6a55e33c39fee5ed4eb651ce250177d699
experiments/2026-10-05_static_readout_replication/static_s18/result.json,348,7c66b62de78b736e8dcb3ef848f4e105751c0656bfae1fa13a7902d1cae04a75
experiments/2026-10-05_temporal_specialization/interleaved_dynamic_s10/history.json,15200,772ccb77bac5d04ddbc043c92013bf3fc5f4c39d96c626a77fc307038efbc9c6
experiments/2026-10-05_temporal_specialization/interleaved_dynamic_s10/result.json,495,80a8186f23310a480d7a3e233b00b18921a21b44b651fd9ff52b4c6538e88734
experiments/2026-10-05_temporal_specialization/interleaved_dynamic_s11/history.json,15206,6b95d8d032e53d0f8b47a9034a7a5ac5e57b3328c6d8f9a9e1cdf2431f12e40b
experiments/2026-10-05_temporal_specialization/interleaved_dynamic_s11/result.json,494,521c6c833002a861d0caf88d48604a5c85602c7bfd5c7ca8ecba38326ba6d085
experiments/2026-10-05_temporal_specialization/interleaved_dynamic_s12/history.json,15193,719a42973026a6cee9969b6453d91f695a605ec4aa86eb049a0e3084269a7766
experiments/2026-10-05_temporal_specialization/interleaved_dynamic_s12/result.json,495,f6484faebfd47dae349ed0724899a374ec609426ce8aa8dcfb1673e37aa65c8d
experiments/2026-10-05_temporal_specialization/results.json,43195,b85af0437a58e17cff31ef8c17cfe78252636c38182438502272f0ede39a8ffe
experiments/2026-10-05_temporal_specialization/time_dynamic_s10/history.json,15194,0d1dafa73a8f60e7ce243cba29be0d97c445cc31177a7f9dcfa161b72f83bf1b
experiments/2026-10-05_temporal_specialization/time_dynamic_s10/result.json,485,fc351e33f5bb265ac458bdb45d2df73bc2fee23116b262dee9fe6b8d381c3e58
experiments/2026-10-05_temporal_specialization/time_dynamic_s11/history.json,15173,df1c9a933a64268d94cb070d72a885168f84efc31e8dba97a8bbfc2259158180
experiments/2026-10-05_temporal_specialization/time_dynamic_s11/result.json,481,87f2b281a7036c0e12ead410eaa67e46c69d135c8f7fbdfc135f8cf3562e7a27
experiments/2026-10-05_temporal_specialization/time_dynamic_s12/history.json,15192,260d5b7679acb7c6fcb46bc7812bb87862217b658260565b148ee04cb5c3ee0b
experiments/2026-10-05_temporal_specialization/time_dynamic_s12/result.json,485,9ae7fd1484eee63897286d2fd8b4a787e3934b451a0b1980cdd9d561d87f4923
experiments/2026-10-05_temporal_specialization/time_static_s10/history.json,15211,109abf4a3329f3954c484e0ee20b4a9d903dbe1f19daa0aeafbd34ca889704ce
experiments/2026-10-05_temporal_specialization/time_static_s10/result.json,485,c29a0d2c2889bb844e58dfaf833547b0783331de02499579abebfa2a17f0e321
experiments/2026-10-05_temporal_specialization/time_static_s11/history.json,15204,edda55918f3ecc3f84f73c87765a66afdafde3411e744b7834d9e9dc166f576e
experiments/2026-10-05_temporal_specialization/time_static_s11/result.json,481,c5da5c6d2f3dee74b443b63883e09f3c8a76d658ec0bedb97143bcd17547589e
experiments/2026-10-05_temporal_specialization/time_static_s12/history.json,15198,ae6c4b687bb51de9f53bfe6d9c9c5ca3ff77ee612b712c6c81d709efe1ed4f12
experiments/2026-10-05_temporal_specialization/time_static_s12/result.json,488,4accf5ba4774df45cc8febb926ab9f245a8297ed1923c3f65ccd7f068941847c
experiments/2026-10-06_context_query/attention_s10/history.json,15354,a5ffd5b169220ffcb7bf33316270d966ad9dca15d928a44aa24f7f89048a9889
experiments/2026-10-06_context_query/attention_s10/result.json,345,d77d67f2110dd8d0669bce8581ee1af40a61d284904416fec7c95b5c846ba1a4
experiments/2026-10-06_context_query/attention_s11/history.json,15379,dbed2b0d9ae6ec2d3e0f075146d3725626cb26a71575c9597322f101a7b563fc
experiments/2026-10-06_context_query/attention_s11/result.json,346,6b32372f5cbb5fbab0829206323c98ac974702b296f0b787dcdb8613ae8220de
experiments/2026-10-06_context_query/attention_s12/history.json,15375,c3c08a9d1f08f30709ef572658f02ba3e440b2f096d857b16986fd576217d116
experiments/2026-10-06_context_query/attention_s12/result.json,344,88e14802791c974c1c85ce937ee4f9d0b2f6979b106e4d771352f8a8ab423b42
experiments/2026-10-06_context_query/mlp_s10/history.json,15382,5e8d40191f0d7791394f29a1e1548ed9e06867b747282a5e1e36e4354be8675c
experiments/2026-10-06_context_query/mlp_s10/result.json,339,c30209d3bb29c7af26f87cc64c6dc5bff83937ed18e901caa89275191715acd9
experiments/2026-10-06_context_query/mlp_s11/history.json,15365,8abeb76d9256a3061b006ec3b8fc0ab2a855b4fb53ed70576140a66a6c4995ab
experiments/2026-10-06_context_query/mlp_s11/result.json,338,c9cfdb5bb6bf5e8cc15fbc3f30f0b146e9835c1e823255113c7773dc276b5380
experiments/2026-10-06_context_query/mlp_s12/history.json,15357,985f349c6dd1d84918e0921759d29613fe54cbac7fbae7a4a337603d7a40cea8
experiments/2026-10-06_context_query/mlp_s12/result.json,342,66ff46a1370356da38f2672fad4d2dfa04aa418aaedbd2a4c387545b0ea7e9c7
experiments/2026-10-06_facemap_validation/fits/independent_TX103_default_attention_s401/history.json,8333,2fdc697d4e3778f2497b5854b805b00673b90e4a24b6d0ede70aa32d54a44916
experiments/2026-10-06_facemap_validation/fits/independent_TX103_default_attention_s401/job.json,96,c6cf85f02b6e56779cefa7732705b2669fe7f4e22a338c35cbcee9d5e538fef2
experiments/2026-10-06_facemap_validation/fits/independent_TX103_default_attention_s401/result.json,645,a2e88b383714a09df77876a69ce3651d90e333b50846c930159e91031834254a
experiments/2026-10-06_facemap_validation/fits/independent_TX103_default_attention_s402/history.json,8331,292da7bbe8432309bb4773e72d7684d1905a619516ce6cf390001e4c9b009e87
experiments/2026-10-06_facemap_validation/fits/independent_TX103_default_attention_s402/job.json,96,b484f4ff354ba8c32f52653b85f32b1829fa5cdbf43b594bf33ded1eebcb647e
experiments/2026-10-06_facemap_validation/fits/independent_TX103_default_attention_s402/result.json,645,45de505e237ccbe3a8e2082f1373621dc55920619d4af4e30a76be0c5c113def
experiments/2026-10-06_facemap_validation/fits/independent_TX103_default_attention_s403/history.json,8330,8d05dfa7667cc3f5b0069f86b9d39558aaeef3f441c40974fcb8509dfa2f619f
experiments/2026-10-06_facemap_validation/fits/independent_TX103_default_attention_s403/job.json,96,a9afa3affbafe7b2f568bb4db979d6e4d6954d2506f6a441ecc376ff1ccab165
experiments/2026-10-06_facemap_validation/fits/independent_TX103_default_attention_s403/result.json,645,7a976f929cc2dd829445fcf787bae1d57f018b2cf96f55501d4eea4ff00f4ed3
experiments/2026-10-06_facemap_validation/fits/independent_TX103_optimized_attention_s401/history.json,16676,a82cc1a286f710ab634ac9a97a1064efc1714f8fd8b75cfe4a4d539fbaad8707
experiments/2026-10-06_facemap_validation/fits/independent_TX103_optimized_attention_s401/job.json,98,86308b5f7bfbb90f1b6fef2fcd2279c382e3b185a596ea4d5f1af85599330fe4
experiments/2026-10-06_facemap_validation/fits/independent_TX103_optimized_attention_s401/result.json,648,57a1f49d1a601908436dfeff82b1fedee98d1e41e6e2d00e8336cdd4fa0896eb
experiments/2026-10-06_facemap_validation/fits/independent_TX103_optimized_attention_s402/history.json,16689,de8908dd34ffd869ee794956ad6814374329dc589860da89566c0d2768b8c6fa
experiments/2026-10-06_facemap_validation/fits/independent_TX103_optimized_attention_s402/job.json,98,e8636805ceceb619a30ec444d5ecf50064aac2ae52d62c61f557472e9f3cec7b
experiments/2026-10-06_facemap_validation/fits/independent_TX103_optimized_attention_s402/result.json,648,3e39c9e17a23b8f70195814bedc9d892e66253859c1f18e0f2eda60cc1f6d7dc
experiments/2026-10-06_facemap_validation/fits/independent_TX103_optimized_attention_s403/history.json,16696,61f523b5fd88b710c1c313809ad93b0fd14dde913f3df93308ce1cfaa46e440c
experiments/2026-10-06_facemap_validation/fits/independent_TX103_optimized_attention_s403/job.json,98,d057923594c03601af993fc62a0b9d256affa23417461865d1787381ee77ba35
experiments/2026-10-06_facemap_validation/fits/independent_TX103_optimized_attention_s403/result.json,650,a51145228f86cf2805ec15359c1228f7871aaa073f6b2828fc35a22e2e3be882
experiments/2026-10-06_facemap_validation/fits/independent_TX103_optimized_population_mlp_s401/history.json,16664,50a84306123d6aa665521d2e2a0820c79834a1654a1f875f3e1419b5c23fb4cb
experiments/2026-10-06_facemap_validation/fits/independent_TX103_optimized_population_mlp_s401/job.json,103,1935236a6ea4a090b2c899c9f5dec0ff6f603247c089320eb080d4f9415c0069
experiments/2026-10-06_facemap_validation/fits/independent_TX103_optimized_population_mlp_s401/result.json,649,aebff07202289d941a6b3e517a20d85d9e31ea16f102f45a5e08aca235de9b30
experiments/2026-10-06_facemap_validation/fits/independent_TX103_optimized_population_mlp_s402/history.json,16669,304e25a0ebec516d230ed4191973dcd5f6d63220e0c986d34b70b55b693daf3d
experiments/2026-10-06_facemap_validation/fits/independent_TX103_optimized_population_mlp_s402/job.json,103,1e5137c727996715ae057b5f514ffc43187c43cbaf9cd5fabc11924669e1c85e
experiments/2026-10-06_facemap_validation/fits/independent_TX103_optimized_population_mlp_s402/result.json,653,42722af28425966984149f2324064ed317a1b504260cdd0451461f4a802a1228
experiments/2026-10-06_facemap_validation/fits/independent_TX103_optimized_population_mlp_s403/history.json,16660,db618e92760de404e57ac4a222023695cd0484b6af22a6ee5eec97c915f3bf82
experiments/2026-10-06_facemap_validation/fits/independent_TX103_optimized_population_mlp_s403/job.json,103,00a6e06c3d51f7a0dc3b6e5bf46c772f4dda05da672d1261b03e5333e68443a6
experiments/2026-10-06_facemap_validation/fits/independent_TX103_optimized_population_mlp_s403/result.json,650,a551c383f674e79a9c5f7bb6bfea26b877c50e62b7200b48cbab3254a1647ed0
experiments/2026-10-06_facemap_validation/fits/independent_TX104_default_attention_s401/history.json,8345,586e6d12d14926743d7f96e0c2d1ad10c525861988e8340c9ede2176b90f1110
experiments/2026-10-06_facemap_validation/fits/independent_TX104_default_attention_s401/job.json,96,f70d8aaf37e4de6dfb3349a49830f54ad0ed505c1f9bfcfd3ec6aa77fcf014ac
experiments/2026-10-06_facemap_validation/fits/independent_TX104_default_attention_s401/result.json,645,2652315a13fbd07e28813dec953b2d0d158367038d7845b463f7ec317ed143a7
experiments/2026-10-06_facemap_validation/fits/independent_TX104_default_attention_s402/history.json,8328,3f27bebe78e1905a1eff242de89ba3d5728175ab1709d5be6a515012e1ecc8a6
experiments/2026-10-06_facemap_validation/fits/independent_TX104_default_attention_s402/job.json,96,7b46bacb81c23ef8981749e2bed1830bda01de093ca3da1dc5db19d26a639e46
experiments/2026-10-06_facemap_validation/fits/independent_TX104_default_attention_s402/result.json,646,2e412d7c4ca7da66253ba446ecb16556d763fbfcc173f40078aad48e3cbf06fd
experiments/2026-10-06_facemap_validation/fits/independent_TX104_default_attention_s403/history.json,8345,4abdc31e367211dadb1f7c8645fd51b385046f8992dc998a1be3a2c067e9e4f9
experiments/2026-10-06_facemap_validation/fits/independent_TX104_default_attention_s403/job.json,96,71e4facab86f08bca8c9a7aeb2e515ac256d6d6bbf685d01e8ab00b82c1c3d72
experiments/2026-10-06_facemap_validation/fits/independent_TX104_default_attention_s403/result.json,646,4fb7bf312d10ecdd1b854f1fc2f5a37acb7bcede3d2389a558dc84cdca0943eb
experiments/2026-10-06_facemap_validation/fits/independent_TX104_optimized_attention_s401/history.json,16728,26c4e30f433a3c5d0aa6e46b15f7535ebb19090d18749050f18792e60084f585
experiments/2026-10-06_facemap_validation/fits/independent_TX104_optimized_attention_s401/job.json,98,691f6961dc9d0f73d3265f6077d7187982b465851b62026dec33c8753bb258a0
experiments/2026-10-06_facemap_validation/fits/independent_TX104_optimized_attention_s401/result.json,650,2509a917e04c4ff224a81861d8f90eb72f2169ece7c40c6c2b5942175145e84b
experiments/2026-10-06_facemap_validation/fits/independent_TX104_optimized_attention_s402/history.json,16723,5c5c6662a4064dfd400b1152ee4f10765b2671697a365f913f378399b2d090e9
experiments/2026-10-06_facemap_validation/fits/independent_TX104_optimized_attention_s402/job.json,98,74ac6f7c878cc280bb2b5f7e84db14c3b4228825a1e218b40b6620ff0b9717b3
experiments/2026-10-06_facemap_validation/fits/independent_TX104_optimized_attention_s402/result.json,648,cf7bf737ffb59b243ece22acffba0b2067163aebc26d5904df50da7717f30c46
experiments/2026-10-06_facemap_validation/fits/independent_TX104_optimized_attention_s403/history.json,16726,f9c50323f78b7a8de47b0ff8ef124a9dd1aa813a2d6ec49dea631ea9eb6b59d7
experiments/2026-10-06_facemap_validation/fits/independent_TX104_optimized_attention_s403/job.json,98,a1dd7385000751f52e1e28ce6b1829640aaefeb73818e8d4a8652436af560678
experiments/2026-10-06_facemap_validation/fits/independent_TX104_optimized_attention_s403/result.json,650,b8541ff7f4be6f55aa03f3475d18a342124f7c5667449724b36a7ec17f422879
experiments/2026-10-06_facemap_validation/fits/independent_TX104_optimized_population_mlp_s401/history.json,16680,b15c4e30580899d7e17b1b475a8e9da7242ae5161aeefb5c397a9759dc01f8d5
experiments/2026-10-06_facemap_validation/fits/independent_TX104_optimized_population_mlp_s401/job.json,103,74abcd9c6c5e0a397bc5db39266077269709b3c0402f66e51fe2cf0b90c2f862
experiments/2026-10-06_facemap_validation/fits/independent_TX104_optimized_population_mlp_s401/result.json,655,1549c41b462126ed9b459790acbd0a6b2e1e06dedf62d3eff3baa67636d29a8a
experiments/2026-10-06_facemap_validation/fits/independent_TX104_optimized_population_mlp_s402/history.json,16692,d0eed1d75ffe6dba79c0d9998383df0534fef1ca41a48a19a6f495a16a2c845f
experiments/2026-10-06_facemap_validation/fits/independent_TX104_optimized_population_mlp_s402/job.json,103,327bcd7e10c63c2f00e85d60e3b6c4ca95b21d49f034e94c642f10ac01405079
experiments/2026-10-06_facemap_validation/fits/independent_TX104_optimized_population_mlp_s402/result.json,654,5c9dcedcc9e43be19621efcbdc20d7b76586af90496736f8829624ef8f335dfa
experiments/2026-10-06_facemap_validation/fits/independent_TX104_optimized_population_mlp_s403/history.json,16694,33c0d65882f83034d059b4ab449193a900d3947e1e38af79be4f69d291b45938
experiments/2026-10-06_facemap_validation/fits/independent_TX104_optimized_population_mlp_s403/job.json,103,646d4a43bd41e6869cc67db5fb604f54c1124ea2354cb9fe9fa6c6325e34fa60
experiments/2026-10-06_facemap_validation/fits/independent_TX104_optimized_population_mlp_s403/result.json,652,20cc2c609f2006ec29c3d7f709341929414a0113797f5e216430f384982274ec
experiments/2026-10-06_facemap_validation/fits/independent_TX56_default_attention_s401/history.json,8311,94c413940fe41f7fba5eb869107b118568dcf9b7d305e45e42c73ac78957aae3
experiments/2026-10-06_facemap_validation/fits/independent_TX56_default_attention_s401/job.json,95,a60cfa4c66501bbad2ca6249ce1e3786f623c22c92e6e7d2ef2c55022e50db1e
experiments/2026-10-06_facemap_validation/fits/independent_TX56_default_attention_s401/result.json,642,cee6be74487216d05c37b6ebd8a9593ff7838703f5146fcb28d3260b7c465df2
experiments/2026-10-06_facemap_validation/fits/independent_TX56_default_attention_s402/history.json,8312,f84c009372adfb1f31dd0dbfc1be520180588a7176c2fc1eee21429187b2cc82
experiments/2026-10-06_facemap_validation/fits/independent_TX56_default_attention_s402/job.json,95,e92884ace111c67a55e4b58b2d80baacc20cfff0a1e732c3dc2295c12aa8d096
experiments/2026-10-06_facemap_validation/fits/independent_TX56_default_attention_s402/result.json,642,2ae772d6127c9be0bdab4af9f4b79011c9069d5411fbe86ccae7ac0a32c3c6be
experiments/2026-10-06_facemap_validation/fits/independent_TX56_default_attention_s403/history.json,8312,e94e3f82e7baab5eb6b1ca96b19a14b373c6d3847428527535d6e5bf422f5195
experiments/2026-10-06_facemap_validation/fits/independent_TX56_default_attention_s403/job.json,95,d6809ac43fa0fd45ccbf348d35ef606b43bd771380fa1c35c2b0d7bac90340da
experiments/2026-10-06_facemap_validation/fits/independent_TX56_default_attention_s403/result.json,643,3c1825e96de063ae06500ad4e75e64b0bbd3372c7044bf4e41d1f4284a4f5e3b
experiments/2026-10-06_facemap_validation/fits/independent_TX56_optimized_attention_s401/history.json,16633,ecb74e0fd9adafd29237ec7959fe588de63df1078087c66199bb3f236aafd651
experiments/2026-10-06_facemap_validation/fits/independent_TX56_optimized_attention_s401/job.json,97,b769fad7e04908fd7b2dccae28078f84500885d5a9df06fab2e773b44212ca64
experiments/2026-10-06_facemap_validation/fits/independent_TX56_optimized_attention_s401/result.json,646,f511ed41de02106c8f6adecc12a9f0d9cef355f7f0bb485e20a10c049defe64c
experiments/2026-10-06_facemap_validation/fits/independent_TX56_optimized_attention_s402/history.json,16633,ac7cc98a949b92df284886853939750be1fc9b270f6f17c66772a8971e9dc8c4
experiments/2026-10-06_facemap_validation/fits/independent_TX56_optimized_attention_s402/job.json,97,7b3b2953e80d4be2d03b5f9e13b540b1dae8897f138cada58d8a8715c859c71f
experiments/2026-10-06_facemap_validation/fits/independent_TX56_optimized_attention_s402/result.json,646,9622f91efc68acec6d87b704fc2be031033701122882a9c50625ea4c95ed4bc0
experiments/2026-10-06_facemap_validation/fits/independent_TX56_optimized_attention_s403/history.json,16633,4ce955a2e7f3705e4d1af7fdfcfea2293760f0c1df6f3940c0b727cf37815fcb
experiments/2026-10-06_facemap_validation/fits/independent_TX56_optimized_attention_s403/job.json,97,529d3b14f9543efd1b8b4c1194774293651f4a8ed1df4edce9ee8c695b0e6e37
experiments/2026-10-06_facemap_validation/fits/independent_TX56_optimized_attention_s403/result.json,645,b9fd21a4527e44468405c0f16d404d437fdda5373510f6ebdc5bfaede9e98815
experiments/2026-10-06_facemap_validation/fits/independent_TX56_optimized_population_mlp_s401/history.json,16622,946baa521a2d88f0af73bc57e35ba76443980b151099be6aea4d93771c687b40
experiments/2026-10-06_facemap_validation/fits/independent_TX56_optimized_population_mlp_s401/job.json,102,ab8d5f85df21c3b21c738575eacb23e1be94d54bab4da6c6ffd01ee95c5ba714
experiments/2026-10-06_facemap_validation/fits/independent_TX56_optimized_population_mlp_s401/result.json,652,5954625ec075454e2da1a0e93172c2deed47871ca435b7154b1199339ee85a17
experiments/2026-10-06_facemap_validation/fits/independent_TX56_optimized_population_mlp_s402/history.json,16609,a65d37bba4bf9e32af2da5a42e22747e3e96f31d47e253d764e5a0549e70a917
experiments/2026-10-06_facemap_validation/fits/independent_TX56_optimized_population_mlp_s402/job.json,102,104e1082fb8c2b8bf2c6ba6bb53ea843c625d6d197ee74e367653a3564f4e30e
experiments/2026-10-06_facemap_validation/fits/independent_TX56_optimized_population_mlp_s402/result.json,651,c9a34e4f7de06235e5d7da9300e0491a417d5d36706585985732e1bf1f507a4c
experiments/2026-10-06_facemap_validation/fits/independent_TX56_optimized_population_mlp_s403/history.json,16607,0293a7be9d11dd000219398fad26b7cb06b3fbcf639a4a8c7b1eac31f2fb4792
experiments/2026-10-06_facemap_validation/fits/independent_TX56_optimized_population_mlp_s403/job.json,102,fe7376c1a559f94441f7095e59164f00ca8ac98b6553659b18ac2a8ba49b784a
experiments/2026-10-06_facemap_validation/fits/independent_TX56_optimized_population_mlp_s403/result.json,651,b3de579966d3154f0a69379a05ecda946e831466120d3ef9e95bfc67142e3675
experiments/2026-10-06_facemap_validation/fits/independent_TX57_default_attention_s401/history.json,8310,f7a613b95b354e9817f06b25182ca7e3c8f3de90f4571b10f98df070aeed6f40
experiments/2026-10-06_facemap_validation/fits/independent_TX57_default_attention_s401/job.json,95,9c0947c1d203ff39c4e96b8e4591f102a2fc04be412aa3dff336bc66d85efaff
experiments/2026-10-06_facemap_validation/fits/independent_TX57_default_attention_s401/result.json,643,c8e938aaf240480d709dd7e6847d49614195ed2c04602e418f2a9dd52558e2b7
experiments/2026-10-06_facemap_validation/fits/independent_TX57_default_attention_s402/history.json,8303,f5e971d8c13187dec14e169a42aae6e8dbc5a28b0ba2dc444945b0f8cfbdda5b
experiments/2026-10-06_facemap_validation/fits/independent_TX57_default_attention_s402/job.json,95,078fb8132d78d02e87b394aecc90bd487d88975d6ad3fb2166930340739bff84
experiments/2026-10-06_facemap_validation/fits/independent_TX57_default_attention_s402/result.json,643,e45b44ec7cce3e33e0e40df4116f9ba85a7b131f0d61f102088d5a162095f759
experiments/2026-10-06_facemap_validation/fits/independent_TX57_default_attention_s403/history.json,8309,d64532cfd818e2917eec0bd83dcc99520442c35a957ead08c03e780b6a37203d
experiments/2026-10-06_facemap_validation/fits/independent_TX57_default_attention_s403/job.json,95,1ee5d4d91fc2bd177f20a232df5eba78b94f7759e3161997fffca77f08dca7ed
experiments/2026-10-06_facemap_validation/fits/independent_TX57_default_attention_s403/result.json,643,c59c4ae38b0df878128a7d7ee959c24fb88346fab024025a57e5d65d192b0707
experiments/2026-10-06_facemap_validation/fits/independent_TX57_optimized_attention_s401/history.json,16633,07bcb2dde8b083892558c9e340a73bf3b894c1e4952c2a3cfeb6b597d871ea34
experiments/2026-10-06_facemap_validation/fits/independent_TX57_optimized_attention_s401/job.json,97,059a0b6ca4746abee7447759ea323731c2a6a99e2003685ab72790306dc806fd
experiments/2026-10-06_facemap_validation/fits/independent_TX57_optimized_attention_s401/result.json,646,41c6e8e7744d7d6f9ea7eb21991c36c03e9e9a7c66e59a18415aad5524e86a11
experiments/2026-10-06_facemap_validation/fits/independent_TX57_optimized_attention_s402/history.json,16636,d4a22c6437abfee57a61489850ce92f330c0705014503c180d19f2a2d47023d9
experiments/2026-10-06_facemap_validation/fits/independent_TX57_optimized_attention_s402/job.json,97,5207cbd9b318bb88ceebe53d10d04955eeacbd361bbf100d9586bba128b16145
experiments/2026-10-06_facemap_validation/fits/independent_TX57_optimized_attention_s402/result.json,647,3c8a72d6bca090d68fb09e024020041dcead4c29f1d759790993f6efabdce13d
experiments/2026-10-06_facemap_validation/fits/independent_TX57_optimized_attention_s403/history.json,16636,f9d432cd0d6b17feb6083cdb9f2001a63581190ad32bd56ea1d018535d8ccac9
experiments/2026-10-06_facemap_validation/fits/independent_TX57_optimized_attention_s403/job.json,97,532daf9b3681df61979fe1c143708757003df2293ad2ed8ed0c1adb5d5f7cb6f
experiments/2026-10-06_facemap_validation/fits/independent_TX57_optimized_attention_s403/result.json,647,e103d9077b214f2bb9c3c26f9cdc8392f9eef9aee0adbdd9237d11b486f500d1
experiments/2026-10-06_facemap_validation/fits/independent_TX57_optimized_population_mlp_s401/history.json,16603,177227e930a39d17f85da50d013b5994be3acc8a17d11689d690a1914802ee9e
experiments/2026-10-06_facemap_validation/fits/independent_TX57_optimized_population_mlp_s401/job.json,102,bf0f46234db107364d3216960540ac650c8a1ef679904e42412267cb37fbaa3c
experiments/2026-10-06_facemap_validation/fits/independent_TX57_optimized_population_mlp_s401/result.json,646,78188e20b6691b0245be0971e521a5ca1646ca41c075864b837a984021aa8937
experiments/2026-10-06_facemap_validation/fits/independent_TX57_optimized_population_mlp_s402/history.json,16606,a171008f4c5704869df70ae3dec6016a4f1838ef593bbb3dd59e4bb42683de5b
experiments/2026-10-06_facemap_validation/fits/independent_TX57_optimized_population_mlp_s402/job.json,102,e14da8932221fcaec0f735fc4ac0a438819f4d01e5b1e869d0f955a34b8d67a8
experiments/2026-10-06_facemap_validation/fits/independent_TX57_optimized_population_mlp_s402/result.json,651,71b6435605d457177c9533b7c794a05a5b9514877d6d966be7ff9f9379070adb
experiments/2026-10-06_facemap_validation/fits/independent_TX57_optimized_population_mlp_s403/history.json,16612,10d18ed573ca705b59ab0df583f57934473955d1bee062282b0243e8ac21b5e2
experiments/2026-10-06_facemap_validation/fits/independent_TX57_optimized_population_mlp_s403/job.json,102,3a9006a47ecff95de63dfdf818077874871d020ff400e70616bd97ce7a0e7ee5
experiments/2026-10-06_facemap_validation/fits/independent_TX57_optimized_population_mlp_s403/result.json,652,91ea3cb6f06db19e3410bd3d90db8c3cb9a834bc12756dc793d897cb2317c3a6
experiments/2026-10-06_facemap_validation/fits/independent_TX60_default_attention_s401/history.json,8310,65fef4d0da1aee00c4e53ff70ef1a711934c4db4636aafea502ccb0c309c5406
experiments/2026-10-06_facemap_validation/fits/independent_TX60_default_attention_s401/job.json,95,694850c509eb9caee89e47cdca9cc35a45cf183c0ecf6c58b15ebedc2850e10a
experiments/2026-10-06_facemap_validation/fits/independent_TX60_default_attention_s401/result.json,643,a9b21180f6a1f418b5f957462edc3bcabff07f6a29d41a31e0c10d23a30334aa
experiments/2026-10-06_facemap_validation/fits/independent_TX60_default_attention_s402/history.json,8304,bbf6172b090d1ca6380110aa225cc095b96bcc54564273ef316ebdc9765c9d34
experiments/2026-10-06_facemap_validation/fits/independent_TX60_default_attention_s402/job.json,95,7275be55e4d14d7e5c89c978ac38127cfdb835f14392e175616af6007a144891
experiments/2026-10-06_facemap_validation/fits/independent_TX60_default_attention_s402/result.json,642,1e28bb526279ae8e2fb12c69759d966de0b5d7b0b52775402c4edaeee67c303b
experiments/2026-10-06_facemap_validation/fits/independent_TX60_default_attention_s403/history.json,8300,81a20e4f3f4b1357ebcfb4f94916ed0310994022c3ddbfc1ce8023741970dc5e
experiments/2026-10-06_facemap_validation/fits/independent_TX60_default_attention_s403/job.json,95,7ce0a65c61f3d1cdb49a53e5f1a65af821bc69a29fad4cbe72b1ad38dd4869f8
experiments/2026-10-06_facemap_validation/fits/independent_TX60_default_attention_s403/result.json,643,1cbee47ee7e58770d421a54eccc207b12b001d6b98e855c86092fa5a97c78dbd
experiments/2026-10-06_facemap_validation/fits/independent_TX60_optimized_attention_s401/history.json,16639,491baec0d52085167c5faed5e14aaf63e5f3555fb169a93595f0f8d9a7a2c19b
experiments/2026-10-06_facemap_validation/fits/independent_TX60_optimized_attention_s401/job.json,97,6c6c2c4679ce254a50e230a4c312872f199f48792e37a3bed11c23538550c8c3
experiments/2026-10-06_facemap_validation/fits/independent_TX60_optimized_attention_s401/result.json,646,1a5922ddc8086f9951c2e4c6b7d27445c61d439fe61c0312e8f001d4f02de7f2
experiments/2026-10-06_facemap_validation/fits/independent_TX60_optimized_attention_s402/history.json,16633,ae514cfcce9ddfdc5549db335b100ea7fae5f060b61e7dba67eb4470b6284488
experiments/2026-10-06_facemap_validation/fits/independent_TX60_optimized_attention_s402/job.json,97,882a62568f879a5dd291c3778d95a1b3f904647d32f472da963cd7b6272b1ff2
experiments/2026-10-06_facemap_validation/fits/independent_TX60_optimized_attention_s402/result.json,646,46f781e5007c7471a94e2beb16548c8eade6308922cd75e28a0e35622b365da5
experiments/2026-10-06_facemap_validation/fits/independent_TX60_optimized_attention_s403/history.json,16633,fbae849d1f0406295a1b22fd2c7ec7939a7202741c035214d87552bbc8f48f47
experiments/2026-10-06_facemap_validation/fits/independent_TX60_optimized_attention_s403/job.json,97,eeaa3a604a102de4e17b00131b2f74fb8927eb8ede52369f0d35abb083f8ccb5
experiments/2026-10-06_facemap_validation/fits/independent_TX60_optimized_attention_s403/result.json,641,f53065210fce8201de294316ffa86a9db0b72632e25f12928e1beca906c04522
experiments/2026-10-06_facemap_validation/fits/independent_TX60_optimized_population_mlp_s401/history.json,16618,24a11426d119911597ed7f737b72458d5d380f100d54b9b54f627987b56784a4
experiments/2026-10-06_facemap_validation/fits/independent_TX60_optimized_population_mlp_s401/job.json,102,b8ca597222e183819841aa69ddcc35c4e3a8e676dcf7295e0ad5f2253f290294
experiments/2026-10-06_facemap_validation/fits/independent_TX60_optimized_population_mlp_s401/result.json,652,49fa8386c6a9a7c80a7adaea8dfac166671592d8c84716ee6cc4d0782bc86fcd
experiments/2026-10-06_facemap_validation/fits/independent_TX60_optimized_population_mlp_s402/history.json,16621,533fe9feb2cf3637c2536b431c1c7430af8ebe179fba99fd921ca55b1f903381
experiments/2026-10-06_facemap_validation/fits/independent_TX60_optimized_population_mlp_s402/job.json,102,261e6503bbf3f4a9bac20d903b26e520a2dd5ce89926d73e3af94696c90a4ddd
experiments/2026-10-06_facemap_validation/fits/independent_TX60_optimized_population_mlp_s402/result.json,651,6a99727f157abc0f0ddc8ebb943f1babd85d3ecaafb7e7580489365240e7f99c
experiments/2026-10-06_facemap_validation/fits/independent_TX60_optimized_population_mlp_s403/history.json,16607,88be2ba4d92b55224d4ab9891008a0532f72c8cbca97be0edc576c39f25715ba
experiments/2026-10-06_facemap_validation/fits/independent_TX60_optimized_population_mlp_s403/job.json,102,c4c2d4f8bcc1f105534b5994bb7db763f5416e7d45bf109332f3192e37ccfc64
experiments/2026-10-06_facemap_validation/fits/independent_TX60_optimized_population_mlp_s403/result.json,651,56d50945e49809ff1531d616124dd9268cd5a6d07b55cbd3e4036bf356ee6ba1
experiments/2026-10-06_facemap_validation/fits/independent_TX61_default_attention_s401/history.json,8316,32905ae7ade0b23b50f5ee5c3b47781e68ff13ec1f0065d2879c14b87916e23b
experiments/2026-10-06_facemap_validation/fits/independent_TX61_default_attention_s401/job.json,95,9df933d1cf115be3576a8c949625049e4d280f561d356d462da46fc3884267a1
experiments/2026-10-06_facemap_validation/fits/independent_TX61_default_attention_s401/result.json,641,852defe239f775db6ad3cdb87f92bb52a140582de0319be89a93b2cda2290bab
experiments/2026-10-06_facemap_validation/fits/independent_TX61_default_attention_s402/history.json,8324,004d9087314b43cc8ea61c30f33520f01e6b4bac619876fb322e6217dbf774a0
experiments/2026-10-06_facemap_validation/fits/independent_TX61_default_attention_s402/job.json,95,6b4ecb4bb9001dab5a96baaf64f43e76e76a44f2faa592037023815c238976dd
experiments/2026-10-06_facemap_validation/fits/independent_TX61_default_attention_s402/result.json,643,5e5c2e20645102e729f1c66ca3cfb86792e27cd2884ff9dbe3a6505b877d3c26
experiments/2026-10-06_facemap_validation/fits/independent_TX61_default_attention_s403/history.json,8313,0404b447c39744b0b788016ca6598702201ff628f93be9de860d004de725cecb
experiments/2026-10-06_facemap_validation/fits/independent_TX61_default_attention_s403/job.json,95,0df9607406a70e7d9493268c2ecbae7f32ded4ac54d211c842e1be741792f4f4
experiments/2026-10-06_facemap_validation/fits/independent_TX61_default_attention_s403/result.json,642,9fd4be85013d386eb3a26aa4d68cb51c8f416a4454fac485d431fec3f4326ab7
experiments/2026-10-06_facemap_validation/fits/independent_TX61_optimized_attention_s401/history.json,16643,a87a762b36c846bfcbb9395906e922752d431c5d2d0fb119f16b572941bff178
experiments/2026-10-06_facemap_validation/fits/independent_TX61_optimized_attention_s401/job.json,97,ef9ba2466c03504a074cdcf2857b625eb22ea6b0dcf828d8e2a95a22b37c4df5
experiments/2026-10-06_facemap_validation/fits/independent_TX61_optimized_attention_s401/result.json,646,2696f0c081d42f336d2943ab3c75fefad2e6d706861d66d39154193870298bb3
experiments/2026-10-06_facemap_validation/fits/independent_TX61_optimized_attention_s402/history.json,16647,66b29912479aa5ca19ea9d235fbb4b88382acdcf277e64642647e6e9f333fe95
experiments/2026-10-06_facemap_validation/fits/independent_TX61_optimized_attention_s402/job.json,97,ff0467c671d1a97998266f9792e22c80f4eba731b1a1f71deb0e5b88c667d864
experiments/2026-10-06_facemap_validation/fits/independent_TX61_optimized_attention_s402/result.json,640,5d7d215a34e040e102613c55033c3e96a78c4fa36f10ef5b3cd21eae2a7f46b3
experiments/2026-10-06_facemap_validation/fits/independent_TX61_optimized_attention_s403/history.json,16632,3a2f1a53184137f1d715f6f7974cdffed3e2235b3b1fc739ff4542da1b2881d1
experiments/2026-10-06_facemap_validation/fits/independent_TX61_optimized_attention_s403/job.json,97,f59caf2d3068502f3058abbcf621cba2b95fc52911bb90bf67dfd2eac4800e47
experiments/2026-10-06_facemap_validation/fits/independent_TX61_optimized_attention_s403/result.json,646,2d14743f2053980ffc4248b498a9fd2e9bc9e520e20082f3444eb382953d9e1b
experiments/2026-10-06_facemap_validation/fits/independent_TX61_optimized_population_mlp_s401/history.json,16634,ac8886f25daba5d816ccf4556895735255520f0973185bb2a72ed0f3863237d5
experiments/2026-10-06_facemap_validation/fits/independent_TX61_optimized_population_mlp_s401/job.json,102,889dd79ccd51f3a27572084712379475140480d4e6961038ae9a3bed0c10c2cb
experiments/2026-10-06_facemap_validation/fits/independent_TX61_optimized_population_mlp_s401/result.json,651,fd3852f984d50369c5a382bf242007eee4aff56f9645bdffce64bb0cfbb4a301
experiments/2026-10-06_facemap_validation/fits/independent_TX61_optimized_population_mlp_s402/history.json,16630,775ad3dae7c2af4bd12157223e74c714176cd0530a778128138a19905dc4c95d
experiments/2026-10-06_facemap_validation/fits/independent_TX61_optimized_population_mlp_s402/job.json,102,e6f00a2e10375aa7f91d9151bf8dc8b0c8a9f265dad4d1cf0450fb51947bab6f
experiments/2026-10-06_facemap_validation/fits/independent_TX61_optimized_population_mlp_s402/result.json,651,f87f2756216191e3214cf8bfddcc1363ff2f81d047019fd7878b247a15a14713
experiments/2026-10-06_facemap_validation/fits/independent_TX61_optimized_population_mlp_s403/history.json,16636,2e61c37e3c11d45ed5ee46afc0c377c34011a8df0226e82443da6a80ecfa98e3
experiments/2026-10-06_facemap_validation/fits/independent_TX61_optimized_population_mlp_s403/job.json,102,26d758f17c03296b2e89c5858c065be8a5f3ee06fa18f198a91a3b3a464d3c39
experiments/2026-10-06_facemap_validation/fits/independent_TX61_optimized_population_mlp_s403/result.json,650,717c930f2efa63495dad2df750e6d18db0cbaffa9c01ed7571b3a06bddd8d6d2
experiments/2026-10-06_facemap_validation/fits/independent_VR2_default_attention_s401/history.json,8306,d9d364d29c2773a24f72818b1f3f7962076d2903ed0f6b8ef05da476169c4ba1
experiments/2026-10-06_facemap_validation/fits/independent_VR2_default_attention_s401/job.json,94,50be1821bd7278cedafb2e032005a7a1be843b7b758e95cc286896c86e8b0885
experiments/2026-10-06_facemap_validation/fits/independent_VR2_default_attention_s401/result.json,641,6a071f97c5aa3ecda84da2c0d46542e2a4b326ba81592b8059ce141a09a38976
experiments/2026-10-06_facemap_validation/fits/independent_VR2_default_attention_s402/history.json,8312,14ed9dfc5d14472ee314f8bbcbba132307c959287ad477f96bc96ad74957a141
experiments/2026-10-06_facemap_validation/fits/independent_VR2_default_attention_s402/job.json,94,d2b83ebdd0a07d9c87474eca4c13b1ac511660a4b0cc7d8b829bcb4610c43467
experiments/2026-10-06_facemap_validation/fits/independent_VR2_default_attention_s402/result.json,641,be57cf53353752ee17c6e861605889ff6198832b99632592733e248b3fdc27e2
experiments/2026-10-06_facemap_validation/fits/independent_VR2_default_attention_s403/history.json,8314,991a4927b48be56f92337c1718820ffe14ff66cfb3cb49ea9930aa183d0e914e
experiments/2026-10-06_facemap_validation/fits/independent_VR2_default_attention_s403/job.json,94,4e678a2648809cba117e90c8bb4975750bddcff3c4a039ed2579905ba4635a90
experiments/2026-10-06_facemap_validation/fits/independent_VR2_default_attention_s403/result.json,641,7a972ee912ee520c98a1087a3e63d61492c08ef568433214ae6d0902937452c4
experiments/2026-10-06_facemap_validation/fits/independent_VR2_optimized_attention_s401/history.json,16647,d7972d3889c9e9375cc3b897d226abda56b91729be8cf896bd1eb63b848e193e
experiments/2026-10-06_facemap_validation/fits/independent_VR2_optimized_attention_s401/job.json,96,edc121530fbade2612ffed8e91793d93cbb792d2bcb90ab24588b5a71b1b4f6c
experiments/2026-10-06_facemap_validation/fits/independent_VR2_optimized_attention_s401/result.json,644,d8e188679c94f266e9ab619d8606c51a650f1b63b539ff5c6f4e50af1a219970
experiments/2026-10-06_facemap_validation/fits/independent_VR2_optimized_attention_s402/history.json,16627,fb20156dc288e215d50bcf3d83016b26464615bcd9e03d5810ef8499bc16a211
experiments/2026-10-06_facemap_validation/fits/independent_VR2_optimized_attention_s402/job.json,96,30f561f942f78ef86efde1655e45d0a766daad52279d19b69fd67696c5590a18
experiments/2026-10-06_facemap_validation/fits/independent_VR2_optimized_attention_s402/result.json,645,91a6ef322e1ce3af5edcc3f46a0016633d436d46e6349f8ba63c27a828e74478
experiments/2026-10-06_facemap_validation/fits/independent_VR2_optimized_attention_s403/history.json,16636,b63e5364bc7bda8cecca02d10e49870442ade2db453e749b301d3c08804612c2
experiments/2026-10-06_facemap_validation/fits/independent_VR2_optimized_attention_s403/job.json,96,2d5f7b5425567d015a3543c1c8d3252d1700a8733a5a4b5f961661cb352b4873
experiments/2026-10-06_facemap_validation/fits/independent_VR2_optimized_attention_s403/result.json,644,312fefb7ae84bfb10bab941b5adbfd8297d5d1400b1820d07aa14e4f917d39b4
experiments/2026-10-06_facemap_validation/fits/independent_VR2_optimized_population_mlp_s401/history.json,16624,bf707d034e6c389b2ad302688a025d265c18b3a543602790cd87cd0d6354360b
experiments/2026-10-06_facemap_validation/fits/independent_VR2_optimized_population_mlp_s401/job.json,101,4fd21bdb2e8f6cc07a52118406cbfda9302e1df3f0fdf3c66caf50fbbcfd8743
experiments/2026-10-06_facemap_validation/fits/independent_VR2_optimized_population_mlp_s401/result.json,649,a3b2f90e95015309186cf485f72bdb5e7f8efddedbbff9e79626bc65c28ef417
experiments/2026-10-06_facemap_validation/fits/independent_VR2_optimized_population_mlp_s402/history.json,16617,5ac7f1d01e1f6eb1b2237fffb101a90ce0f6efb650224440f2ea76f252ff960a
experiments/2026-10-06_facemap_validation/fits/independent_VR2_optimized_population_mlp_s402/job.json,101,d1003beef4ac82128bafc3aeb2649df9ee468376f013b36a9aa1862ac7e7dca7
experiments/2026-10-06_facemap_validation/fits/independent_VR2_optimized_population_mlp_s402/result.json,650,0745ea45739e688babbf7b2ebd3708939a5de8560aa68cd7cc526f104e3f910c
experiments/2026-10-06_facemap_validation/fits/independent_VR2_optimized_population_mlp_s403/history.json,16612,e4db4092eb5c040a6ab9ed77f3603c40e49e34d62ab2e0f1f97f5761fc5875a5
experiments/2026-10-06_facemap_validation/fits/independent_VR2_optimized_population_mlp_s403/job.json,101,f387ee851388701ab02915964d53d32e4972a5f413a1c8fda984a33986fae2ad
experiments/2026-10-06_facemap_validation/fits/independent_VR2_optimized_population_mlp_s403/result.json,649,85f6ff6a2f4da9cfd4b517be51ef85930b353cfddc856d2076a129d0214041a6
experiments/2026-10-06_facemap_validation/fits/shared_all_default_attention_s401/history.json,28519,a1cd0f603a85fc93c1dd39e11cd2af7718c1b9e2072577c72e13636ba04dc442
experiments/2026-10-06_facemap_validation/fits/shared_all_default_attention_s401/job.json,89,07c704f2ab9307505962e07b350bdea5782c5407248d6943502327002bba433f
experiments/2026-10-06_facemap_validation/fits/shared_all_default_attention_s401/result.json,706,25a1469ef1886b27a82967c95fb5cb74a450465b59fae151d7412aa59b00ad0d
experiments/2026-10-06_facemap_validation/fits/shared_all_default_attention_s402/history.json,28545,ef71b21eb601ab892bb36efc6db5088bb6997089590fa83ccafde302da272039
experiments/2026-10-06_facemap_validation/fits/shared_all_default_attention_s402/job.json,89,1a5cb0930b5a534f18a9d0d9b50afb850d62346959936c82f3b1af9d765c0f82
experiments/2026-10-06_facemap_validation/fits/shared_all_default_attention_s402/result.json,712,1acdc71a2ac9e39e10b25d3cee5b5c27ca3ebb63444058409e73337d44745e6a
experiments/2026-10-06_facemap_validation/fits/shared_all_default_attention_s403/history.json,28534,73d77d5f827002e9a680e46498ace63e499d70467e8ae9606fb23c5839802793
experiments/2026-10-06_facemap_validation/fits/shared_all_default_attention_s403/job.json,89,997f9b071617f42a8353187d0e64b8abc2cccc66b3e908291257f3df07119156
experiments/2026-10-06_facemap_validation/fits/shared_all_default_attention_s403/result.json,712,b591d2925b914c95d1e19f19aa03bc50431f8fe033bb52dd1b0444031814e663
experiments/2026-10-06_facemap_validation/fits/shared_all_optimized_attention_s401/history.json,57172,42ab4dc98ff159e64c632a6eaadae1f54978660efa1273db1cfb87147ed50a45
experiments/2026-10-06_facemap_validation/fits/shared_all_optimized_attention_s401/job.json,91,5a4ef25d88558345bc2942c2785667e21ac0d68360a3151d9bee52f94f79d349
experiments/2026-10-06_facemap_validation/fits/shared_all_optimized_attention_s401/result.json,716,923a19c6d2926156b2a5d5c4cc6004b1f35c072b605ffcc4a94a7647765e3063
experiments/2026-10-06_facemap_validation/fits/shared_all_optimized_attention_s402/history.json,57169,ee6ccd69e6ee3f39a6ee16e33d2af853e538818729f494cb96876fdc1d94e0c6
experiments/2026-10-06_facemap_validation/fits/shared_all_optimized_attention_s402/job.json,91,2e5e8d798a56afeea4614da193754b9ee522b0b5d1a4c90211ad768d00e69eb4
experiments/2026-10-06_facemap_validation/fits/shared_all_optimized_attention_s402/result.json,715,a58a30cf2445edb944a0b8a7bb3c1fc17235388590252df492711df09667577c
experiments/2026-10-06_facemap_validation/fits/shared_all_optimized_attention_s403/history.json,57180,45dbf5aae52a54c5e41a6584f26164ffdbfc67b67681fca280c8f2efa1bcf311
experiments/2026-10-06_facemap_validation/fits/shared_all_optimized_attention_s403/job.json,91,dcad4b8f30bb9ed968a4db6f7d9a4202764c07a9b8ab3a41992821555523c7df
experiments/2026-10-06_facemap_validation/fits/shared_all_optimized_attention_s403/result.json,715,640107f3bfb4e976501c248c1362a0f3665ed00c7aea4fe78992e4e04bb074e7
experiments/2026-10-06_facemap_validation/fits/shared_all_optimized_population_mlp_s401/history.json,57110,82d2c3aab1e6e6acc4d2a0912c3f150535c58d34f548c8a711870bd5c1d49d4a
experiments/2026-10-06_facemap_validation/fits/shared_all_optimized_population_mlp_s401/job.json,96,61a1fa0ec51853f1db1411905be48785520319839ef10a5b1404419b2f518e89
experiments/2026-10-06_facemap_validation/fits/shared_all_optimized_population_mlp_s401/result.json,721,6c5dececb7c524a37a9ba1c3e04f895a7be7124ec83c7ab5644d7e06460c1028
experiments/2026-10-06_facemap_validation/fits/shared_all_optimized_population_mlp_s402/history.json,57088,9aa03fd9b9c5efa6212fa87cd3f2fa0b6cbb76cfa5258726db4852d231d1dc9d
experiments/2026-10-06_facemap_validation/fits/shared_all_optimized_population_mlp_s402/job.json,96,42f5d834ac398ef13b232dbdd247daa8b8d594f17e6a9d94d76b64efefa8d473
experiments/2026-10-06_facemap_validation/fits/shared_all_optimized_population_mlp_s402/result.json,721,1f6dcbb7d9d973fc0fb59885ab2f766a761f473d400976889eec6af11fba2ee9
experiments/2026-10-06_facemap_validation/fits/shared_all_optimized_population_mlp_s403/history.json,57102,3e3d60367ab92d160c120ddc0d8dd9204a01f497bf7ccc6208048ab1b9222706
experiments/2026-10-06_facemap_validation/fits/shared_all_optimized_population_mlp_s403/job.json,96,600c0960835ebeb5f6aed69dfc6c1bb5211662359d8019b2daad76070c7bc38c
experiments/2026-10-06_facemap_validation/fits/shared_all_optimized_population_mlp_s403/result.json,721,7d882f1e78d1c5af7b4ec7fb5f712c34516a2c69be12f484e1ae815e697f6827
experiments/2026-10-06_facemap_validation/ridge/TX103/result.json,4047,69c2651b28ca3ee96bf813db1824ae181172d08f2b11c70a675b32cd5b0048f8
experiments/2026-10-06_facemap_validation/ridge/TX104/result.json,4066,cf005c890b9770358bd232fd8e8978ca1b4aca8c08b64a5d71cbe1956c474d17
experiments/2026-10-06_facemap_validation/ridge/TX56/result.json,4070,2e86c48e85265f574d7e2c54d2754969940d453b297c848213e49c098b19f9aa
experiments/2026-10-06_facemap_validation/ridge/TX57/result.json,4069,a36339c176fa050718b2074cc723259f0f879a3622663378187c2878ad1ae826
experiments/2026-10-06_facemap_validation/ridge/TX60/result.json,4065,4f8977e449e0a0739bbc90b28dfa9d6d2a3e820e4dbc74b92c9ebafd60478647
experiments/2026-10-06_facemap_validation/ridge/TX61/result.json,4077,f61c4979597b96f943b67cf88bc7b696b8c91cf0a375adce21383e7698d1be79
experiments/2026-10-06_facemap_validation/ridge/VR2/result.json,4060,e2dc80f142abacdb88a8cbe074b6efb5c4651798101ab62b5110653a6624dc1a
experiments/2026-10-06_large_panel_components/as_s10/history.json,15234,180319960b5c464820827afa1d66e258a5dd996502b326ed83276be046b943e9
experiments/2026-10-06_large_panel_components/as_s10/result.json,340,e05f41df58f04d0102cd6cb8ab67f7992c9f27dc65d1863dc998d1ac6650bfff
experiments/2026-10-06_large_panel_components/as_s11/history.json,15269,0d9ebc16732c7953ad619d22edc5260c10fd4668f4fee2ed83e3db6c4c1d789c
experiments/2026-10-06_large_panel_components/as_s11/result.json,337,ce8b2d20df7faf62781f44820f83ffd55ce80d39255a36393f65b21f2c7d788a
experiments/2026-10-06_large_panel_components/as_s12/history.json,15227,7d9fa1b4c8605322ab28bae7a862a97d604718df306ecd4435a5fe7b31217e7b
experiments/2026-10-06_large_panel_components/as_s12/result.json,338,a3b3c764d308b57a36153a05eb422471ba66675ea4bf1aae37bee645c8506a3a
experiments/2026-10-06_large_panel_components/ma_s10/history.json,15216,ef147299287f768926a64b147b2d4b237c4c1d9a6d66c398e20db2792de6c13f
experiments/2026-10-06_large_panel_components/ma_s10/result.json,338,81c92aca8b4f49387df17d87eecf4a8d50f28bf37f86d0cf68d8327c2b808fa4
experiments/2026-10-06_large_panel_components/ma_s11/history.json,15237,526c17b7f548a7a77daec9d73ad28da05de351eaf583fd4f024de9b7a40d2b6c
experiments/2026-10-06_large_panel_components/ma_s11/result.json,337,2e4be07c3ac3c42fb00953a9ac5cfaccfe05656c378590cc59a9d8fc7ffac025
experiments/2026-10-06_large_panel_components/ma_s12/history.json,15226,c41b28e035036845d364124f49e00515513066b218d66f80f240163d154bd7d1
experiments/2026-10-06_large_panel_components/ma_s12/result.json,338,33a361147b457a874015e6f702252fb57ce5bd76e366d7b0d4913053a8ef962d
experiments/2026-10-06_population_tokens/attention_s10/history.json,15381,6ab1156a8ee6c263e980f4cad44c51ce1cf24c3300447e8bbc790c46a4b9849e
experiments/2026-10-06_population_tokens/attention_s10/result.json,343,d9bbf80f208a1cef716a3272ada5104467ac968f24690291a4c2368ee2fc6ca6
experiments/2026-10-06_population_tokens/attention_s11/history.json,15369,9492a88c5956489d0af12d0029fa2843c56902a566fc3c2e1ec8fbb3b384ae93
experiments/2026-10-06_population_tokens/attention_s11/result.json,343,1e3ac70f94a27d2a96edab21677718da15d7d3dc1f98dc72f8cec337eec5622d
experiments/2026-10-06_population_tokens/attention_s12/history.json,15362,b32122154aad91bf071af93958dcb22b9b70733255d7937d4b2ea110072208c4
experiments/2026-10-06_population_tokens/attention_s12/result.json,349,55286a7c698785f3a97f01759a80fc0b35ece801594da0934905d010930706aa
experiments/2026-10-06_population_tokens/mlp_s10/history.json,15366,34d73d131ec0d06ef52809d85f9f5fe139948e66f3e8b8ad5cd064031ca6f01c
experiments/2026-10-06_population_tokens/mlp_s10/result.json,344,b28e3325cf7de4b62ca2aa6b2e2a24a0e2fbe8c7d8df8c48f34e0e3c7c345d49
experiments/2026-10-06_population_tokens/mlp_s11/history.json,15380,daf7f88bbeed7e56cec5cc9f408d2872b2fb2b19fbe1fd8dff7a18f310926c82
experiments/2026-10-06_population_tokens/mlp_s11/result.json,344,0c849328b4533b46ef8224513dc4a727a71e3e7f7f29237986ed3649e394950a
experiments/2026-10-06_population_tokens/mlp_s12/history.json,15387,23c4e9ec4670c327926946299e2a924db39a8c26c01e03e7640bcc808559b28a
experiments/2026-10-06_population_tokens/mlp_s12/result.json,344,daba2515f5eaf43c4feeb4885d824be3145a385e5c55389437c4cf25df7971f4
experiments/2026-10-06_systematic_optimization/fits/03c1c4796f70_fold0_s101_e12/history.json,6961,9d942ad1a8dc79eeeb443bf3ce24ab2e6a2ba6482a8c894bb55e5dd49f53d9d1
experiments/2026-10-06_systematic_optimization/fits/03c1c4796f70_fold0_s101_e12/job.json,243,ac436739e0d40ccee44a9fbae328835d6d634792e751d372f013032307f290a3
experiments/2026-10-06_systematic_optimization/fits/03c1c4796f70_fold0_s101_e12/result.json,865,3c62db7d37eea610898265e82eca0e98e186c276ea903796b8b68da90a71899c
experiments/2026-10-06_systematic_optimization/fits/03c1c4796f70_fold1_s101_e12/history.json,6999,3f0547d3e7405b0479c83aeca3f5b54a71f9a2c2f483b9b7a3e0e60d0bef1404
experiments/2026-10-06_systematic_optimization/fits/03c1c4796f70_fold1_s101_e12/job.json,243,a46ed73374bdccabe19629a4d15c031aca50aba86447b43ca69fa3523269cb7d
experiments/2026-10-06_systematic_optimization/fits/03c1c4796f70_fold1_s101_e12/result.json,865,cc6ecb1a405e9f4ba497235355e546f44e49dc78b4c9e7ee8fb512c478ff46a2
experiments/2026-10-06_systematic_optimization/fits/0629067e0d0f_fold0_s101_e12/history.json,6955,6f4b3efaeb7aa5212648a9e982baf98078b211b0e1e242cd794c09c56c65bdf8
experiments/2026-10-06_systematic_optimization/fits/0629067e0d0f_fold0_s101_e12/job.json,249,04aa6b0b2b54f76da54a3fcd810addf34e5475d7ac7df8ac533cc001af8a2af3
experiments/2026-10-06_systematic_optimization/fits/0629067e0d0f_fold0_s101_e12/result.json,869,6069a8324cd8b2a18f8be9ee4c2dd469a883fe6ed3d73c00d4248568d8f67ce2
experiments/2026-10-06_systematic_optimization/fits/0629067e0d0f_fold1_s101_e12/history.json,6991,7bf77f347836c9d73d9d3459ef7d9d965c68e4c646f5b47a8fb8cee24aae0f8f
experiments/2026-10-06_systematic_optimization/fits/0629067e0d0f_fold1_s101_e12/job.json,249,ba070ded740dea663d84db8b1de8edf9dad5406aa2dd55299be081498115e7c3
experiments/2026-10-06_systematic_optimization/fits/0629067e0d0f_fold1_s101_e12/result.json,873,1cf49968d94c93e87e3e621e2b26b8882c444b169039d5d393a0294f048504fd
experiments/2026-10-06_systematic_optimization/fits/09948af48cf7_fold0_s101_e12/history.json,6945,78a47f178c3875f764a3b9d959203c38ae588a5434e671967f09c956e9a447d5
experiments/2026-10-06_systematic_optimization/fits/09948af48cf7_fold0_s101_e12/job.json,243,46310ca393d80472fc309fc910ac09bd4bcb6c15e7e803819bf940eab218fd12
experiments/2026-10-06_systematic_optimization/fits/09948af48cf7_fold0_s101_e12/result.json,863,f4a436bde4cc5cb40c326f9cd3bf848f9dbe24cb17077917d5ae73d86b307f24
experiments/2026-10-06_systematic_optimization/fits/09948af48cf7_fold1_s101_e12/history.json,6990,6480f80ac9890a7e15e55c42e975e2d144f548cbd27d021568e3e745ae947086
experiments/2026-10-06_systematic_optimization/fits/09948af48cf7_fold1_s101_e12/job.json,243,3d28bf1602146844deb3fa589487a14c5dad0af39e657ed230ccd11eccf103cd
experiments/2026-10-06_systematic_optimization/fits/09948af48cf7_fold1_s101_e12/result.json,866,b8f377167c49e69fff8d9693447e55c64189b9d6533fc558da0f68fb63579016
experiments/2026-10-06_systematic_optimization/fits/0a61514ab4ec_fold0_s102_e48/history.json,27589,09511872c5b44215717d9c9e2d32eb00cf01b4aabbc665587b083e3e1f5cab8f
experiments/2026-10-06_systematic_optimization/fits/0a61514ab4ec_fold0_s102_e48/job.json,244,ee7692272d87ed69599e6f37bcb1d58f6014350f989828bf170ca5ca15ff7fb9
experiments/2026-10-06_systematic_optimization/fits/0a61514ab4ec_fold0_s102_e48/result.json,871,9152502e582c2573155ce7b405ba146840ff05cba25b4237d2a6a1db2cacea34
experiments/2026-10-06_systematic_optimization/fits/0a61514ab4ec_fold0_s103_e48/history.json,27587,16b843a5b8ccdff2cf3d93bf9a52cced49d37a5744425820524dc3d348d44e0e
experiments/2026-10-06_systematic_optimization/fits/0a61514ab4ec_fold0_s103_e48/job.json,244,a81cddf4c6dd9098f37df15081802344a7a5d80e6ed2af2c20e864d1902a77fe
experiments/2026-10-06_systematic_optimization/fits/0a61514ab4ec_fold0_s103_e48/result.json,871,9f8861dbbfe7feb690131c31caa005db8cbd11eeac7594b242b502be6aa5692a
experiments/2026-10-06_systematic_optimization/fits/0a61514ab4ec_fold1_s102_e48/history.json,27794,f3f04c14e72e354b729a82462c7a4d347a1ee8293ccff3eb2d2c8cd7e2a130c1
experiments/2026-10-06_systematic_optimization/fits/0a61514ab4ec_fold1_s102_e48/job.json,244,af221d095ba8f1e85493426d136380b1087d9febc4b9232f69b981ed022c8c19
experiments/2026-10-06_systematic_optimization/fits/0a61514ab4ec_fold1_s102_e48/result.json,872,bd942456682b38f34cad32c13e0233b98077dd4b9b6accd936f5ad254f53b8a8
experiments/2026-10-06_systematic_optimization/fits/0a61514ab4ec_fold1_s103_e48/history.json,27758,7ba5ab2bf42a0ff0361bac4650b7cae49604f5da2351a52ed611afcb9d52212d
experiments/2026-10-06_systematic_optimization/fits/0a61514ab4ec_fold1_s103_e48/job.json,244,1ac40fce0ad33c3fbad0daffb89bb99da8012f8ac76f2a21b33bf2e4c48e5360
experiments/2026-10-06_systematic_optimization/fits/0a61514ab4ec_fold1_s103_e48/result.json,870,af0b9ba3feac4985e38d0407ea7e9294dbf208445a444ac1cf7147c57349c547
experiments/2026-10-06_systematic_optimization/fits/0c94ea510bdb_fold0_s101_e12/history.json,6958,d1690e6c6894e0155a3a9833bc074ef18f6bec1dc4051d048ad2ef8cce83f734
experiments/2026-10-06_systematic_optimization/fits/0c94ea510bdb_fold0_s101_e12/job.json,243,5e27b654bbc9f93d726bec193db89e727998ac84f26d604a6a5e3bb8f4595c8d
experiments/2026-10-06_systematic_optimization/fits/0c94ea510bdb_fold0_s101_e12/result.json,866,bf31d30fde2850ed08ae46bd290d1dc58a7028d67fac1da9b1c4ba4d48d22bec
experiments/2026-10-06_systematic_optimization/fits/0c94ea510bdb_fold1_s101_e12/history.json,6996,9234bddd6cecb7418a99f96fb8df4e4f7e617c757cf8c3228704cbacfde4a816
experiments/2026-10-06_systematic_optimization/fits/0c94ea510bdb_fold1_s101_e12/job.json,243,6a472bdce59a2a4cb2fbf3e530532aec2ce313643856dfe771ffcebf514b8d33
experiments/2026-10-06_systematic_optimization/fits/0c94ea510bdb_fold1_s101_e12/result.json,869,1c40dfd6e3a8429300cc8e5eac8abca2ef3fb2201c5e6ee5a6b5f6ab49096a82
experiments/2026-10-06_systematic_optimization/fits/0de05974ea2b_fold0_s101_e12/history.json,6955,d04eaae8a44837301028ed5945149039d97ba1b83290805125464d3f90a99203
experiments/2026-10-06_systematic_optimization/fits/0de05974ea2b_fold0_s101_e12/job.json,243,63ddea515fad0ac2293e846987e9f17c7f6492c61546612f690357da3a653a12
experiments/2026-10-06_systematic_optimization/fits/0de05974ea2b_fold0_s101_e12/result.json,866,9a687b55321f4563c21644c468c18eb842292969d5684deea304b86686c0fcc9
experiments/2026-10-06_systematic_optimization/fits/0de05974ea2b_fold1_s101_e12/history.json,6986,eaed0a16ea905c024c6732ce4212c200efaefacebec510af4c14590cea38146b
experiments/2026-10-06_systematic_optimization/fits/0de05974ea2b_fold1_s101_e12/job.json,243,11634e5d00d61f9cca4bd7c26b6a02c2ab75a145adc31c406f4ce953c26ff765
experiments/2026-10-06_systematic_optimization/fits/0de05974ea2b_fold1_s101_e12/result.json,867,c6866a1b5fe01b1f212ceec32e44105c252e13aa7e5b2b0bada1dae3c4090a11
experiments/2026-10-06_systematic_optimization/fits/0e12526e11d0_fold0_s101_e12/history.json,6947,b2c0b61f7d7c4c7e345868e1939a4580b00918c39e17d58b25a8cb61fc9a5044
experiments/2026-10-06_systematic_optimization/fits/0e12526e11d0_fold0_s101_e12/job.json,249,f5e84c6d8879848eac86bdd02666e7fc8e942abd908d8065fbdc0dea91267b5c
experiments/2026-10-06_systematic_optimization/fits/0e12526e11d0_fold0_s101_e12/result.json,873,d098b050554908947ef2a09d60217172eadb3abb227558e0a7225609a091cec1
experiments/2026-10-06_systematic_optimization/fits/0e12526e11d0_fold1_s101_e12/history.json,6990,485fa6923ff33355ac71bd27f1b0ca85131390a6f24d64cff8d50352dac4628c
experiments/2026-10-06_systematic_optimization/fits/0e12526e11d0_fold1_s101_e12/job.json,249,ec928e55295ffee52869fb4fe465eedd7a2dd3609d4df6712067bc24d0ba0055
experiments/2026-10-06_systematic_optimization/fits/0e12526e11d0_fold1_s101_e12/result.json,874,7fb53ab416775070f99cb26d56490498c556c069068deb5b2be6372578af0d49
experiments/2026-10-06_systematic_optimization/fits/112ac5023634_fold0_s102_e48/history.json,27336,8953e34993806fdf8f6ca86d01ccffb737ed9b3b714490fb045ac74cfaf5ae77
experiments/2026-10-06_systematic_optimization/fits/112ac5023634_fold0_s102_e48/job.json,248,07527170c72d4d6a830621254b3d578ba6f8d0a1dfd2a3202c1c694d5c75ffa7
experiments/2026-10-06_systematic_optimization/fits/112ac5023634_fold0_s102_e48/result.json,874,d11eed524628d6298f5a63b6bebe4066d1c6364cb9c6eed9c9080fb8213b85b5
experiments/2026-10-06_systematic_optimization/fits/112ac5023634_fold0_s103_e48/history.json,27267,d4987b563c1de4ee709c50c7af6e06f81179f8bf44a95a11659637b22ce99bac
experiments/2026-10-06_systematic_optimization/fits/112ac5023634_fold0_s103_e48/job.json,248,e7135502eeffb1b4ee9521d173380af8acae67f01bf4b901005b481d1175106c
experiments/2026-10-06_systematic_optimization/fits/112ac5023634_fold0_s103_e48/result.json,872,060ac364786e6771012d591603e19ddf44cdb7c68c1b68cdde158453b9d630e7
experiments/2026-10-06_systematic_optimization/fits/112ac5023634_fold1_s102_e48/history.json,27395,5d3c8efe3c0721caed0803ef8beb3aed8ef81fc35eae50f941cf14c8c882f19d
experiments/2026-10-06_systematic_optimization/fits/112ac5023634_fold1_s102_e48/job.json,248,6b47b4491c5725f8518818a9dc79898fe0eda5b3a0e3665769f4475b2e6c4a7f
experiments/2026-10-06_systematic_optimization/fits/112ac5023634_fold1_s102_e48/result.json,875,aa1ca80579d81a609dcc352ee1702203c0923143961290e82a2f77bd6821fcab
experiments/2026-10-06_systematic_optimization/fits/112ac5023634_fold1_s103_e48/history.json,27440,018548b05944fe6778cdb153b13c0c4d49b26ac0eeaa8cd895426c1622a38f29
experiments/2026-10-06_systematic_optimization/fits/112ac5023634_fold1_s103_e48/job.json,248,57a8949a25438ae94c274e1a17f5f21f1be2a3423d216bff938903e0b8c3ba41
experiments/2026-10-06_systematic_optimization/fits/112ac5023634_fold1_s103_e48/result.json,873,9ed92c312e3c4c4b458dd313006413b11edcb2bc646747338097dd4dfc51ec73
experiments/2026-10-06_systematic_optimization/fits/112ac5023634_full_s201_e48/history.json,27419,662efc050d26b76cab8baa7620b2e7f2c5b996bcea8b6039010d9965b9c64e40
experiments/2026-10-06_systematic_optimization/fits/112ac5023634_full_s201_e48/job.json,247,84c47024d59d180dfbc82502ea29e89c06a0bcecb7dc7309213204bac9ce98f3
experiments/2026-10-06_systematic_optimization/fits/112ac5023634_full_s201_e48/result.json,874,f5c02aa3f5dc3f1dbc6808855c41fb76c3f730212c31f4b0e6e7a2fa28cbbf78
experiments/2026-10-06_systematic_optimization/fits/112ac5023634_full_s202_e48/history.json,27456,a43719107796b45d515a3a7dc9c70f220927f9e0c51d991a42d3a4ac40f789dc
experiments/2026-10-06_systematic_optimization/fits/112ac5023634_full_s202_e48/job.json,247,71fc3116933de67ceda589ce7dd7558ee1d8bd970ab1059542a03ed3f3ed0aac
experiments/2026-10-06_systematic_optimization/fits/112ac5023634_full_s202_e48/result.json,868,54bc2e3a16fa71620214d8105a6e583d1ed44c559e3b618a1cdeedd4d85dfcac
experiments/2026-10-06_systematic_optimization/fits/112ac5023634_full_s203_e48/history.json,27529,13bc47fd22cf5cb704dd41dce24ca4243859cb1f958c2f11deafcc1e9ae1f1e8
experiments/2026-10-06_systematic_optimization/fits/112ac5023634_full_s203_e48/job.json,247,af183f483ab713c5a239406b57bb9cbd4f66e0dc0c3422ae2ed37ead174852c8
experiments/2026-10-06_systematic_optimization/fits/112ac5023634_full_s203_e48/result.json,876,a58d0d475feeb9bbdd7502d165ba5cf46ae6ec28ec9fb1fbeda86eb4c61c9b28
experiments/2026-10-06_systematic_optimization/fits/112ac5023634_full_s204_e48/history.json,27461,d71d86d692e4815dd17174156049f7d54c77a62890ea52995be0b58512b82844
experiments/2026-10-06_systematic_optimization/fits/112ac5023634_full_s204_e48/job.json,247,f143fc53e23fa6eb632338b3ac2b573f7afcf114d969a88c8241618bdf57e4f2
experiments/2026-10-06_systematic_optimization/fits/112ac5023634_full_s204_e48/result.json,875,48f52b6c96c3f69dd6b0743c0f048183340f6e1e88b71840ffd7dd1c9ab6926f
experiments/2026-10-06_systematic_optimization/fits/112ac5023634_full_s205_e48/history.json,27405,47802b671441e6ce77f602e8d44cd95059fb0178c8b1bf69820a3d0c08a2455f
experiments/2026-10-06_systematic_optimization/fits/112ac5023634_full_s205_e48/job.json,247,0a6081ad12a6a80333be2f7f354d2cc45a506dbfed7868a3b8cc2a96a095289b
experiments/2026-10-06_systematic_optimization/fits/112ac5023634_full_s205_e48/result.json,871,431bdb63e77a65b5bb727dfc003bd77944dbc45e24df0e1a558a53ae312c5274
experiments/2026-10-06_systematic_optimization/fits/112ac5023634_full_s206_e48/history.json,27521,ecc5fb9f2577da7c511bde725d6d1e89d0ed5350132aa6f9667f13fb5a1ffc55
experiments/2026-10-06_systematic_optimization/fits/112ac5023634_full_s206_e48/job.json,247,9e05234347ef978af2d85593269a5de51dccc003ba113fb1fee815873111e2b6
experiments/2026-10-06_systematic_optimization/fits/112ac5023634_full_s206_e48/result.json,875,cf45e2f6f704f1224de856a6ba36dc8f183dfc645778130b2d57f7c36b2406a5
experiments/2026-10-06_systematic_optimization/fits/12b2c0e19cdc_fold0_s101_e12/history.json,6949,41acb48a699fe9b82ba3e02b983f3dfbc07c24734f60f982fa93ca46e0235709
experiments/2026-10-06_systematic_optimization/fits/12b2c0e19cdc_fold0_s101_e12/job.json,243,ce58a77bb5eda1395822858e2e7b580abea08dc9cec8bffcee774861c06b4d49
experiments/2026-10-06_systematic_optimization/fits/12b2c0e19cdc_fold0_s101_e12/result.json,865,5ef2185df1a80de1aa84ec44a560fb510e22e4f71356914981f84b4555527282
experiments/2026-10-06_systematic_optimization/fits/12b2c0e19cdc_fold1_s101_e12/history.json,7007,d45f99911b4d655ce8510e1b50bae6081b4170afd212c956a1f847d4cf9cde2e
experiments/2026-10-06_systematic_optimization/fits/12b2c0e19cdc_fold1_s101_e12/job.json,243,9007ce731f90f0b8c320230b03cccbba32034cb6820a55099e8fe14385fa44e2
experiments/2026-10-06_systematic_optimization/fits/12b2c0e19cdc_fold1_s101_e12/result.json,868,be6f358f7d4f9acdeaef9085ed473dc1fe428826c07dbd5c47adb7d8ba7aa3bb
experiments/2026-10-06_systematic_optimization/fits/13a6bcc6d28c_fold0_s101_e12/history.json,6956,19d2a0a359a51d69a1086689d39c0081df295864695f26dee7ba5b1ee6f96d05
experiments/2026-10-06_systematic_optimization/fits/13a6bcc6d28c_fold0_s101_e12/job.json,249,defa3ce253231ff1fee5aaca4bd52090b924587a2f897a6b609aeb15bd8f4f86
experiments/2026-10-06_systematic_optimization/fits/13a6bcc6d28c_fold0_s101_e12/result.json,869,f1dc559d9e8562f6435953902106d4d98adbdeaef3123c5b82b201ddafdb79be
experiments/2026-10-06_systematic_optimization/fits/13a6bcc6d28c_fold1_s101_e12/history.json,6986,511527d7eec9bf5c6a90bb0606eabe2ceb47507ccfe3d7c9761c563fa05ddb92
experiments/2026-10-06_systematic_optimization/fits/13a6bcc6d28c_fold1_s101_e12/job.json,249,ac5979936a8c88f535ea68623cf76240e256c2a98bdf0ea8239233b4a40a118a
experiments/2026-10-06_systematic_optimization/fits/13a6bcc6d28c_fold1_s101_e12/result.json,874,115dfbd8a6395b6eba295ba720b868c450618659669464ec88228331ef0f264f
experiments/2026-10-06_systematic_optimization/fits/14225f14fb15_fold0_s101_e12/history.json,6949,d5329f32495b73caf15f15297c3c360310df3369895599293f3b8658a2d972ef
experiments/2026-10-06_systematic_optimization/fits/14225f14fb15_fold0_s101_e12/job.json,249,4fb1048458741c3a4d2026b94174e79a7f94f5380fbbd8d93c9971690fe170d8
experiments/2026-10-06_systematic_optimization/fits/14225f14fb15_fold0_s101_e12/result.json,870,dd6ee36c7e779213023c8e30b11d9b5b222c5ef4cff0f8c7655231c214de8ac2
experiments/2026-10-06_systematic_optimization/fits/14225f14fb15_fold1_s101_e12/history.json,6989,3709d421e4ea1a74c6e6647cc0162bf56d2b15cca7641cbddf9111b3d7f27bb3
experiments/2026-10-06_systematic_optimization/fits/14225f14fb15_fold1_s101_e12/job.json,249,714d1464b5cb989be53f3103848de382d3bc8fa26e42ad7c8e46f30ec82c1ff9
experiments/2026-10-06_systematic_optimization/fits/14225f14fb15_fold1_s101_e12/result.json,872,b67a7c04f31246c754ae9c8ef7d8e01794fe6d533b50ca732c91d1a6c4cb70e8
experiments/2026-10-06_systematic_optimization/fits/146bcf513d5e_fold0_s102_e24/history.json,13663,1200026e32c38bf5c176b270ecf5509618fa19f160a2b0b9f97606bbc025a561
experiments/2026-10-06_systematic_optimization/fits/146bcf513d5e_fold0_s102_e24/job.json,249,53710034b9b8adce307875188afa2607a3ed087518b19b5b3aa6713d4ed04537
experiments/2026-10-06_systematic_optimization/fits/146bcf513d5e_fold0_s102_e24/result.json,873,2501e3f3309bc2e6c56e49d3bda9f77af414ad6d5cff2024c1ec725d280185ac
experiments/2026-10-06_systematic_optimization/fits/146bcf513d5e_fold0_s103_e24/history.json,13645,43c6514379260d8880aeb98de34ef7d664912f9d8fc281805869ec1cef7e1dbc
experiments/2026-10-06_systematic_optimization/fits/146bcf513d5e_fold0_s103_e24/job.json,249,38c968fd4620e4820eaee2579a44f7b0b052bbd7c462f0fc2f0859b41b688f15
experiments/2026-10-06_systematic_optimization/fits/146bcf513d5e_fold0_s103_e24/result.json,872,cc6b0e0e64956948a6a14628d15a6cb846d76f1ba9fb12541bfc91cc456ccfb9
experiments/2026-10-06_systematic_optimization/fits/146bcf513d5e_fold1_s102_e24/history.json,13741,dceec1e0a3906baf1da702711c351408b57800a129bae884993e8ddcf352bf71
experiments/2026-10-06_systematic_optimization/fits/146bcf513d5e_fold1_s102_e24/job.json,249,309fc0b1afa2f513c34c00f816451e7d7d68d4ea1bfc2d03ba2af031fb5f8c85
experiments/2026-10-06_systematic_optimization/fits/146bcf513d5e_fold1_s102_e24/result.json,874,b6456aaec89f12b78bd3bb6eb15e66fe7746cc84e284d1028b21214cdfc682fc
experiments/2026-10-06_systematic_optimization/fits/146bcf513d5e_fold1_s103_e24/history.json,13758,cfb3790a18c84dbc5a9d5617f2639b1f0363fd6c0091b9eedb76cfae2bc8ee0a
experiments/2026-10-06_systematic_optimization/fits/146bcf513d5e_fold1_s103_e24/job.json,249,dcd4879fda60beb2c2e2a1a3af6108d44bcd07f774c8f9a700cfa2995ce5acd5
experiments/2026-10-06_systematic_optimization/fits/146bcf513d5e_fold1_s103_e24/result.json,874,853977c5ff1b2ce2a0d7e0e3d9ecf787e3f6817f58ceddb62ffc9e5e88f1d1ef
experiments/2026-10-06_systematic_optimization/fits/146bcf513d5e_full_s201_e24/history.json,13745,e125de7ac8b390819501ae3a8e716a1a9b3e2e4b0f297456e85d15ca200f8094
experiments/2026-10-06_systematic_optimization/fits/146bcf513d5e_full_s201_e24/job.json,248,a0ef14c35e0d0b011e5c0ad217c0af75f0296d7d6647d7efc29d13e4ea73d46a
experiments/2026-10-06_systematic_optimization/fits/146bcf513d5e_full_s201_e24/result.json,874,b7b62b7746a6234fb9f151ea8c62fcfcccc6cfce618d350357d0638cbc6cb006
experiments/2026-10-06_systematic_optimization/fits/146bcf513d5e_full_s202_e24/history.json,13761,df51d735959b31e0d1d752f5f2da1e68f8d30c3e777e0189d4c7c9b347aaf27e
experiments/2026-10-06_systematic_optimization/fits/146bcf513d5e_full_s202_e24/job.json,248,e88ca580487cc5dfffb35de6f2d8dad9ba9bb00f4a9fe37c9b626ec12020c4ab
experiments/2026-10-06_systematic_optimization/fits/146bcf513d5e_full_s202_e24/result.json,874,d17a702e6ecf9e0a1206596f9b9c665f4394c6ecf5c09b39f534947d78557154
experiments/2026-10-06_systematic_optimization/fits/146bcf513d5e_full_s203_e24/history.json,13815,0af3599a8e59c0ff88148a85b451504d10793a02995539e6d71412027f880049
experiments/2026-10-06_systematic_optimization/fits/146bcf513d5e_full_s203_e24/job.json,248,6a3a83e6a5f34becd31f6b9c630996f2d98601a04ea1f87c048338ab9b0a18b0
experiments/2026-10-06_systematic_optimization/fits/146bcf513d5e_full_s203_e24/result.json,878,d0bb646a40d95d25f6ed92384cd1b75b3e9284221b29af498ef3d61daab394bd
experiments/2026-10-06_systematic_optimization/fits/146bcf513d5e_full_s204_e24/history.json,13768,2f497b58fd23a71c7991cc99ce77fef1efb6a5f4038fb558f3e8ba1260b692ae
experiments/2026-10-06_systematic_optimization/fits/146bcf513d5e_full_s204_e24/job.json,248,7860507f1f6946c92628600bfc121d9d0b6b90798c25e52cf07bbafe5466ce68
experiments/2026-10-06_systematic_optimization/fits/146bcf513d5e_full_s204_e24/result.json,876,c286d006a872a1e1d403dd1f53c988d3f04d523e3223cc537ee84c5609603df5
experiments/2026-10-06_systematic_optimization/fits/146bcf513d5e_full_s205_e24/history.json,13765,edcc6e4a939b17f762a9ce24eb963834ae25ffc3059e6cafe7e7c1aaf764523d
experiments/2026-10-06_systematic_optimization/fits/146bcf513d5e_full_s205_e24/job.json,248,fd0a4de5bd635922bccc78dc98dc0304e1fdc16502af61c6e21fb8fbcd62c2c2
experiments/2026-10-06_systematic_optimization/fits/146bcf513d5e_full_s205_e24/result.json,874,83cfc3c6f6e7a9477590b0c15e39fc996a00ae9f1d981966768e7cd91dc853eb
experiments/2026-10-06_systematic_optimization/fits/146bcf513d5e_full_s206_e24/history.json,13790,1ccfb9fe77fd6bf515810db6da6e043dbde7a80f419074ad10a6f0ec3912a031
experiments/2026-10-06_systematic_optimization/fits/146bcf513d5e_full_s206_e24/job.json,248,a5d859347aef860ea5f88315e66bb6cbb53c201f23661b0bbbf4e7b1561c9998
experiments/2026-10-06_systematic_optimization/fits/146bcf513d5e_full_s206_e24/result.json,876,78d1a296706ad8af59a127e9fc4440120dbeca366d5070e8ba9b1739a0a50457
experiments/2026-10-06_systematic_optimization/fits/14ccbf327141_fold0_s101_e12/history.json,6936,3570b51351c094f0328ff788d513d65848504fec6440e64ecc601acb8677bab8
experiments/2026-10-06_systematic_optimization/fits/14ccbf327141_fold0_s101_e12/job.json,243,a83b51e8b2b45828e654c5aa0e34d98e57ae3c0a1f071e551fe27bbbf5cc78aa
experiments/2026-10-06_systematic_optimization/fits/14ccbf327141_fold0_s101_e12/result.json,864,06b7326a35a7bcc4b1a4a58b225d4bcecb477b065d82a3fa9bec79e751263944
experiments/2026-10-06_systematic_optimization/fits/14ccbf327141_fold1_s101_e12/history.json,6976,5b00221e7119911002b9b98208785e7b113fdbdc9ab19cc46d608c94949e1b2f
experiments/2026-10-06_systematic_optimization/fits/14ccbf327141_fold1_s101_e12/job.json,243,ca7c3f317c187ec7c26b498c9dd3c54409a8f7d5db83d06b7cee9dbdd7581476
experiments/2026-10-06_systematic_optimization/fits/14ccbf327141_fold1_s101_e12/result.json,863,5a703241e0bf2a065f6dcb085260ca9b88280d2c5d34e3e98f97cc4bdc86a03b
experiments/2026-10-06_systematic_optimization/fits/162ebbc34641_fold0_s101_e12/history.json,6950,31d1b0ae19e71737004a793fbb202c61e8e869b954b7ea1c3ede5079ffa61783
experiments/2026-10-06_systematic_optimization/fits/162ebbc34641_fold0_s101_e12/job.json,243,2b2d7315ff512afb9660df87e829537d8eacd0d262b268d44bc50c5c77b6d22e
experiments/2026-10-06_systematic_optimization/fits/162ebbc34641_fold0_s101_e12/result.json,866,5059b134eb0ac8b56a8f814e1e152b74fed9d47f36fed7b7ce4653588d79b70c
experiments/2026-10-06_systematic_optimization/fits/162ebbc34641_fold1_s101_e12/history.json,6995,f4fe10dc1d37b1fedf1c718a38511296d751f3f4c8f1b39b302155d8060cf280
experiments/2026-10-06_systematic_optimization/fits/162ebbc34641_fold1_s101_e12/job.json,243,9de46667d55f8596de689b4acd30ae061d494ffe7bc630d36744e54e65401cfe
experiments/2026-10-06_systematic_optimization/fits/162ebbc34641_fold1_s101_e12/result.json,861,502978709dba9d41c7fea3aa2e29015edfde77bea21692c8d2b7e46058a4cb9e
experiments/2026-10-06_systematic_optimization/fits/19281e0014f1_fold0_s101_e12/history.json,6955,fe433587a927244bfc400c834e612ae41ccee17420d2b6379cbbff35c351d1a1
experiments/2026-10-06_systematic_optimization/fits/19281e0014f1_fold0_s101_e12/job.json,249,2e9b3123f67f290470cee16e4af712b7bcbe06a942d7524de44aa921531de02e
experiments/2026-10-06_systematic_optimization/fits/19281e0014f1_fold0_s101_e12/result.json,872,e1655ab8c1e17d041b5e373045d965a6b85cf110fb57999edf7c2499d43d0c9a
experiments/2026-10-06_systematic_optimization/fits/19281e0014f1_fold1_s101_e12/history.json,6987,a01730ce9bbfa228e1961b671b89850d2f7ddb67afb5a715be321f9706824117
experiments/2026-10-06_systematic_optimization/fits/19281e0014f1_fold1_s101_e12/job.json,249,319aa2a494b122de3c319c1533456d3720f0e32edffd7420337c23a83feb8a11
experiments/2026-10-06_systematic_optimization/fits/19281e0014f1_fold1_s101_e12/result.json,871,69d292cf2d5fe3d652396b50ea512255b6a1115faa9bcd4406d13f9fe6e7fe67
experiments/2026-10-06_systematic_optimization/fits/1d3fa124a84b_fold0_s102_e48/history.json,27679,a0c5c4a03aa010a7c8c5e3a863e0ea4d3c500f8e70d654657e53537322cd2fc8
experiments/2026-10-06_systematic_optimization/fits/1d3fa124a84b_fold0_s102_e48/job.json,242,0e4ce5058f2855219e4ac8284865b8eaa86351d30b41f141ba16e5388db8da9e
experiments/2026-10-06_systematic_optimization/fits/1d3fa124a84b_fold0_s102_e48/result.json,864,37f3f6d25f0d7b6caf311d50ed42cd723cbc3628231dce38acf40b5b02e2efbb
experiments/2026-10-06_systematic_optimization/fits/1d3fa124a84b_fold0_s103_e48/history.json,27701,59577a59dade69d8284f8a6180002f1fb1cd8167fa37e01528cbc0c3ac596107
experiments/2026-10-06_systematic_optimization/fits/1d3fa124a84b_fold0_s103_e48/job.json,242,5f0d6b402e49edf19f403b2022dc658df9ef86b58a93f2ebaab34af6a35ae0c2
experiments/2026-10-06_systematic_optimization/fits/1d3fa124a84b_fold0_s103_e48/result.json,870,7461b3abb96e9ceaee3382b7c8de0bc16673f3da181bfaff0e4116a4561d7cd6
experiments/2026-10-06_systematic_optimization/fits/1d3fa124a84b_fold1_s102_e48/history.json,27846,9722ba5d38164186062f56d11abbcda91c9f678b5e13a6f809a9af7a06ac5ce7
experiments/2026-10-06_systematic_optimization/fits/1d3fa124a84b_fold1_s102_e48/job.json,242,e3399971df862f8ad592c2fd53183accc540f60d6216c8209ab56c59e2a6b9b4
experiments/2026-10-06_systematic_optimization/fits/1d3fa124a84b_fold1_s102_e48/result.json,869,6690ba236917ae2b4fc4f0f4672ddd6c46754702d68d813a1850d1bad69dd430
experiments/2026-10-06_systematic_optimization/fits/1d3fa124a84b_fold1_s103_e48/history.json,27820,c5a6572183535ccfc8a9f57b11f3028b56af258ae55f0070fd05183ed52234c0
experiments/2026-10-06_systematic_optimization/fits/1d3fa124a84b_fold1_s103_e48/job.json,242,238035f7c1f9b85287b83b9c80ff856f7b6149526e2841546601421b77a1acbd
experiments/2026-10-06_systematic_optimization/fits/1d3fa124a84b_fold1_s103_e48/result.json,870,9b2037c94150bdd5f70539ad8d003762dfe8f78d8e32239e823c2a99d784d8b8
experiments/2026-10-06_systematic_optimization/fits/1deded9da8d0_fold0_s101_e12/history.json,6955,64071762c36d164cc4ded24272a8315b60acd757274d286ba3d124b4025cc372
experiments/2026-10-06_systematic_optimization/fits/1deded9da8d0_fold0_s101_e12/job.json,243,03bf650152e27b501d6fce6ef9e9ad111e21bdf298791dd4ee35bb61c13caba5
experiments/2026-10-06_systematic_optimization/fits/1deded9da8d0_fold0_s101_e12/result.json,866,faaee4714ac1e1aa929176194354c523b4547e776710b27e6ca4d7bb93a154be
experiments/2026-10-06_systematic_optimization/fits/1deded9da8d0_fold1_s101_e12/history.json,6998,08a4e490010176866a841a11b83881d9bca30315b54d79f0a7fb6a4d198c0818
experiments/2026-10-06_systematic_optimization/fits/1deded9da8d0_fold1_s101_e12/job.json,243,2af15074de7b0f7b96a6747934187e4fdfed78d305300dd59a1afa55676093c9
experiments/2026-10-06_systematic_optimization/fits/1deded9da8d0_fold1_s101_e12/result.json,865,91156b9b256e3f6c4e3a4b74436e60451efcbd432b4e8530c6a2da92e278133d
experiments/2026-10-06_systematic_optimization/fits/1e9601604c03_fold0_s102_e48/history.json,27669,8a85d1bf68ff8bebee9523879e1c2a6af052318ebf1796c001277d616c9890b8
experiments/2026-10-06_systematic_optimization/fits/1e9601604c03_fold0_s102_e48/job.json,249,ffaf57ff6f96ac9e696ba6d38f101ee10122d84a931e1f3f51e92818607bdf4a
experiments/2026-10-06_systematic_optimization/fits/1e9601604c03_fold0_s102_e48/result.json,876,28bc57bdbfdd4913aed731cb6023b0d0c3b3c4228b152a7ea61c8e6ecb4649a0
experiments/2026-10-06_systematic_optimization/fits/1e9601604c03_fold0_s103_e48/history.json,27669,d10d75d146deab4de004a7435922831ae4d9dbe72ef34b45fb88eb08af3f06c0
experiments/2026-10-06_systematic_optimization/fits/1e9601604c03_fold0_s103_e48/job.json,249,f706b2c3177897f87f356e68566aeecf7d52cdcbb12dcc52d1e23e3f21a3407f
experiments/2026-10-06_systematic_optimization/fits/1e9601604c03_fold0_s103_e48/result.json,878,d843b6e0e9263cd9df08c175556f15c4667e67e71db9291ac8988450bcf9e906
experiments/2026-10-06_systematic_optimization/fits/1e9601604c03_fold1_s102_e48/history.json,27865,3e379b9fb21e8ac8def25cf90f65e765a84211fa6e6951e0f842fe5bb96b29d8
experiments/2026-10-06_systematic_optimization/fits/1e9601604c03_fold1_s102_e48/job.json,249,cbb312ba90e7f192353f3d6f08cd1b948f338248f5c2c78044808a3cee05958b
experiments/2026-10-06_systematic_optimization/fits/1e9601604c03_fold1_s102_e48/result.json,876,65fa6753213ba6d35d657a4319cea48693664626d391ec9820b86e162b9ad780
experiments/2026-10-06_systematic_optimization/fits/1e9601604c03_fold1_s103_e48/history.json,27855,e28f6e30ed2973f48589077840e2c8464bc9ddf38147ba1e5e0c74a1b4c0f6a2
experiments/2026-10-06_systematic_optimization/fits/1e9601604c03_fold1_s103_e48/job.json,249,02d9a3eda0fe63cdb1c5aef2c94beca126a99533a85f772ceaa0b4cf06efe10c
experiments/2026-10-06_systematic_optimization/fits/1e9601604c03_fold1_s103_e48/result.json,874,7989cf3efcc1229b5b949f2c790a3562892ec258899741ad05b2b0b20c7757dc
experiments/2026-10-06_systematic_optimization/fits/1edd87f18700_fold0_s101_e12/history.json,6950,59293ddc2c577cba6d39f3523405ea798f163cf750a78ceb61b51b997ff5995a
experiments/2026-10-06_systematic_optimization/fits/1edd87f18700_fold0_s101_e12/job.json,249,416216b2d9dfa3b77d01f62d3c3330437856d673c9391cd59cc7d6fbe0fc3f10
experiments/2026-10-06_systematic_optimization/fits/1edd87f18700_fold0_s101_e12/result.json,865,9571f5af8ad074d350d905b45e4af5e25cfba3e1c11ee6023f46128bd6afc0d3
experiments/2026-10-06_systematic_optimization/fits/1edd87f18700_fold1_s101_e12/history.json,6988,27b62eb0c8346dc7d65911ad6191b7b35a3352e9a82d8f3decad48d58f033cca
experiments/2026-10-06_systematic_optimization/fits/1edd87f18700_fold1_s101_e12/job.json,249,41f7d6177b7e476c9aae5e40fcdbab0c0c0c1a51a5d4f7ee5032c874af62c158
experiments/2026-10-06_systematic_optimization/fits/1edd87f18700_fold1_s101_e12/result.json,873,05cf2cd18f519bc27afcd1e7d5e120e4ce0271e704d790a8a6aa34fcc7de82e4
experiments/2026-10-06_systematic_optimization/fits/212a4a6f8aff_fold0_s101_e12/history.json,6947,d980eb4f6a07b036e80440c7c37781b9b1d5c4a324f92675870422aabf1ae137
experiments/2026-10-06_systematic_optimization/fits/212a4a6f8aff_fold0_s101_e12/job.json,249,f2d413b9de42dc1baef91e73a0b4e845fa5757b9229d58d2e3343772087be6c1
experiments/2026-10-06_systematic_optimization/fits/212a4a6f8aff_fold0_s101_e12/result.json,871,caece733293cd831ceda57ad383c7fa389f56a8d349813f8cc8505d3c2c30f32
experiments/2026-10-06_systematic_optimization/fits/212a4a6f8aff_fold1_s101_e12/history.json,6982,713ab7169dcdd895e94f22dda4e05e94af09561f9e9f76cc119f59091da60557
experiments/2026-10-06_systematic_optimization/fits/212a4a6f8aff_fold1_s101_e12/job.json,249,63b30aa4964c080c3e63badd58656470fbca1953e5f6b3a769236347ae599ef7
experiments/2026-10-06_systematic_optimization/fits/212a4a6f8aff_fold1_s101_e12/result.json,865,4c4cbda82a8659ef6946bbd9f86a250336889b5cef1d7bfa2310f21074ae4901
experiments/2026-10-06_systematic_optimization/fits/21643a712016_fold0_s102_e48/history.json,27648,57ad1f4849d1d8a63032f770813e044bca36ca08ccda3f7a5a06deca56e3bdaf
experiments/2026-10-06_systematic_optimization/fits/21643a712016_fold0_s102_e48/job.json,249,74b8f57e4cedd8d17bc2f82cb51533cf828219e36d94f309ddadaf9ff849e333
experiments/2026-10-06_systematic_optimization/fits/21643a712016_fold0_s102_e48/result.json,877,479edf687f5ce8630e68d9f59353fc9511c5c160b8787f320ae37f4c75e9e085
experiments/2026-10-06_systematic_optimization/fits/21643a712016_fold0_s103_e48/history.json,27677,5dcbbc2668a5eb306f394991a22a091d6abe9ecf3ee15e93f44dd8d0da1fe903
experiments/2026-10-06_systematic_optimization/fits/21643a712016_fold0_s103_e48/job.json,249,3c314d45d562de3ee409960286604be08185c6f2e26be2c385c0a8b978eb0366
experiments/2026-10-06_systematic_optimization/fits/21643a712016_fold0_s103_e48/result.json,877,463b3bd0ba9e6d8dcb5b820122e976cf4a193795569b3bc49d100f001bdc4466
experiments/2026-10-06_systematic_optimization/fits/21643a712016_fold1_s102_e48/history.json,27804,334538e70f8d4148e4234217bd0d31b1c14529b772d3d0e687416dc91b827591
experiments/2026-10-06_systematic_optimization/fits/21643a712016_fold1_s102_e48/job.json,249,483e4e3737794db5b90d28b1d180cb36f68569beae7cb2a89a755bd57a4b3259
experiments/2026-10-06_systematic_optimization/fits/21643a712016_fold1_s102_e48/result.json,874,8c3c4d7b72e5818089abd0bb1c356ce74cb9c4190f11861b1690d38723499872
experiments/2026-10-06_systematic_optimization/fits/21643a712016_fold1_s103_e48/history.json,27795,01f1e656e1372a8c59ecdf50e97d3c57e9f91c9168bce23892124bd3302957c0
experiments/2026-10-06_systematic_optimization/fits/21643a712016_fold1_s103_e48/job.json,249,1a424d1e014de6d5dfa857214198faddccfcbc88101431ac57bbe1c2206955c0
experiments/2026-10-06_systematic_optimization/fits/21643a712016_fold1_s103_e48/result.json,873,e043edeb3ab34660d9da9fd9a1e7e87594c0d83912dd1d04ba76a30b7fdd06c7
experiments/2026-10-06_systematic_optimization/fits/268be3294366_fold0_s101_e12/history.json,6951,2453e1809585db60528ff0961176752e87fea62ce06243b6a0ae27a12e7db1b1
experiments/2026-10-06_systematic_optimization/fits/268be3294366_fold0_s101_e12/job.json,243,bdd8fe92c6bf0f42b5d33e7fdecdb0fd2df56a4f2097facaa3991bffb51b497a
experiments/2026-10-06_systematic_optimization/fits/268be3294366_fold0_s101_e12/result.json,865,766c43a0ffbac2eb5bd20cf6d36f7ebca39b1f8005ccb42d01cf3e261210465f
experiments/2026-10-06_systematic_optimization/fits/268be3294366_fold1_s101_e12/history.json,6988,116a3ae55bcfd0cb13cae87f2a844727ba5570850b059227a269b416af9b8df8
experiments/2026-10-06_systematic_optimization/fits/268be3294366_fold1_s101_e12/job.json,243,e95680507b6ea726f7ec6b2cc401f953dc40d44db4d4bc1e4e98b41f831a7892
experiments/2026-10-06_systematic_optimization/fits/268be3294366_fold1_s101_e12/result.json,867,4242b7fd1fc947a4176c374b0ef0ebf7bf8ac8dc9333d968e823a30612a6e70f
experiments/2026-10-06_systematic_optimization/fits/26d8e6bff5cd_fold0_s101_e12/history.json,6939,e3a407e78e56eb9ba9ad2a84e5ea71772b8bea2a5f73076c878be557efdeb74b
experiments/2026-10-06_systematic_optimization/fits/26d8e6bff5cd_fold0_s101_e12/job.json,249,5821416f2b66d1c938411f549e871fa388b312a69a7dafa710f5b92a79f58f75
experiments/2026-10-06_systematic_optimization/fits/26d8e6bff5cd_fold0_s101_e12/result.json,870,56b5a3b66eda4c52be1545fc99931fbbcc8e1485a47c542af52aaeefa0fcf134
experiments/2026-10-06_systematic_optimization/fits/26d8e6bff5cd_fold1_s101_e12/history.json,6979,04a37cd745703a27d06d7df37d0a50ba91e9cc6f2e961eb0d51b8a9c24a149b0
experiments/2026-10-06_systematic_optimization/fits/26d8e6bff5cd_fold1_s101_e12/job.json,249,9ef9582e185a3fc53444c17e5071fe38df8d07944dce9327d48519e9d26f61c4
experiments/2026-10-06_systematic_optimization/fits/26d8e6bff5cd_fold1_s101_e12/result.json,867,1a3cbaff35c2ad89a379b3ed9cc9f671e4cf4c839ca63e8cd4122afe0af3d994
experiments/2026-10-06_systematic_optimization/fits/2740d09a0c94_fold0_s101_e12/history.json,6955,769bac42e7046a0112d67ecc70f543e49745d1428be808d7639570c5fbcb6151
experiments/2026-10-06_systematic_optimization/fits/2740d09a0c94_fold0_s101_e12/job.json,249,db10708fbb41a03060ccd09279776fae376240a7a3e4e69b313413036fe83c52
experiments/2026-10-06_systematic_optimization/fits/2740d09a0c94_fold0_s101_e12/result.json,872,4eea5344b51267316c1cfc508710af3d87604f23eb26a4931bdd0f6ab0d361db
experiments/2026-10-06_systematic_optimization/fits/2740d09a0c94_fold1_s101_e12/history.json,6991,d7bfd83e5f31e09899e194ccbb1a311632e2792ebafb5acbe86bd62ade6353cc
experiments/2026-10-06_systematic_optimization/fits/2740d09a0c94_fold1_s101_e12/job.json,249,85806b8771ca75c16f9c81d07d69210e1970cf4d9ef02fc07b6d6317dff021fb
experiments/2026-10-06_systematic_optimization/fits/2740d09a0c94_fold1_s101_e12/result.json,870,e2c443e90b60db47d66e643405f3f5bb264602468c6a7930b385562d363e5c3e
experiments/2026-10-06_systematic_optimization/fits/290a59886ff7_fold0_s101_e12/history.json,6951,79c23754116417cd5182aad7d9100d4e2c1dc088f97b4d8ef50eb485c2163e37
experiments/2026-10-06_systematic_optimization/fits/290a59886ff7_fold0_s101_e12/job.json,249,9a16a20e85a3e884b52c9132038b2dd5d59917c2f43d0a82c8909e58b02650fb
experiments/2026-10-06_systematic_optimization/fits/290a59886ff7_fold0_s101_e12/result.json,869,238e1c649a1bdcd597eb2464c8ca79086dfdc8ead7b75fbf2939c2d98368aaf0
experiments/2026-10-06_systematic_optimization/fits/290a59886ff7_fold0_s102_e24/history.json,13842,b9b33483eef87b3de172935c2239206737dc5a78ffde9cba2ae1ecc9c5024ace
experiments/2026-10-06_systematic_optimization/fits/290a59886ff7_fold0_s102_e24/job.json,249,a189dfab94353d02684ed9e6e01cfe5650ef0551bb0cabba5d88bfef46864f77
experiments/2026-10-06_systematic_optimization/fits/290a59886ff7_fold0_s102_e24/result.json,874,d260a9f8940c2ab9e12046e89c5a9f7985705a192612a0f51f2d30ff8c2127cc
experiments/2026-10-06_systematic_optimization/fits/290a59886ff7_fold0_s103_e24/history.json,13851,e89cc96f0bd0e107bef8db2647c82edd53d5d98b5716024bf9c1b961458b7dca
experiments/2026-10-06_systematic_optimization/fits/290a59886ff7_fold0_s103_e24/job.json,249,7acf1a031b815910ece149be81ee9df33cb4b3ae04d407445134e5d9ce0be973
experiments/2026-10-06_systematic_optimization/fits/290a59886ff7_fold0_s103_e24/result.json,875,d1c7ea85c2364aa03a16e90ae58235dd84645205ab8391ab007b1cbfeb67088f
experiments/2026-10-06_systematic_optimization/fits/290a59886ff7_fold1_s101_e12/history.json,6997,159417c982585bec49d0de1f1f210fed81e3a16037c828bee7d3b3b1e8d2a891
experiments/2026-10-06_systematic_optimization/fits/290a59886ff7_fold1_s101_e12/job.json,249,5b2fa96154d73e13da91417f3ce4fccc0fd422062cf749f749efb62664b06d56
experiments/2026-10-06_systematic_optimization/fits/290a59886ff7_fold1_s101_e12/result.json,874,475e1246e16c9ca9623f70ef75c719fd01b13750f10e8d6546df783badc5c938
experiments/2026-10-06_systematic_optimization/fits/290a59886ff7_fold1_s102_e24/history.json,13918,bfaf2c367a513d72d88d59a80b31d6ac71b4a3011fd34b26eedf9e7d560c4b33
experiments/2026-10-06_systematic_optimization/fits/290a59886ff7_fold1_s102_e24/job.json,249,288f9572458c237a07d4f8816e76eed44fae844ef04536d4c3b860434ac4da94
experiments/2026-10-06_systematic_optimization/fits/290a59886ff7_fold1_s102_e24/result.json,877,496f3f80036863809b4a192523c901279ae62327884cbb36b7ae9ff996619bba
experiments/2026-10-06_systematic_optimization/fits/290a59886ff7_fold1_s103_e24/history.json,13916,b0a1dc6701e079d7be9854b7f7f16c8af806b9b87f16502c54dbdf5f719b0a07
experiments/2026-10-06_systematic_optimization/fits/290a59886ff7_fold1_s103_e24/job.json,249,288df758b0b0c867341cce69519960e4e285ef4d9c809549864b99f2dbf9dbf8
experiments/2026-10-06_systematic_optimization/fits/290a59886ff7_fold1_s103_e24/result.json,877,1c507ca96ce760228cf679d4284bbfbc9a6df6d82f10da9d25165493e22c5222
experiments/2026-10-06_systematic_optimization/fits/299f3fec45ef_fold0_s101_e12/history.json,6949,7a65e8518498587bdc48c7749fc7f8f98d4b117afea084dc714e1c9b9c2e6c0c
experiments/2026-10-06_systematic_optimization/fits/299f3fec45ef_fold0_s101_e12/job.json,243,24d5209218cdfd486bef74b8ce3ad1913aaa5ed61b228cf9e32ac1241f32a4be
experiments/2026-10-06_systematic_optimization/fits/299f3fec45ef_fold0_s101_e12/result.json,864,514a87ab7bc3fb33ed3fe80f2539ff7aa25d69f4d5bffe2be7a91d66db2d9776
experiments/2026-10-06_systematic_optimization/fits/299f3fec45ef_fold1_s101_e12/history.json,6999,8354e743cd115ceef656c0440269db9add2be5c9312527287babe5befd0a61b5
experiments/2026-10-06_systematic_optimization/fits/299f3fec45ef_fold1_s101_e12/job.json,243,2c292596f9cb3807c79c9dcf2b7c7b9ae518490dc46f2cb59c9cd58636c7c8ea
experiments/2026-10-06_systematic_optimization/fits/299f3fec45ef_fold1_s101_e12/result.json,868,6beb8c63c84572967aaad170bd325656ad52528fdd5f1ebe6e75bf26e1804ed4
experiments/2026-10-06_systematic_optimization/fits/2af96b13b54c_fold0_s101_e12/history.json,6948,0215aa7472d8279ee9779701781e39958d35c1aed829b3e548097676f34e9ed5
experiments/2026-10-06_systematic_optimization/fits/2af96b13b54c_fold0_s101_e12/job.json,243,ce345462fe03be6b1372d2d1251d26ab443580633afaf527f2520d78ece68d93
experiments/2026-10-06_systematic_optimization/fits/2af96b13b54c_fold0_s101_e12/result.json,862,1475a8b3b85743ad72fb461610c994be9808ce692d46ae7bbef1a1d6bf1d6a5d
experiments/2026-10-06_systematic_optimization/fits/2af96b13b54c_fold1_s101_e12/history.json,6997,b132c4b24e621dd96c374d7e4b9a8d4bd598ed2120d1cd2d8544234947d8f28b
experiments/2026-10-06_systematic_optimization/fits/2af96b13b54c_fold1_s101_e12/job.json,243,d6d3c8a4d2c12d18ba14143d0fd7a2c57d84ebf6b0e1b7b48237de8f80c265ad
experiments/2026-10-06_systematic_optimization/fits/2af96b13b54c_fold1_s101_e12/result.json,869,b3e0ff9d52b879e3fb67595589a4a3ed6030eea347615a54693057aafe6140a1
experiments/2026-10-06_systematic_optimization/fits/2c721e3596aa_fold0_s101_e12/history.json,6941,93bf9448592ec3281ff84e7ea23787c4f9e5835845178cadd80501fb3c5f15f8
experiments/2026-10-06_systematic_optimization/fits/2c721e3596aa_fold0_s101_e12/job.json,243,841869bf882f25d1f4971f8f490d9b804046f55a120c4a8bb12e56c235ad9d43
experiments/2026-10-06_systematic_optimization/fits/2c721e3596aa_fold0_s101_e12/result.json,865,97cf7a5b8d1587c06ff5046acc71abde65e7737b4f94a4f49f2136d114ed7679
experiments/2026-10-06_systematic_optimization/fits/2c721e3596aa_fold1_s101_e12/history.json,6988,ebd2ef444f17ed9f2ca4401422da1584f2d26820ed6597ce15cd6e1723a5629c
experiments/2026-10-06_systematic_optimization/fits/2c721e3596aa_fold1_s101_e12/job.json,243,ccc0d2bf9960a4ded1914a6755e1aebac33950b540f3317b4fee42f112cb21fe
experiments/2026-10-06_systematic_optimization/fits/2c721e3596aa_fold1_s101_e12/result.json,866,3f59f3689a2bafb12740da2395df184aa864597e87ff7e3faa4f9288e6926677
experiments/2026-10-06_systematic_optimization/fits/2e30e8ac529d_fold0_s101_e12/history.json,6951,be93d75034b4c2ee81b6f3c751cc1e36db180d50c5d303ce23f1198216c51804
experiments/2026-10-06_systematic_optimization/fits/2e30e8ac529d_fold0_s101_e12/job.json,249,6f214a0a2cc7dd786db71fe6219166f65fff6c30a465c73334f961113c83ffb5
experiments/2026-10-06_systematic_optimization/fits/2e30e8ac529d_fold0_s101_e12/result.json,870,915d891b44fc80cca67112895a274eccc900dbf4d8e2fa488fefdf41d2982b6d
experiments/2026-10-06_systematic_optimization/fits/2e30e8ac529d_fold1_s101_e12/history.json,6999,b16a0c01745ecc0f15964d7942bcbe7b636786c968ff56e51fb11f1aed96d79c
experiments/2026-10-06_systematic_optimization/fits/2e30e8ac529d_fold1_s101_e12/job.json,249,69de9928f6718a35dd7773c26182bfbc7f6c371eba10f1a9dbca0bcba4c14f79
experiments/2026-10-06_systematic_optimization/fits/2e30e8ac529d_fold1_s101_e12/result.json,875,341e60a85f0bf12fb1ae37b87dfbeb90218464bd0f9418ff6dab6222669abe5c
experiments/2026-10-06_systematic_optimization/fits/2ebc358d14e1_fold0_s101_e12/history.json,6948,92c1a930e9a7c62b77f666ad5fc888c35db666b9d44e7058f832c0aba21a01f1
experiments/2026-10-06_systematic_optimization/fits/2ebc358d14e1_fold0_s101_e12/job.json,249,9f46e606cb9f0584fbdd033b3a55bbdd7317bf14c3794ae0657cb1df8f6743b4
experiments/2026-10-06_systematic_optimization/fits/2ebc358d14e1_fold0_s101_e12/result.json,870,8d9a89142c8386349ab252da4af186a2475da361fd55e0c7e2518fb40a619cd8
experiments/2026-10-06_systematic_optimization/fits/2ebc358d14e1_fold1_s101_e12/history.json,7002,484f4bbd3c3c7440b92a7ef22b0bd0af0c174a104fe7c20d40feb1fd821805d7
experiments/2026-10-06_systematic_optimization/fits/2ebc358d14e1_fold1_s101_e12/job.json,249,ebdfb2044f876cb30c4a99b876e86c18b9b3d368f1f44ee6fb43812f2eb2f722
experiments/2026-10-06_systematic_optimization/fits/2ebc358d14e1_fold1_s101_e12/result.json,874,228481f77a78dd0c43e3d7e933fcd202d71007655a61eaac42dda704df617831
experiments/2026-10-06_systematic_optimization/fits/32d5fa0f5e66_fold0_s101_e12/history.json,6936,0917726432b50c6aa7f0d4dbbea23a993211be2a550bb73d51d998fd0e1388c4
experiments/2026-10-06_systematic_optimization/fits/32d5fa0f5e66_fold0_s101_e12/job.json,243,621fb96201f7f105ddf723b1f03d98981a4351250fd8dc2e14ab8a46c2fea1d6
experiments/2026-10-06_systematic_optimization/fits/32d5fa0f5e66_fold0_s101_e12/result.json,864,a31a00f5ced9f6c9efabaae5816609b3c475c29f625c1dd5172fccc94d493c24
experiments/2026-10-06_systematic_optimization/fits/32d5fa0f5e66_fold0_s102_e24/history.json,13795,831a694cf60a1d1dc080dbbc5c47b8e57d997fa70f3fa2638e84c820d7158e59
experiments/2026-10-06_systematic_optimization/fits/32d5fa0f5e66_fold0_s102_e24/job.json,243,1ed803fe1b9d49012064fe7c686730b679237c0b2b4abdf7a83bc8862ddcecad
experiments/2026-10-06_systematic_optimization/fits/32d5fa0f5e66_fold0_s102_e24/result.json,869,e3189cd2d5e34c73a71522fa427101ee3112f496933239ab9d9104fb2066584e
experiments/2026-10-06_systematic_optimization/fits/32d5fa0f5e66_fold0_s103_e24/history.json,13790,b79c063f9035219e733e9302b683eaa3074a70dc0c9ae489533e7db616836058
experiments/2026-10-06_systematic_optimization/fits/32d5fa0f5e66_fold0_s103_e24/job.json,243,cb1b402fa13ee7bb194682e613a1f146267703c48fcac6058cac22eaf0589c42
experiments/2026-10-06_systematic_optimization/fits/32d5fa0f5e66_fold0_s103_e24/result.json,868,7fa0e5c96cd65ca67ccd19373dbdbd867198ac9741e1d731b135b3ca050a0c33
experiments/2026-10-06_systematic_optimization/fits/32d5fa0f5e66_fold1_s101_e12/history.json,6975,5350c32b07369763382e34cc3ab4c2904435975692db1106f43d75e05f0039d5
experiments/2026-10-06_systematic_optimization/fits/32d5fa0f5e66_fold1_s101_e12/job.json,243,b903865cb0c97faed93b63af22bfc68c047cbf7a97bb011135da2db7569da131
experiments/2026-10-06_systematic_optimization/fits/32d5fa0f5e66_fold1_s101_e12/result.json,858,233a820f531b86cb9420130cd996b85bbfeeee7018d30f2bab642746bd3c3795
experiments/2026-10-06_systematic_optimization/fits/32d5fa0f5e66_fold1_s102_e24/history.json,13876,adefd1d7442017d7649c74570cfd15ca91c08ff5edac81338cfcff5053cc4721
experiments/2026-10-06_systematic_optimization/fits/32d5fa0f5e66_fold1_s102_e24/job.json,243,909f08fde08c8095c0f35eaec762c4893515ba9d54e7c95aa8c9873245e5bd86
experiments/2026-10-06_systematic_optimization/fits/32d5fa0f5e66_fold1_s102_e24/result.json,868,823d3deeaaf075276fa6a9251c3ac87f057c1c21619848872babd2d25d182b79
experiments/2026-10-06_systematic_optimization/fits/32d5fa0f5e66_fold1_s103_e24/history.json,13893,96ee5becb9a91f5fe950f32fc9bafb18dbe3b35779d6f9d70b69651fd57091ba
experiments/2026-10-06_systematic_optimization/fits/32d5fa0f5e66_fold1_s103_e24/job.json,243,adf264dbd396bdc524e8df25f0ec71d45ec52f4f7c860d38ec667bbbdceccb67
experiments/2026-10-06_systematic_optimization/fits/32d5fa0f5e66_fold1_s103_e24/result.json,870,e3fe3c8ff7a1d5a38065acb1366b2d0048cb710bf5165e2474bfc570348772e1
experiments/2026-10-06_systematic_optimization/fits/345cec45e848_fold0_s101_e12/history.json,6953,20a122037452db563f2b1d01b030f084f399df4ffd0a9057f71a5c7c1ea6a746
experiments/2026-10-06_systematic_optimization/fits/345cec45e848_fold0_s101_e12/job.json,249,d9fa869c6053467390e99f0e59461a73f12e581ababc91a695f936d67377c97f
experiments/2026-10-06_systematic_optimization/fits/345cec45e848_fold0_s101_e12/result.json,871,f005f916855afc5c565f9edea337400b042edc4fc2e6946828bb08679fb4b546
experiments/2026-10-06_systematic_optimization/fits/345cec45e848_fold1_s101_e12/history.json,6993,3857ac962f998a79a0c77a5bb4ecabdf00dcb3eca12a047f48d70de16879d200
experiments/2026-10-06_systematic_optimization/fits/345cec45e848_fold1_s101_e12/job.json,249,b24d57d2e1efed4f557432df4ae1736d2bd71b0b222cb5f545843a9f89984fd9
experiments/2026-10-06_systematic_optimization/fits/345cec45e848_fold1_s101_e12/result.json,868,9d5e009b5c05e82fdcf54a7bbd7f13d5bc23488bc894e8552100edb62a60081e
experiments/2026-10-06_systematic_optimization/fits/3889b67d3160_fold0_s101_e12/history.json,6964,6294001e564fe5b122f8a194efe183e1f125b976039f19f9bff59b02cd0c8415
experiments/2026-10-06_systematic_optimization/fits/3889b67d3160_fold0_s101_e12/job.json,243,66b02471967b4fad293f1cbd6805a8aabadc6596a741368bd9a375b95a605d34
experiments/2026-10-06_systematic_optimization/fits/3889b67d3160_fold0_s101_e12/result.json,867,7bf1132525e9bb3f185293bc0af8fe62625a011ec6b45e95413311fce7921449
experiments/2026-10-06_systematic_optimization/fits/3889b67d3160_fold1_s101_e12/history.json,6997,250fe81ac5d3e7a01ca40135b7c17cca2282487151ba1350a093b797e4d982ad
experiments/2026-10-06_systematic_optimization/fits/3889b67d3160_fold1_s101_e12/job.json,243,9726b5ca54f10f7ecc0fa58686a62855bb1f93bafa5ddd0b5ff62a68e971740b
experiments/2026-10-06_systematic_optimization/fits/3889b67d3160_fold1_s101_e12/result.json,865,ef23fb9e74aa1348d14e291ca2b4c11335942d0c9e389a4b7eb1b2f731976dc3
experiments/2026-10-06_systematic_optimization/fits/390d434b1623_fold0_s101_e12/history.json,6949,4db065e95abdd5647e29cf424c46e70b778c52fb426aba34306a9cf4e1548802
experiments/2026-10-06_systematic_optimization/fits/390d434b1623_fold0_s101_e12/job.json,249,efef64bbe92e163ed758bdd7d0851c3d2dae2303e0f2d795c3dbc4302c4c127f
experiments/2026-10-06_systematic_optimization/fits/390d434b1623_fold0_s101_e12/result.json,870,18acdd722ed5f209f0d501ee919f540edd02ad0f59ac633267d0ef92a59687a2
experiments/2026-10-06_systematic_optimization/fits/390d434b1623_fold1_s101_e12/history.json,6990,b4f850ed03a2e1327b76f6c29ac3acc0d0a7eff77e83c1e09d2720c71647b3f9
experiments/2026-10-06_systematic_optimization/fits/390d434b1623_fold1_s101_e12/job.json,249,d341822230887eb4407e3a04604a26f57ff0ca22c15a1d16888374efea9a3531
experiments/2026-10-06_systematic_optimization/fits/390d434b1623_fold1_s101_e12/result.json,871,665893a2a4e3e5582ef83a100bd313e5b76d66085f69b53c137f3894589855c2
experiments/2026-10-06_systematic_optimization/fits/39c1e2696337_fold0_s101_e12/history.json,6941,de80c044500b9420d70c6b3d26db5ff262d2c7d2c0b28c5ddd8f850cca310afb
experiments/2026-10-06_systematic_optimization/fits/39c1e2696337_fold0_s101_e12/job.json,249,79f96db661ea52036ef4e14505fdbf01de2d37dd91d443ee99ab469d478a2e8e
experiments/2026-10-06_systematic_optimization/fits/39c1e2696337_fold0_s101_e12/result.json,873,4bf9e8d9027605a8984eb549f4aaf68897a9f62a690f3bb3ab1decebbe9ad980
experiments/2026-10-06_systematic_optimization/fits/39c1e2696337_fold1_s101_e12/history.json,6992,f56e6f0c7f8995efe8de345750cca70b43fd9d48456c7f7315d2f6818eecf2e4
experiments/2026-10-06_systematic_optimization/fits/39c1e2696337_fold1_s101_e12/job.json,249,72dea08db4a0aa0ef2764e76c976087c462dc11f7b148cc886780c4b293e9fcd
experiments/2026-10-06_systematic_optimization/fits/39c1e2696337_fold1_s101_e12/result.json,873,530a85768e62623cf3208e75a0e0d4028229662c1eef067e82a3cbbbf99aebee
experiments/2026-10-06_systematic_optimization/fits/3bef6612edca_fold0_s101_e12/history.json,6943,108782f293a0b772f14002c61f8e4f476dbfd44bae9da35c8d37cbce334e77c7
experiments/2026-10-06_systematic_optimization/fits/3bef6612edca_fold0_s101_e12/job.json,243,7ddeec472c3cacb88dbe4e49cde416008c0db56c3437145aec10d51264021b41
experiments/2026-10-06_systematic_optimization/fits/3bef6612edca_fold0_s101_e12/result.json,865,3824ce5c5af24ef51219a08beef0da9dba1c9ac5c78369d638b844281c4847a7
experiments/2026-10-06_systematic_optimization/fits/3bef6612edca_fold1_s101_e12/history.json,6969,222696046643a57a8bf51186cc86f309d5ef229c7e163d42b8e2814690a2a976
experiments/2026-10-06_systematic_optimization/fits/3bef6612edca_fold1_s101_e12/job.json,243,9bf7fe37546955d1cf3927835342a2fe6098dfd28661248e204da1192fe5e378
experiments/2026-10-06_systematic_optimization/fits/3bef6612edca_fold1_s101_e12/result.json,868,f974461a6706fb2fd70ec65c30c1f2836d541f5fd2c168e0f2763c5cc42213f9
experiments/2026-10-06_systematic_optimization/fits/3c0e9aadc0b1_fold0_s101_e12/history.json,6948,070165acc1526e70b2d9f6cb7802b2e629f9c98a06127fdd72a7202b090434d6
experiments/2026-10-06_systematic_optimization/fits/3c0e9aadc0b1_fold0_s101_e12/job.json,243,ad99e1e29787bada67e004dcb6dd447354bcee3376fa224f26021178fd8478d7
experiments/2026-10-06_systematic_optimization/fits/3c0e9aadc0b1_fold0_s101_e12/result.json,862,36c3ff9175c559ff9e170691fec765a1592c1b8c95874aa0c3014d7c645b5ba3
experiments/2026-10-06_systematic_optimization/fits/3c0e9aadc0b1_fold1_s101_e12/history.json,6989,8b6de433a4842748324e589d082ad5cd985bdbe4795ef8c23f3937df3b7e80b3
experiments/2026-10-06_systematic_optimization/fits/3c0e9aadc0b1_fold1_s101_e12/job.json,243,8c672c7a2b0bbbd451736643ee17289d51fd6a28819d6a525c167a6a8760f22f
experiments/2026-10-06_systematic_optimization/fits/3c0e9aadc0b1_fold1_s101_e12/result.json,864,a215ce001971b340af8627b3b9b9598fda7d001eb7b174942ad49d3b8a2318b9
experiments/2026-10-06_systematic_optimization/fits/3db89f2e7a1a_fold0_s101_e12/history.json,6957,3ceb39bfe2f234694a9479b0fbab1227be82ca8a6e03a767ccda5f867cb579a4
experiments/2026-10-06_systematic_optimization/fits/3db89f2e7a1a_fold0_s101_e12/job.json,249,d2bb2862ce38a9c6c8f6fd6939fab35fa00da29efa5d6feed2a54c74d38a3c80
experiments/2026-10-06_systematic_optimization/fits/3db89f2e7a1a_fold0_s101_e12/result.json,872,74bd9d496d73de747868889ae4f3d9f64eafc3048b37a2b0dc7daad2f3e12422
experiments/2026-10-06_systematic_optimization/fits/3db89f2e7a1a_fold1_s101_e12/history.json,6991,03a88d090ca33359b8b3ade7b52ead9885ff7ff6ff1937d1a7b322a11f835220
experiments/2026-10-06_systematic_optimization/fits/3db89f2e7a1a_fold1_s101_e12/job.json,249,c83e61da6e5463364592f76435207735caa234162f616be2efb7a2b316872479
experiments/2026-10-06_systematic_optimization/fits/3db89f2e7a1a_fold1_s101_e12/result.json,874,148aa7dce0c3c3dc7d6ee258b75d626bc21ff8f86ea0830b7391669847f3323e
experiments/2026-10-06_systematic_optimization/fits/3e2a5e6a43aa_fold0_s102_e48/history.json,27627,b5cee2103c92e98265b9e6d9d0479e4cdf95ab12d126260eaacacd6c035d3e12
experiments/2026-10-06_systematic_optimization/fits/3e2a5e6a43aa_fold0_s102_e48/job.json,242,a575e9f3e652eafa90d0fd6b29d715f0596c7c6120d667a399c79cfc239e6376
experiments/2026-10-06_systematic_optimization/fits/3e2a5e6a43aa_fold0_s102_e48/result.json,867,74cdf15d1dc1d4cae19e897c5dcb7b12f79ef4f21dbce80cc1d430341364c134
experiments/2026-10-06_systematic_optimization/fits/3e2a5e6a43aa_fold0_s103_e48/history.json,27661,4131ec262e5db1929c5e4d6e246d26a2005e5b0adda256c25cc517a0e30cec9e
experiments/2026-10-06_systematic_optimization/fits/3e2a5e6a43aa_fold0_s103_e48/job.json,242,7005b9905d95c2f0573e1ad5127282a1b23873963dee34e918816101e4365fef
experiments/2026-10-06_systematic_optimization/fits/3e2a5e6a43aa_fold0_s103_e48/result.json,869,f73d036239f565d6ae4615b468b5ac16e91019874b0126ef70eaf91d2ef8a8b4
experiments/2026-10-06_systematic_optimization/fits/3e2a5e6a43aa_fold1_s102_e48/history.json,27795,bb4de8ff7f47eaf896ce8fccfbee8e6706dbb1c4efe7e2650239b78098d5db99
experiments/2026-10-06_systematic_optimization/fits/3e2a5e6a43aa_fold1_s102_e48/job.json,242,8b00c9e72ed623ca63592f4dfb3490afec9452e311d48a4a787ad1a363fdee36
experiments/2026-10-06_systematic_optimization/fits/3e2a5e6a43aa_fold1_s102_e48/result.json,867,4771d508a717fcf6f7f07c0e27379c15955fd9b22298c44da8733c1f122abb7f
experiments/2026-10-06_systematic_optimization/fits/3e2a5e6a43aa_fold1_s103_e48/history.json,27770,4f484cc7a4c20e9715e7391556cafc0de093b0be3501643f15466ebfb783c60e
experiments/2026-10-06_systematic_optimization/fits/3e2a5e6a43aa_fold1_s103_e48/job.json,242,648264105beb98896c9dea14d778dbe26645ee4794032fed256165b0148f8e45
experiments/2026-10-06_systematic_optimization/fits/3e2a5e6a43aa_fold1_s103_e48/result.json,870,81922a0cc744da666abb44f221c1f8f7030d223082577123d6b0fa9710cd838a
experiments/2026-10-06_systematic_optimization/fits/3e6f8a34a92e_fold0_s101_e12/history.json,6953,2e5c8f10aacdfcd63f6833e9a6e742c0088922e778087e1e5475f7b9baf16a70
experiments/2026-10-06_systematic_optimization/fits/3e6f8a34a92e_fold0_s101_e12/job.json,243,5504de14b6b5fd98432207bff7ac59d56dd268e65f7cfb2ef9262b963054896c
experiments/2026-10-06_systematic_optimization/fits/3e6f8a34a92e_fold0_s101_e12/result.json,864,038cdd739a99b5fdf9eb2690d9bc85a27e2fa82c709a57996c73714ce73be338
experiments/2026-10-06_systematic_optimization/fits/3e6f8a34a92e_fold1_s101_e12/history.json,7009,71140be7bd0ffacef61f57ca68e2c18d90125859cd9ec04bfad3b8ee6cdbc0b1
experiments/2026-10-06_systematic_optimization/fits/3e6f8a34a92e_fold1_s101_e12/job.json,243,f0d366b6ccc90176b3d032603e6f3e335b352f22f40fb761a46372566744318a
experiments/2026-10-06_systematic_optimization/fits/3e6f8a34a92e_fold1_s101_e12/result.json,862,77cc171edcd50fa539ea900236b578b5c8e5b025165f6819a726dbb967ae6370
experiments/2026-10-06_systematic_optimization/fits/3efde9f24036_fold0_s101_e12/history.json,6960,9d3b39aa78b4d940cece61f7c10a401b8ec8ef466fa5fe66a4244503ec121aab
experiments/2026-10-06_systematic_optimization/fits/3efde9f24036_fold0_s101_e12/job.json,249,712e6a70eb25b11429e7bf740e97da406dc6e6e972a7584dacf8bae86b6861c6
experiments/2026-10-06_systematic_optimization/fits/3efde9f24036_fold0_s101_e12/result.json,874,2db52eca641fd323ce6ce57d1116ef9240e7bf992d8fc14c769449ac000d5a58
experiments/2026-10-06_systematic_optimization/fits/3efde9f24036_fold1_s101_e12/history.json,6988,44ad85e203ff81398cd20db855333dcabd63d23b0b96e1f870a4c4e290194ebd
experiments/2026-10-06_systematic_optimization/fits/3efde9f24036_fold1_s101_e12/job.json,249,14005d822275230ed798a47f025b3cae1cf4bb09c46ea433a83927a907e2e77d
experiments/2026-10-06_systematic_optimization/fits/3efde9f24036_fold1_s101_e12/result.json,869,c283b1ede450f05a798c1f8ef5f6fc82e89eb38987c2690d1747811775ec9ccd
experiments/2026-10-06_systematic_optimization/fits/3f04d10815af_fold0_s102_e48/history.json,27679,c64402c84342816bf4057ecd22f83beabc5e3bb3a984dfe55c4d72db8ae842d5
experiments/2026-10-06_systematic_optimization/fits/3f04d10815af_fold0_s102_e48/job.json,243,d218d70212de206fd16ed31c582246649fd2f326beaacc05d87e113202cdce8a
experiments/2026-10-06_systematic_optimization/fits/3f04d10815af_fold0_s102_e48/result.json,870,2e55f864466094fa1c78dd8308fd623cc167e0bd4d742919de01ebbcea96b2af
experiments/2026-10-06_systematic_optimization/fits/3f04d10815af_fold0_s103_e48/history.json,27689,8804c4123337e7f9ab9a6ab346223374c9b5aed0bc1f0cfbaa93aa8c38d08536
experiments/2026-10-06_systematic_optimization/fits/3f04d10815af_fold0_s103_e48/job.json,243,5251adf5704508e5d23259dcd714b4cdfa3906117d4a3bd00f8ecc41f53b62ce
experiments/2026-10-06_systematic_optimization/fits/3f04d10815af_fold0_s103_e48/result.json,870,61264478145ca05863e94d2498f2e8c5ea7d39e18b214f08f319d7a8302e9f81
experiments/2026-10-06_systematic_optimization/fits/3f04d10815af_fold1_s102_e48/history.json,27855,19f94ce25d677350ba5736f3759cbcf2e5d50d4014aa0889eec257fc8884a692
experiments/2026-10-06_systematic_optimization/fits/3f04d10815af_fold1_s102_e48/job.json,243,27ed50b80381ca58ae7dad8bf32990fca064af3e289eca9e535048628d601f77
experiments/2026-10-06_systematic_optimization/fits/3f04d10815af_fold1_s102_e48/result.json,871,40b03d860e438efe6e90a7c766b9fa198f2e6421acb8b09110e40ea35bffb8df
experiments/2026-10-06_systematic_optimization/fits/3f04d10815af_fold1_s103_e48/history.json,27847,8109b05f28f0ba923961fc071ea815a8a6fde76e8c3ae03cb93ee5620e0cd792
experiments/2026-10-06_systematic_optimization/fits/3f04d10815af_fold1_s103_e48/job.json,243,034766dca47763e7b96c014158867d708f990a4df2d3eeb2ffb9527e7f03821e
experiments/2026-10-06_systematic_optimization/fits/3f04d10815af_fold1_s103_e48/result.json,867,5712755f948e57116b77ccec7920580c613a306473a51a858343793e3b921386
experiments/2026-10-06_systematic_optimization/fits/42250182a52f_fold0_s102_e48/history.json,27598,b7addc20d9bc48bb992ca4ed2baae5bc879a494160feb2edddc0066f3f52570b
experiments/2026-10-06_systematic_optimization/fits/42250182a52f_fold0_s102_e48/job.json,250,739b122d281fe8dd1af8e76d07294c61041312dc8398ec7da48685461fe5458d
experiments/2026-10-06_systematic_optimization/fits/42250182a52f_fold0_s102_e48/result.json,877,ca17ffbca87e93e9e8db63ce3c74a9e278e202c2c1479a18413b97343559fde1
experiments/2026-10-06_systematic_optimization/fits/42250182a52f_fold0_s103_e48/history.json,27614,ca47ea0db00c514e08cb1bea35200b6e7cb50fb9b822300a6a3ca3ecf13b8a68
experiments/2026-10-06_systematic_optimization/fits/42250182a52f_fold0_s103_e48/job.json,250,53194b1a5843252f0aca149a35df4e1b2ba4b835f68b0549eef70cdc1a61f07b
experiments/2026-10-06_systematic_optimization/fits/42250182a52f_fold0_s103_e48/result.json,877,d5d777f0d48d5219885b980216027cc021e16d521e1713bb0e442b125080d2f3
experiments/2026-10-06_systematic_optimization/fits/42250182a52f_fold1_s102_e48/history.json,27782,0248133bae13e4d233e72eade333ed1d1a06837b350d824ebf83786c34666d8e
experiments/2026-10-06_systematic_optimization/fits/42250182a52f_fold1_s102_e48/job.json,250,bd072bd32c27af245021eebaea76ed32f226c2df08e801aeda8df338dd0b6581
experiments/2026-10-06_systematic_optimization/fits/42250182a52f_fold1_s102_e48/result.json,878,e18c09ec28b745043b9830c1a1a336bcc26d79c508b27a57ca50270f6dfd9bd5
experiments/2026-10-06_systematic_optimization/fits/42250182a52f_fold1_s103_e48/history.json,27774,8a471a63dfe97a62d2b93bfbd40efa74ce75c202e7630afb5c6a2ac942b62732
experiments/2026-10-06_systematic_optimization/fits/42250182a52f_fold1_s103_e48/job.json,250,a1b0304081827512f5f228dbe1d5971a46e86b577e3e333b31660a742d234d17
experiments/2026-10-06_systematic_optimization/fits/42250182a52f_fold1_s103_e48/result.json,878,4580a563038f7e5835c7868201b3a8d35648bfb5fec616e1fb9d09aac7e9775c
experiments/2026-10-06_systematic_optimization/fits/42bb75682b39_fold0_s101_e12/history.json,6952,432d39c2d2482cf92dc9d415dee0460a8fa45ad0d0b306e5f901a9e5a2901243
experiments/2026-10-06_systematic_optimization/fits/42bb75682b39_fold0_s101_e12/job.json,249,dc0a6dff88861c4db40a46781f0b70f22661f825df22381964f321ee4e02ebf7
experiments/2026-10-06_systematic_optimization/fits/42bb75682b39_fold0_s101_e12/result.json,873,bb6df7d0909a0dfaf09bc3beb76a9b2fb4768392b9e764ad77ffbe419253c133
experiments/2026-10-06_systematic_optimization/fits/42bb75682b39_fold1_s101_e12/history.json,6988,8694709032267f786c9a3a1ba4f6fcadbb1a37b972da50be306f2b4ddf5bfc75
experiments/2026-10-06_systematic_optimization/fits/42bb75682b39_fold1_s101_e12/job.json,249,db4a7e7249246f8e5391270598da6d3cfdf84c17cb417b9b1fbf321618907f8b
experiments/2026-10-06_systematic_optimization/fits/42bb75682b39_fold1_s101_e12/result.json,874,8bb64721529d3bf449566fb2ba7ba6c1f5f26fd05ac5a1a103b441e368c16821
experiments/2026-10-06_systematic_optimization/fits/431722ef3a70_fold0_s101_e12/history.json,6939,7c4570534f35225ad9b0d8187d28429e5686fe59c058eca476c8e17432fad9eb
experiments/2026-10-06_systematic_optimization/fits/431722ef3a70_fold0_s101_e12/job.json,249,f8b94e0d020340ec3f0a606e61ccd358b367db9c417a2789c3c6905e2b2f11bb
experiments/2026-10-06_systematic_optimization/fits/431722ef3a70_fold0_s101_e12/result.json,869,e07ce3adfade340cdbcd13651fbc226fb002a18773d9b43cb7c5a9b34d540b72
experiments/2026-10-06_systematic_optimization/fits/431722ef3a70_fold1_s101_e12/history.json,6978,9294a59570569ba37d7ebdf3cea34d73a1d2e1e846dae188e57ee317f154520f
experiments/2026-10-06_systematic_optimization/fits/431722ef3a70_fold1_s101_e12/job.json,249,b72172776f97e28d9da2d8755db3c3b394ae96bf138f8931cbeb4ddf6e1e57d2
experiments/2026-10-06_systematic_optimization/fits/431722ef3a70_fold1_s101_e12/result.json,872,995049cc9dcb6d6f40b62f330e7cea2767366d10732525c1c55678576e7293ae
experiments/2026-10-06_systematic_optimization/fits/45521f46e61a_fold0_s101_e12/history.json,6942,7000b2f929c1b3278c1e469b607c97f76d1f29207fe2f1a25a00d8ffba308dd0
experiments/2026-10-06_systematic_optimization/fits/45521f46e61a_fold0_s101_e12/job.json,249,8f88376ef54ee51ea03cd2611fbc96b74a855f7604a897d971bd4acc2beee47b
experiments/2026-10-06_systematic_optimization/fits/45521f46e61a_fold0_s101_e12/result.json,864,f9f545b195d6ca0444fbc09075ee0b7f416a716376e569ae7aa55db7dcd625f2
experiments/2026-10-06_systematic_optimization/fits/45521f46e61a_fold1_s101_e12/history.json,6987,a7b4cd8298f5f881f3163c8c83b59d687e7629601799665ca0db0200e0cd30a5
experiments/2026-10-06_systematic_optimization/fits/45521f46e61a_fold1_s101_e12/job.json,249,fbea678f3142c95976c8f6cabd10de2dad124230a3e8f104e86e94ac3262d14b
experiments/2026-10-06_systematic_optimization/fits/45521f46e61a_fold1_s101_e12/result.json,872,f805d636fb654c9109333c7c35028452784c74ad98763520979a783325421c6d
experiments/2026-10-06_systematic_optimization/fits/4590b848cf83_fold0_s101_e12/history.json,6960,58bef9be3ae7002892587957cbd68707fad1e212a29f4b3755b2a7a08a8a09b3
experiments/2026-10-06_systematic_optimization/fits/4590b848cf83_fold0_s101_e12/job.json,249,5aa9f9c9b5010a24526e81deb6a156fe753fe5ba67c277717b532c86785a71e0
experiments/2026-10-06_systematic_optimization/fits/4590b848cf83_fold0_s101_e12/result.json,872,b86c1e28518b9ecf8ccaed8d6934ec2fda5621ef97968eb1c3ba305891ce0337
experiments/2026-10-06_systematic_optimization/fits/4590b848cf83_fold1_s101_e12/history.json,6985,b0c4cb1eae8906c4be944bfd89e4e65c155d9c8df318663333af93f4b9564b48
experiments/2026-10-06_systematic_optimization/fits/4590b848cf83_fold1_s101_e12/job.json,249,27e2d118070943d4793ec06f1d1c4a7dfa2ac53704ff289883410351fc1cdd9c
experiments/2026-10-06_systematic_optimization/fits/4590b848cf83_fold1_s101_e12/result.json,871,b1378c18fa990e162570172616389f78c25b7b5b22c70504e13487f2d0cba072
experiments/2026-10-06_systematic_optimization/fits/45bb2e3ebbfb_fold0_s101_e12/history.json,6940,6d52f335297839fc5f9de9f159ac600a51b8f72de57164b07bca9da1d72b2084
experiments/2026-10-06_systematic_optimization/fits/45bb2e3ebbfb_fold0_s101_e12/job.json,243,72fc36b6633e2754a0a7ccac66b007b830fffacb3b8c63c44d36468e8e3da029
experiments/2026-10-06_systematic_optimization/fits/45bb2e3ebbfb_fold0_s101_e12/result.json,866,394bcc0b1d31180c40ebfb7ad02cb7158b775c39f0f015e4122723bc722a5693
experiments/2026-10-06_systematic_optimization/fits/45bb2e3ebbfb_fold1_s101_e12/history.json,6986,14fd3c59a8572d647ef05c1149a64c92e4762c110b8234f71ec9befe4f10608e
experiments/2026-10-06_systematic_optimization/fits/45bb2e3ebbfb_fold1_s101_e12/job.json,243,adb7712189f4098573e8b722831d909c27fd91f9578fbb0f29d2b4efc535cd04
experiments/2026-10-06_systematic_optimization/fits/45bb2e3ebbfb_fold1_s101_e12/result.json,867,a4a92748b044cba3d704842b6434f953f1b292a670c7eb5b39e5dfa369413295
experiments/2026-10-06_systematic_optimization/fits/46130c1b9fdc_fold0_s101_e12/history.json,6949,cdbd119d6c83df371263993eb8942cfc7ec170c1bc231c5726a640e89cb6db21
experiments/2026-10-06_systematic_optimization/fits/46130c1b9fdc_fold0_s101_e12/job.json,243,8b0b3a4123c8398194b36a968626d92a9e3349fda6d02ba9e96af2ad633288d7
experiments/2026-10-06_systematic_optimization/fits/46130c1b9fdc_fold0_s101_e12/result.json,864,1bc0c02c005936d03ff99801c70914a4b1cb13a34d67c699d9d221ede73a4177
experiments/2026-10-06_systematic_optimization/fits/46130c1b9fdc_fold1_s101_e12/history.json,6984,dad81ad0cf8f795d52ef95a62ede4628454963eeda67cc3e6eb5f9063af19593
experiments/2026-10-06_systematic_optimization/fits/46130c1b9fdc_fold1_s101_e12/job.json,243,b73262899389925b8d55ae5ce3127ade3e18ef19ba5a8daa2daf2adf1825629f
experiments/2026-10-06_systematic_optimization/fits/46130c1b9fdc_fold1_s101_e12/result.json,865,00d161abfaaf98bc3c55c3f7a97b2469cfc217c6b622f189abd003aa31e4ca1c
experiments/2026-10-06_systematic_optimization/fits/50833148abec_fold0_s101_e12/history.json,6942,359f2c8cac641b741735e07aa2af8e849c99f9d11feca1d065b056eee02cc781
experiments/2026-10-06_systematic_optimization/fits/50833148abec_fold0_s101_e12/job.json,249,824c4b325a4fa2b7c0daf7fedde07827f5a2090190db9c0196b877963d1dd1f1
experiments/2026-10-06_systematic_optimization/fits/50833148abec_fold0_s101_e12/result.json,873,1bfa657ff3da9c12f5fa96d513a7724cf1255a3ff7f5136081b64f9e3a65e4fd
experiments/2026-10-06_systematic_optimization/fits/50833148abec_fold1_s101_e12/history.json,6975,0f07189e7895b3e658f4ffe016d4596a553d84ed2ac8f507240018c526e72aff
experiments/2026-10-06_systematic_optimization/fits/50833148abec_fold1_s101_e12/job.json,249,d4345ab4b3c0974084b43d08608eec84043b0c000a8624dc2e8afaf26ccb8e6c
experiments/2026-10-06_systematic_optimization/fits/50833148abec_fold1_s101_e12/result.json,866,675fa055efb3d9fd07761e76bc77e9a0eb1aedc0e2133bd79d60815329ab4d75
experiments/2026-10-06_systematic_optimization/fits/53ab0433e184_fold0_s102_e48/history.json,27667,9a04b47301c8a9cf8a02136b14e4662b0f5ecfad9c9f2894164febcde4271371
experiments/2026-10-06_systematic_optimization/fits/53ab0433e184_fold0_s102_e48/job.json,244,b10d0cc70c9da6420d9cb606ca4ccbfab74b48ed95b7bc8f385bfb0e7ac02c81
experiments/2026-10-06_systematic_optimization/fits/53ab0433e184_fold0_s102_e48/result.json,870,f64ed1c0537589d9c7ccd8ae5fbdc821723ae6ee2b4d84f87e58a5e664e2050b
experiments/2026-10-06_systematic_optimization/fits/53ab0433e184_fold0_s103_e48/history.json,27681,cf45ce4cfb500f1f94de4ddc3b5343a8d34c0c80c80af51566041c44dab4c5da
experiments/2026-10-06_systematic_optimization/fits/53ab0433e184_fold0_s103_e48/job.json,244,d749c500cbe58f5c50d630397f8dc4282b72eb0443a3e537596a31a6d749f327
experiments/2026-10-06_systematic_optimization/fits/53ab0433e184_fold0_s103_e48/result.json,868,9b4d973f85562de4f181cc8455beb857766df1189c268ec2c2eb51fae69465ca
experiments/2026-10-06_systematic_optimization/fits/53ab0433e184_fold1_s102_e48/history.json,27860,d08bb3f712cfe7d4ad47d052d8114b70a39d8d065e1fdb8092e98c8050055905
experiments/2026-10-06_systematic_optimization/fits/53ab0433e184_fold1_s102_e48/job.json,244,6ebe5284c222baa5b2602b9bc8091619a54004e97e6ca4059b84d48d273f9c25
experiments/2026-10-06_systematic_optimization/fits/53ab0433e184_fold1_s102_e48/result.json,872,f7d19ef073f29d2d42c8198907b94b4dda9e3336debd36a55a5d774a8cd54613
experiments/2026-10-06_systematic_optimization/fits/53ab0433e184_fold1_s103_e48/history.json,27844,6995d70855a8c9842eb2f41e60e5ebbe22d2f6a4b0a6796420332e1c8c2a3366
experiments/2026-10-06_systematic_optimization/fits/53ab0433e184_fold1_s103_e48/job.json,244,82badc9a06c727ac596fc240fda60184f8799530094aea5917e37f107eb8ca2a
experiments/2026-10-06_systematic_optimization/fits/53ab0433e184_fold1_s103_e48/result.json,872,648a4fa36f96341d80401d31af920264a65075b0642f2483bb04deb1a39ad7ea
experiments/2026-10-06_systematic_optimization/fits/57a4928bb5fc_fold0_s101_e12/history.json,6961,7d8d100004035ec610d562eb5deb00afac4df1d45e6c32bf2d02cfbfa807a5cd
experiments/2026-10-06_systematic_optimization/fits/57a4928bb5fc_fold0_s101_e12/job.json,243,0ffbef7eb3bc822c7aeda2822a312603f6024c66fce320f50b7f31bdbed1fcdb
experiments/2026-10-06_systematic_optimization/fits/57a4928bb5fc_fold0_s101_e12/result.json,868,594a19bf65e8b00cca40b770a0a024071b6d815ec20a57b86e27f3f0296102d7
experiments/2026-10-06_systematic_optimization/fits/57a4928bb5fc_fold1_s101_e12/history.json,7002,77575ad7eb51b284b2310f71e14ed05ee45184c372c8912ab0e7340446933848
experiments/2026-10-06_systematic_optimization/fits/57a4928bb5fc_fold1_s101_e12/job.json,243,358ace8868849573ce1ca4dac60e7de7948e237751e6d30ea645e893d54ed92c
experiments/2026-10-06_systematic_optimization/fits/57a4928bb5fc_fold1_s101_e12/result.json,867,9917e07ee6d514cf885fe76359ad28d754444162441edcee243be52c3edcc83c
experiments/2026-10-06_systematic_optimization/fits/5b9b968c9eb6_fold0_s101_e12/history.json,6957,5e0eb6df13d747983b9564faf14192e5573e4e3b04319ee441947ca949614e54
experiments/2026-10-06_systematic_optimization/fits/5b9b968c9eb6_fold0_s101_e12/job.json,249,5b585915e3b64c11984a0a34800933496dc862c927f0f48f2f165f0fc532c10e
experiments/2026-10-06_systematic_optimization/fits/5b9b968c9eb6_fold0_s101_e12/result.json,864,7807262db516ab0ba575495a4e058c390ffc53d31c410f478007a9ac1de13014
experiments/2026-10-06_systematic_optimization/fits/5b9b968c9eb6_fold1_s101_e12/history.json,6988,eed37b026912a0d345009f2a480ee9bea2de52d931c8f1300dddb416c4a942f3
experiments/2026-10-06_systematic_optimization/fits/5b9b968c9eb6_fold1_s101_e12/job.json,249,37959281734c8b068df7660e8bc9d562fca99d33b52930842d4fc0604f533ce3
experiments/2026-10-06_systematic_optimization/fits/5b9b968c9eb6_fold1_s101_e12/result.json,871,5c09ced7f8cffbb4ceb3c95f0547de065f08549a3fc43ff92e5e83d063704110
experiments/2026-10-06_systematic_optimization/fits/5c88c66c8908_fold0_s102_e48/history.json,27340,93b690fd3add0c12d5d6541f1d93df916c1f12bcb9f903c62f269df47c95f730
experiments/2026-10-06_systematic_optimization/fits/5c88c66c8908_fold0_s102_e48/job.json,249,2fb2abb3d8dda879f3986e85ab9895662ea2937db8710acf7a675e6b0b35e91a
experiments/2026-10-06_systematic_optimization/fits/5c88c66c8908_fold0_s102_e48/result.json,876,f81b8119f2c48e945a966f4439dd82c263ac8ebe6d3d2bacffbe0b1af9e1a010
experiments/2026-10-06_systematic_optimization/fits/5c88c66c8908_fold0_s103_e48/history.json,27257,766da4e34d59a0602454ee990817117afa428de6fe5250d88c44e7eca45ea3de
experiments/2026-10-06_systematic_optimization/fits/5c88c66c8908_fold0_s103_e48/job.json,249,92483c8bcc8b82106985c1186159aec47eaa2a8d0a250fb0987fb14167fc8468
experiments/2026-10-06_systematic_optimization/fits/5c88c66c8908_fold0_s103_e48/result.json,874,1ceafb43bf75e8310b99f6bc61cd0bca8dacebc14df271becfa53442c7f02e65
experiments/2026-10-06_systematic_optimization/fits/5c88c66c8908_fold1_s102_e48/history.json,27383,94ae98788a9db9db8198268038002401c82749aa1e990ce30d35132dafbd70ea
experiments/2026-10-06_systematic_optimization/fits/5c88c66c8908_fold1_s102_e48/job.json,249,4cb7867fb0e912117fee15b944ba8eee4f1400b31855cf4f4a15e664c2fef69a
experiments/2026-10-06_systematic_optimization/fits/5c88c66c8908_fold1_s102_e48/result.json,869,be5909a1a4e7f4bc5c52264fdef9769bb78c6094d5372fe760e50a59f48ee16d
experiments/2026-10-06_systematic_optimization/fits/5c88c66c8908_fold1_s103_e48/history.json,27450,c06c14da00d585da455de1dcbc782e31fd962bd6dd9a67dbe4a280c959ecf9b8
experiments/2026-10-06_systematic_optimization/fits/5c88c66c8908_fold1_s103_e48/job.json,249,ac6bdc88f109cfada5f7568016a0041e84f5c95748be7bad7ed3726b629f137a
experiments/2026-10-06_systematic_optimization/fits/5c88c66c8908_fold1_s103_e48/result.json,875,7a8a86fe45e950fa800bed85996aaa161d7dba18264691b9c25ec88524811488
experiments/2026-10-06_systematic_optimization/fits/5daef43da890_fold0_s101_e12/history.json,6956,8d4e2f41261558d047a3e1b51a9fdf519eca3ce52859fc4fde0c05c38fa49803
experiments/2026-10-06_systematic_optimization/fits/5daef43da890_fold0_s101_e12/job.json,249,2801c04005d6fa1398e9c83ea516ac78bf6fb4a604dbc91978f5e6cd987047e6
experiments/2026-10-06_systematic_optimization/fits/5daef43da890_fold0_s101_e12/result.json,871,23920487874c25181b0b31357a7d0f09790e6dc75c42249a6b1f507e81370a5e
experiments/2026-10-06_systematic_optimization/fits/5daef43da890_fold1_s101_e12/history.json,7002,8226363a4ec04783df7fed09a744efbc166493954f5b8cb545aa1d5f87e78554
experiments/2026-10-06_systematic_optimization/fits/5daef43da890_fold1_s101_e12/job.json,249,ee68438e1dca26741b7970ba2c57105c7d4bb04792b5e8be6b56b95a8ff356d1
experiments/2026-10-06_systematic_optimization/fits/5daef43da890_fold1_s101_e12/result.json,874,ec1decc28333b59c149deb6cc796feb03897cfe39978f87fec6b5405df6e1c9a
experiments/2026-10-06_systematic_optimization/fits/5e25bbeebe7d_fold0_s102_e48/history.json,27680,3b29266f22ebf22f727473abf14ad8c87602c049655b8f8e40402bd5c93e425c
experiments/2026-10-06_systematic_optimization/fits/5e25bbeebe7d_fold0_s102_e48/job.json,242,1182d2d57da842c8c896006eceb2ae00dcf7eea306b1ab555fd4ebedffe8f9a3
experiments/2026-10-06_systematic_optimization/fits/5e25bbeebe7d_fold0_s102_e48/result.json,869,8782bb7ccf86e19e90063f383c65e0f2d6d4a65ec160825850f28b0a3a1ee13d
experiments/2026-10-06_systematic_optimization/fits/5e25bbeebe7d_fold0_s103_e48/history.json,27659,67356a320c08e60ad560bf66cf2bc41f43da03b59709f83171a7a07a33fafa31
experiments/2026-10-06_systematic_optimization/fits/5e25bbeebe7d_fold0_s103_e48/job.json,242,a37810da4fc9c5f75b0194c765dded2d89104b30588f4f36515fdb7feaa0d6da
experiments/2026-10-06_systematic_optimization/fits/5e25bbeebe7d_fold0_s103_e48/result.json,867,2352528dce23b7b8bde9fc67cb3e6f3c81e08efd8304331e708cbda783720327
experiments/2026-10-06_systematic_optimization/fits/5e25bbeebe7d_fold1_s102_e48/history.json,27829,82530a9a00d5dfa7f8bff979c7643f67d92e1db29aaa61b4974487ac5f908cfa
experiments/2026-10-06_systematic_optimization/fits/5e25bbeebe7d_fold1_s102_e48/job.json,242,8d9e1ca2992052efe87f8347cf2deb8708fdfaa0440f45aa644bc008b3b76c5e
experiments/2026-10-06_systematic_optimization/fits/5e25bbeebe7d_fold1_s102_e48/result.json,870,f81dee6160ee6ffa36876cf16d2c095d030bc82732b829431d676ab0e03ac030
experiments/2026-10-06_systematic_optimization/fits/5e25bbeebe7d_fold1_s103_e48/history.json,27813,438596c8659f64aba782882cc19871481a8a34dd998ec17dd338a3382414e6b6
experiments/2026-10-06_systematic_optimization/fits/5e25bbeebe7d_fold1_s103_e48/job.json,242,f885e5424416992538414ec4d4e6b0bb91dd8c6e26c2f5c367c1fb9cd5792f05
experiments/2026-10-06_systematic_optimization/fits/5e25bbeebe7d_fold1_s103_e48/result.json,861,94e2a2bd39e44979bf693fceed47b7bdeef610a82604b4d924a990c8a42661bd
experiments/2026-10-06_systematic_optimization/fits/5e85c5072136_fold0_s101_e12/history.json,6941,c37eab6329431f99488b89627be5d466ea31c0ada1392da7ad9bb1235f2774ba
experiments/2026-10-06_systematic_optimization/fits/5e85c5072136_fold0_s101_e12/job.json,243,1910655e4774591e79f74c5b2bc918df69ef04839a19dd050f1281611e8439d0
experiments/2026-10-06_systematic_optimization/fits/5e85c5072136_fold0_s101_e12/result.json,864,344f08be989c6c0946903187d96896b1a465bd355569a1490e9bf4cebba3e960
experiments/2026-10-06_systematic_optimization/fits/5e85c5072136_fold1_s101_e12/history.json,6991,35aea72eab8d7b4beba0b0a0387efea285fc976955fd7b5bfbc56b6b485e04f9
experiments/2026-10-06_systematic_optimization/fits/5e85c5072136_fold1_s101_e12/job.json,243,ead7c663146b9aabc21085919aae769cffe8db7074d0f8d275dfbe4ec1e8d9e4
experiments/2026-10-06_systematic_optimization/fits/5e85c5072136_fold1_s101_e12/result.json,863,2e32b2420eceb80e15d13a81c7c34defe69ed06bad968f51aced74ee41485c83
experiments/2026-10-06_systematic_optimization/fits/5fcebcc1d07e_fold0_s102_e48/history.json,27280,cac4b8ae45984f91dcd45ed70f3a17fca420a51b851f16ba1c48cd17ce84f1d5
experiments/2026-10-06_systematic_optimization/fits/5fcebcc1d07e_fold0_s102_e48/job.json,249,312934f51228567933cf8e73ecfbfbed2ecfd857ca6b4caee1b900121e5ce130
experiments/2026-10-06_systematic_optimization/fits/5fcebcc1d07e_fold0_s102_e48/result.json,873,d9038751f1050704c6e2249ab015edaa467cc975ce9e01ec86a344f074a21269
experiments/2026-10-06_systematic_optimization/fits/5fcebcc1d07e_fold0_s103_e48/history.json,27250,ada576d6b824292d16a0d4e2d6b4aa3502a2a99a67b0a7796b34c71b746b6189
experiments/2026-10-06_systematic_optimization/fits/5fcebcc1d07e_fold0_s103_e48/job.json,249,a604d0c5750a6650b9984a46bd6009cd43e10d308420d45977742359ae80c346
experiments/2026-10-06_systematic_optimization/fits/5fcebcc1d07e_fold0_s103_e48/result.json,873,008fa55fa399d940b2ce778c2dbd65f595ca32c34477d5725d8b6a7f5d78130f
experiments/2026-10-06_systematic_optimization/fits/5fcebcc1d07e_fold1_s102_e48/history.json,27420,9e62ef2c1fc500425e7e981df67198ece6c142bbce3e23d10de99ae4395d21ca
experiments/2026-10-06_systematic_optimization/fits/5fcebcc1d07e_fold1_s102_e48/job.json,249,2a0add4c9c978b025c8164de1bd4b389b242631806aef73bf20118951ce673b7
experiments/2026-10-06_systematic_optimization/fits/5fcebcc1d07e_fold1_s102_e48/result.json,873,bebb5ab83f778fa2b5c85c74121a7a9b1407457154e3601a83b86120b8db3236
experiments/2026-10-06_systematic_optimization/fits/5fcebcc1d07e_fold1_s103_e48/history.json,27424,5bbfff007cec098296d8c10ccf26bec92a228c9e60ec4e035262641f4b050416
experiments/2026-10-06_systematic_optimization/fits/5fcebcc1d07e_fold1_s103_e48/job.json,249,4bcc261b3aa8b9826dfd0051636e139990872a3b93c47bac85b82e4db49346ff
experiments/2026-10-06_systematic_optimization/fits/5fcebcc1d07e_fold1_s103_e48/result.json,874,5875234dffaf9584001125987d13a415fb031f9a7e463e71155bccdd6d8dfbda
experiments/2026-10-06_systematic_optimization/fits/62729ac51649_fold0_s101_e12/history.json,6963,a9f211f62af7c0ad5008b5bf1aa867b70516cde595f6c3d7ba67a1b45998b06b
experiments/2026-10-06_systematic_optimization/fits/62729ac51649_fold0_s101_e12/job.json,249,930ef1d4cbacb147a2b25ff2cda8b5a092d8f5a81087446d100858e8782b43da
experiments/2026-10-06_systematic_optimization/fits/62729ac51649_fold0_s101_e12/result.json,870,414fc0e6daf1a4e878db6bb47d36125f539a14206e1e882d982479ddff50414e
experiments/2026-10-06_systematic_optimization/fits/62729ac51649_fold0_s102_e24/history.json,13832,a09ffb90ac1007745d51b06554723f66ff81a8a3ae184d546bfc75ed77c970a0
experiments/2026-10-06_systematic_optimization/fits/62729ac51649_fold0_s102_e24/job.json,249,3121afbc46fba6178c383de21dad76bb6806cdfb98eea5c6c4090ab27ce639a8
experiments/2026-10-06_systematic_optimization/fits/62729ac51649_fold0_s102_e24/result.json,874,03439b183cf53c88355549959452977aa5734fcd67c8e495f46814c96b83ef5e
experiments/2026-10-06_systematic_optimization/fits/62729ac51649_fold0_s103_e24/history.json,13827,a895aa01265d63400f93d43fa6c2a1489b6db174b9ad58f9770f3022732454d2
experiments/2026-10-06_systematic_optimization/fits/62729ac51649_fold0_s103_e24/job.json,249,e186a854c8976e217e868c6d13f5f2c13d0c954366796a9f5b5187eb60ce5748
experiments/2026-10-06_systematic_optimization/fits/62729ac51649_fold0_s103_e24/result.json,876,d4f4b0c2544fc5117e8de86d2cf3ea787e790d80ca6938c5e6d45d6cf8859cdf
experiments/2026-10-06_systematic_optimization/fits/62729ac51649_fold1_s101_e12/history.json,7007,33e8aaf3c68f25da61bbf38e494bb80642e54ed3e9b38af2f1b891d58deb2229
experiments/2026-10-06_systematic_optimization/fits/62729ac51649_fold1_s101_e12/job.json,249,ccba4ec6522f07e02cb572193f95d04ece102d93f98f98cdad9dac56b7d90a45
experiments/2026-10-06_systematic_optimization/fits/62729ac51649_fold1_s101_e12/result.json,876,2ba8a11ee2b0f5a07ebc388241d717d71ed0f4960fd8242f12d6e25d32f99824
experiments/2026-10-06_systematic_optimization/fits/62729ac51649_fold1_s102_e24/history.json,13925,e1a0bc1035126169358b4076d842b10094de3b2eae23dda53697f323f7895dc2
experiments/2026-10-06_systematic_optimization/fits/62729ac51649_fold1_s102_e24/job.json,249,9b489e6dd489385c5f638d257472ed287aa9b8406c96db91960bbffef886d8cf
experiments/2026-10-06_systematic_optimization/fits/62729ac51649_fold1_s102_e24/result.json,875,2636837ab40c94a7ea0f7b4bd7662775b4402bddd2c8bc26e4cf987c9dec676a
experiments/2026-10-06_systematic_optimization/fits/62729ac51649_fold1_s103_e24/history.json,13916,a1eb087a6aac65dc39197dc91d82a02fee324155075425a13c2aec58a6d77fda
experiments/2026-10-06_systematic_optimization/fits/62729ac51649_fold1_s103_e24/job.json,249,a46ec41abbeb66f7954e16186d5b7c6e6af164de7daa6eb8e72c3b2fb30d31b7
experiments/2026-10-06_systematic_optimization/fits/62729ac51649_fold1_s103_e24/result.json,875,3ecc8e7344d3f0ab8712c7addf996d3b9eb9ead9723ec7115f91fe64a5fd75b6
experiments/2026-10-06_systematic_optimization/fits/637d2163eceb_fold0_s102_e48/history.json,27623,159cdf1e095408a539c155135815a318b07262cd97da4292c2de5200d16bfab3
experiments/2026-10-06_systematic_optimization/fits/637d2163eceb_fold0_s102_e48/job.json,243,11742217ff26cb2e9c929dbc82259e3478122ebdd2576c41f71d716dd135b774
experiments/2026-10-06_systematic_optimization/fits/637d2163eceb_fold0_s102_e48/result.json,871,093fbac5490bb229c53f6a0f8bca8ee36a7108c80eb48bfcff103a59c4374444
experiments/2026-10-06_systematic_optimization/fits/637d2163eceb_fold0_s103_e48/history.json,27596,ab51bf1634a5b10d0a502b89797f6ac2cdec17a43d6b0760c0e9d4b1d8cfd87d
experiments/2026-10-06_systematic_optimization/fits/637d2163eceb_fold0_s103_e48/job.json,243,dbc216bf541c4c4411d9719081c68fe7d09f13baaaed9c6915dbce6eabd1422e
experiments/2026-10-06_systematic_optimization/fits/637d2163eceb_fold0_s103_e48/result.json,868,3d0f3ffd2a36292c8ad4034c39813c425336eca744fec964de1a4c26212cee5b
experiments/2026-10-06_systematic_optimization/fits/637d2163eceb_fold1_s102_e48/history.json,27783,cbb8907901c069d8540f92a063fd15bea272ac60d588e80ab9255a707767db7c
experiments/2026-10-06_systematic_optimization/fits/637d2163eceb_fold1_s102_e48/job.json,243,427075286a0eb974892ac4c0deb1c8a6710be7115be191f8b78debdff5ec3019
experiments/2026-10-06_systematic_optimization/fits/637d2163eceb_fold1_s102_e48/result.json,871,6d876b1e17fd2c7cca0137dae7e1ba841132e82e7d01fae798fd9b0813565161
experiments/2026-10-06_systematic_optimization/fits/637d2163eceb_fold1_s103_e48/history.json,27773,65ff6701a384d2bae185fe66eef42b126299a962271afc2e91b90dffcdc96a37
experiments/2026-10-06_systematic_optimization/fits/637d2163eceb_fold1_s103_e48/job.json,243,d91e7a88fcb5f5a0a737403bedca4eaf489bb9e7ec65b68c034413c0b5a178f6
experiments/2026-10-06_systematic_optimization/fits/637d2163eceb_fold1_s103_e48/result.json,871,37f1cc7827b1df39b5ae8767fe4f4275a23f6c11c11f99e03c18e713f78a5485
experiments/2026-10-06_systematic_optimization/fits/67873b0008b7_fold0_s102_e48/history.json,27297,ad47f07258e5e620bec34f820ad509c3e591d2046d4ddd9c6d41d45ad78db62f
experiments/2026-10-06_systematic_optimization/fits/67873b0008b7_fold0_s102_e48/job.json,249,0ad80044a68f01166ffc2946b27b47553662bc4b966bae3ca4d990729d06f316
experiments/2026-10-06_systematic_optimization/fits/67873b0008b7_fold0_s102_e48/result.json,874,3cab5505e84ea8db0b00ee36e5cc867b367bad86b8f279c642dab2edc6140a9a
experiments/2026-10-06_systematic_optimization/fits/67873b0008b7_fold0_s103_e48/history.json,27228,fff0ebf6ffe1fc1913ef50137655ec6093464034096b5a3cf193bbbd4c492698
experiments/2026-10-06_systematic_optimization/fits/67873b0008b7_fold0_s103_e48/job.json,249,007bf3e68d90104b72edf4157fb508d1ab90f563abf38e085373bafd069dd7c0
experiments/2026-10-06_systematic_optimization/fits/67873b0008b7_fold0_s103_e48/result.json,875,bcd46125aa1fe989235b1e69d738438c8c5480aab50c3461f18a7c78c9c88694
experiments/2026-10-06_systematic_optimization/fits/67873b0008b7_fold1_s102_e48/history.json,27382,bd94d7f91c3bd2e659dc6343615e480b08ad63df3b38a2323b455cf196aaf3de
experiments/2026-10-06_systematic_optimization/fits/67873b0008b7_fold1_s102_e48/job.json,249,b42edd993c782403cd5e634e106fea6f80732b296bf6d876353ff4b5228f6f89
experiments/2026-10-06_systematic_optimization/fits/67873b0008b7_fold1_s102_e48/result.json,874,8e7d7f99449423580e87dbec4365fc03055026cb8bb9937dbdc92520abf8d2f9
experiments/2026-10-06_systematic_optimization/fits/67873b0008b7_fold1_s103_e48/history.json,27405,89f503304ed2d8ec8dac74ee0d52bad07af07be3a7e7904778ee22386214c247
experiments/2026-10-06_systematic_optimization/fits/67873b0008b7_fold1_s103_e48/job.json,249,14168b59bf120ea0dd514fadcac0c063e36400d1c7e3a7e22b298bce41657b29
experiments/2026-10-06_systematic_optimization/fits/67873b0008b7_fold1_s103_e48/result.json,872,88bc1483a67d3470b51d65020e08e84a42b418b40571f3c917b961c23d9e6dab
experiments/2026-10-06_systematic_optimization/fits/69535c7fdb0b_fold0_s101_e12/history.json,6953,da30d5cbd10efd8dc4737ae2f0ded8ecb5af804451a56a221048166683557d7a
experiments/2026-10-06_systematic_optimization/fits/69535c7fdb0b_fold0_s101_e12/job.json,249,2d62a6b5b1bb1bc18ad121613e82de7d62743bb3f512931d1636b0194358120a
experiments/2026-10-06_systematic_optimization/fits/69535c7fdb0b_fold0_s101_e12/result.json,870,01a8b0b87ebcc626609d53404b7816296f972e9ce87244c76a26ca49c4e15dcf
experiments/2026-10-06_systematic_optimization/fits/69535c7fdb0b_fold1_s101_e12/history.json,7004,4e0f1d794cbe420ab1f4bb2e9a95d2cf2410a850200020ac8d40f6759b472691
experiments/2026-10-06_systematic_optimization/fits/69535c7fdb0b_fold1_s101_e12/job.json,249,58892d7a0f53bb06d77af7e9df1cdabc6252316ff0e215d17fee5709b482440c
experiments/2026-10-06_systematic_optimization/fits/69535c7fdb0b_fold1_s101_e12/result.json,872,5ddf0579a5c2d732845ba5b08579db1b5399ce8020c060bef289a23fd0dfe140
experiments/2026-10-06_systematic_optimization/fits/6956e3bbf1e2_fold0_s101_e12/history.json,6953,004e63e855d5a229cfd307918ac2403372107f86bed170dca90bae7c415ad548
experiments/2026-10-06_systematic_optimization/fits/6956e3bbf1e2_fold0_s101_e12/job.json,249,1294af6c556bb733417228979a114b4ccbca4854f5a4b7a952fbb4921da77b10
experiments/2026-10-06_systematic_optimization/fits/6956e3bbf1e2_fold0_s101_e12/result.json,870,3a4896efd7ac34f65ca5b7cdce443f4b380da3f7730bc3a623368a5d0cdfde5f
experiments/2026-10-06_systematic_optimization/fits/6956e3bbf1e2_fold1_s101_e12/history.json,6998,b1113f5986034a8180ba4d11c5b37ab17a518b317020e156277d333f80fc2202
experiments/2026-10-06_systematic_optimization/fits/6956e3bbf1e2_fold1_s101_e12/job.json,249,e988a9c556935f3fdcb068f8e78dc953d5221d15d61974c6d6fd53af064fb7fb
experiments/2026-10-06_systematic_optimization/fits/6956e3bbf1e2_fold1_s101_e12/result.json,871,9184badc6d89d0bac07390d95fae5a05f777052c605e73f7da6a87518557d922
experiments/2026-10-06_systematic_optimization/fits/6addb4bcd465_fold0_s101_e12/history.json,6950,423284cc1c45bf994dcdc9db4d482a3ee7649d2e9c46eff7f78651e27c9aa3ee
experiments/2026-10-06_systematic_optimization/fits/6addb4bcd465_fold0_s101_e12/job.json,243,73985db1eb334c962c49e19afc7b681e1e291878232e9af9dfc1726b19ee0cbd
experiments/2026-10-06_systematic_optimization/fits/6addb4bcd465_fold0_s101_e12/result.json,864,4990caa42c5fc27b949ba4a870da1eff830841aeb92a595b5620dc2aa4069ac0
experiments/2026-10-06_systematic_optimization/fits/6addb4bcd465_fold1_s101_e12/history.json,6995,bada735c4af34da8880726af20a98c18596bd15b947426406edcf58a5752933f
experiments/2026-10-06_systematic_optimization/fits/6addb4bcd465_fold1_s101_e12/job.json,243,53c34ec897384f6fc1cb4746b4f6812602ab3e4777ffa9eaa1ff80a2ba5494d8
experiments/2026-10-06_systematic_optimization/fits/6addb4bcd465_fold1_s101_e12/result.json,863,d963fe6d4fbb1bd3d028615feca798b7f9b471ea65f6fa79339fdcb25119c29f
experiments/2026-10-06_systematic_optimization/fits/6f5aa314022b_fold0_s102_e48/history.json,27685,0a817a90c6f2d4220deba09bc2d8be3af270482215c86cc0a039b683d085a4ec
experiments/2026-10-06_systematic_optimization/fits/6f5aa314022b_fold0_s102_e48/job.json,243,ac9d70d9cd716398e07f850bc29076022a1ef5a92c30f02c7bfaa530a460c63d
experiments/2026-10-06_systematic_optimization/fits/6f5aa314022b_fold0_s102_e48/result.json,869,d1aee551741444908e2e8abe8c56a0ba2bb66c6a48cc2b3584ef2b85ee6372d3
experiments/2026-10-06_systematic_optimization/fits/6f5aa314022b_fold0_s103_e48/history.json,27682,a1fcfbf35d8a1ecbdfc2b3d7614b36a9793070d109072b45c24cffa73614ad6c
experiments/2026-10-06_systematic_optimization/fits/6f5aa314022b_fold0_s103_e48/job.json,243,d16badb5eb8013cb5b14dd243bc45b06850e0b5351d3cb65d913053e4cb77ae2
experiments/2026-10-06_systematic_optimization/fits/6f5aa314022b_fold0_s103_e48/result.json,871,2dcb9ba8718af4153c5e65681f9ac0326c2f1998ff85f4f1da08da8f1406d2b4
experiments/2026-10-06_systematic_optimization/fits/6f5aa314022b_fold1_s102_e48/history.json,27834,cbac1910eebd246fc206aabf116230c2f8238e33a9af55015f32123dde521686
experiments/2026-10-06_systematic_optimization/fits/6f5aa314022b_fold1_s102_e48/job.json,243,7b04fc1aea94bb153a547c70d8f05badb8951aa8d94b31bd94972b3e7c075229
experiments/2026-10-06_systematic_optimization/fits/6f5aa314022b_fold1_s102_e48/result.json,872,fa2a731419eda743a1fce406db7b6fd6c69c43b0f3dce239773f9043d7cdb01b
experiments/2026-10-06_systematic_optimization/fits/6f5aa314022b_fold1_s103_e48/history.json,27842,d785145d69c24872d6942cd54773390b242aab1af926319b0b4baeec053ccfdd
experiments/2026-10-06_systematic_optimization/fits/6f5aa314022b_fold1_s103_e48/job.json,243,f7cfed7786e2655cd23f72489e11750ace9d6d5c0859171b4249f9514b564dbf
experiments/2026-10-06_systematic_optimization/fits/6f5aa314022b_fold1_s103_e48/result.json,872,abcef690ecc6632c8f42e9743c09f97b8cd00a8c95df335e28dae95c99cdfe53
experiments/2026-10-06_systematic_optimization/fits/6fbe1d1d42c7_fold0_s101_e12/history.json,6956,fcfb4533c5b504078841e46974bc789fc7d3a87543f7bdcae9f108cf587333ba
experiments/2026-10-06_systematic_optimization/fits/6fbe1d1d42c7_fold0_s101_e12/job.json,243,00f7c0813df1cbef92a0252650d3b8d7b973a42a5850bb1209dca0eb0646ee84
experiments/2026-10-06_systematic_optimization/fits/6fbe1d1d42c7_fold0_s101_e12/result.json,866,d431d67d50eceb96f99193d6266ce574e04c93374b5d23fa25ebff0bfc441fd7
experiments/2026-10-06_systematic_optimization/fits/6fbe1d1d42c7_fold1_s101_e12/history.json,7000,b5aee357bcd957a0e42455607a57106f401b1081675fac98c681df2e4f296dca
experiments/2026-10-06_systematic_optimization/fits/6fbe1d1d42c7_fold1_s101_e12/job.json,243,85ef0a1519e6586cc6b602a6f5bd405a0531075ce92264d4adfe5b0446c0dcfc
experiments/2026-10-06_systematic_optimization/fits/6fbe1d1d42c7_fold1_s101_e12/result.json,868,ffcd6901740dde943ae789607f2a29e0c320363b42a90b556238b78ede67bb0d
experiments/2026-10-06_systematic_optimization/fits/71043edcaac7_fold0_s101_e12/history.json,6953,af3a20ab7444a386ad3db6db2f4335d4c36a04c6b7ba4b7a72a742603f9dca66
experiments/2026-10-06_systematic_optimization/fits/71043edcaac7_fold0_s101_e12/job.json,249,1a8d24549d1a1559019f5c73cab985546105766266adde6afa7ec99a9f443d6e
experiments/2026-10-06_systematic_optimization/fits/71043edcaac7_fold0_s101_e12/result.json,870,51cc845ee3b78e8f880ad342003a61d79b3de630d2d0cd3c5408db359d84f778
experiments/2026-10-06_systematic_optimization/fits/71043edcaac7_fold1_s101_e12/history.json,6997,260989dd45985de03b4f7f4136c09bd53dd941ef36dc444e72e4496073e9f4ac
experiments/2026-10-06_systematic_optimization/fits/71043edcaac7_fold1_s101_e12/job.json,249,690ee433cb94ecd86661a319710b8eca05ab12b1c8e1fe8ab6315282e5388b8f
experiments/2026-10-06_systematic_optimization/fits/71043edcaac7_fold1_s101_e12/result.json,873,fa2e58a3ad789981ba66087e2d0196cffb40fa8a631a859b8e944c7970fe7df0
experiments/2026-10-06_systematic_optimization/fits/712c35ef8feb_fold0_s101_e12/history.json,6942,a9120f0881c78d70eb49429ce57a6a91ce05d69c13238d381d163ef9b1070b4d
experiments/2026-10-06_systematic_optimization/fits/712c35ef8feb_fold0_s101_e12/job.json,243,00dc11b805ee1a407acb230d9b2459938e0302df2c5d4b74151b786ab2aef373
experiments/2026-10-06_systematic_optimization/fits/712c35ef8feb_fold0_s101_e12/result.json,866,1562b06894457c9a52c6212a69267a045e38828e8d31e9802c2698df5b31292c
experiments/2026-10-06_systematic_optimization/fits/712c35ef8feb_fold1_s101_e12/history.json,6991,a74161fddf49e571c0e9b51eea36bf762735f8400ffa56bea1d8d1c569748e6f
experiments/2026-10-06_systematic_optimization/fits/712c35ef8feb_fold1_s101_e12/job.json,243,b19dee52716738acbafd287218d4d33dde8d5b7ff330c6f55c117fc6febefe9b
experiments/2026-10-06_systematic_optimization/fits/712c35ef8feb_fold1_s101_e12/result.json,868,f39162d62b8d017924d64a4300ff4f233ef37a8e8e9108600f6034afdd0dfed9
experiments/2026-10-06_systematic_optimization/fits/7278ebc0e88a_fold0_s101_e12/history.json,6949,6d54a9e17d8ad37c920eb2fd9b5ab40d58b8f59cf42f550c7198bb62be8948d5
experiments/2026-10-06_systematic_optimization/fits/7278ebc0e88a_fold0_s101_e12/job.json,243,862ca54807deac48c765e000b41b9ffe78540036e00f21c5e4c815142f6c63d5
experiments/2026-10-06_systematic_optimization/fits/7278ebc0e88a_fold0_s101_e12/result.json,866,1f8608f55b95fe904b17d98c12fb33cca6b67f51fac1d7a8a7dd386e6c6d5cde
experiments/2026-10-06_systematic_optimization/fits/7278ebc0e88a_fold1_s101_e12/history.json,7001,63abb73866357f2ac1ff690d0825ec9befddba257fdfa131c134db4921242e76
experiments/2026-10-06_systematic_optimization/fits/7278ebc0e88a_fold1_s101_e12/job.json,243,cbd69f1d6ff6122d0a907ad7d70c697778f1bd0f1e180a573f443b63ed41238b
experiments/2026-10-06_systematic_optimization/fits/7278ebc0e88a_fold1_s101_e12/result.json,868,8a7863424158ebf885de948dd58f6c30b227bf0add6219500197d59a16fdaf1c
experiments/2026-10-06_systematic_optimization/fits/731ba6f50105_fold0_s101_e12/history.json,6962,09dd15735230896dd6c6e226d0354d9de368bb33717ce6faf9476d6ac98e4271
experiments/2026-10-06_systematic_optimization/fits/731ba6f50105_fold0_s101_e12/job.json,243,f8820af608d766db66eee5e20473927553781a47980cc1ea4f76fac704de8005
experiments/2026-10-06_systematic_optimization/fits/731ba6f50105_fold0_s101_e12/result.json,864,29c2965812f61c48ed0bf0029075e022916640521137b9f38822df8df3cf7eec
experiments/2026-10-06_systematic_optimization/fits/731ba6f50105_fold1_s101_e12/history.json,6990,85e9d1d14ef23ab1aba4ecee5dc19a4dd0360d98a46a30d3f78d6de41625be34
experiments/2026-10-06_systematic_optimization/fits/731ba6f50105_fold1_s101_e12/job.json,243,ccfe2ad142d07683661c7efdc5a1d34ab126c3b5834ce97b0ee4e629873eb176
experiments/2026-10-06_systematic_optimization/fits/731ba6f50105_fold1_s101_e12/result.json,867,d33a3f9d015f684f039273fd17f8f4fe16967e4368846244f80eade1df8f75bc
experiments/2026-10-06_systematic_optimization/fits/74031dcc53ce_fold0_s101_e12/history.json,6947,0babc11e90622dddc8ebd14cc6c0961c487415bd23c99245fa9fcd27b2346c24
experiments/2026-10-06_systematic_optimization/fits/74031dcc53ce_fold0_s101_e12/job.json,243,e85232f56818e2d1b2e0ad8b844ebffbce798015c9fe62ddc1f696b3c64de883
experiments/2026-10-06_systematic_optimization/fits/74031dcc53ce_fold0_s101_e12/result.json,866,4e60417e3e1c630b3ceb9e13a3c8ec9ea9c1ed5bd5ffed8ff42d6c686cefb41c
experiments/2026-10-06_systematic_optimization/fits/74031dcc53ce_fold1_s101_e12/history.json,6999,881aaa8d132d412bab80cecced24ccf8db1d8895163668fbe8d114b70c9a6719
experiments/2026-10-06_systematic_optimization/fits/74031dcc53ce_fold1_s101_e12/job.json,243,d0fcb13ade5287efd46bc8c2c2a3c1ec8a41681391f4f17e36f389017ae3d28b
experiments/2026-10-06_systematic_optimization/fits/74031dcc53ce_fold1_s101_e12/result.json,867,53618a356c148eb766dc3bfb40243efc803cc01df444d77a654efa3e2691801e
experiments/2026-10-06_systematic_optimization/fits/7510c010a88c_fold0_s102_e48/history.json,27700,0d3850455547a4cc91fe627030680efa15a63317299f83247cb9758cac576b56
experiments/2026-10-06_systematic_optimization/fits/7510c010a88c_fold0_s102_e48/job.json,248,cadb0fa46976693164865988dd4d4a21fa2928f053655cb72e239bc2347770f0
experiments/2026-10-06_systematic_optimization/fits/7510c010a88c_fold0_s102_e48/result.json,875,585e78ac191e0b8ea653bc251c4848a09a89f2090cb81bfde49e76326436d4d4
experiments/2026-10-06_systematic_optimization/fits/7510c010a88c_fold0_s103_e48/history.json,27670,83c6b237a0c32613d3692ef60cbe8e1a76a257745ebbd43ad91535deca482fd1
experiments/2026-10-06_systematic_optimization/fits/7510c010a88c_fold0_s103_e48/job.json,248,3ae24a3ca8b66ce5f23df8d9a5463ac6325965e1a4bcbdf09cbe7136338b4ec8
experiments/2026-10-06_systematic_optimization/fits/7510c010a88c_fold0_s103_e48/result.json,875,f1e6503770f34f9b16ccb6d711716ccc5a5d27fb0cf950213fd24ea74284cfe1
experiments/2026-10-06_systematic_optimization/fits/7510c010a88c_fold1_s102_e48/history.json,27825,40c730c247263e813ddc8781869f3c15ff2c563bda2d2d5add5e11f2b9812395
experiments/2026-10-06_systematic_optimization/fits/7510c010a88c_fold1_s102_e48/job.json,248,c2d4464da5f0f955e78412e6124a43331bc41e04665ffff490e0a1c3fe628cf9
experiments/2026-10-06_systematic_optimization/fits/7510c010a88c_fold1_s102_e48/result.json,869,a6f2e3b02138091978e2864570367590128818879d8c9bd1c457c974545f4a2e
experiments/2026-10-06_systematic_optimization/fits/7510c010a88c_fold1_s103_e48/history.json,27827,4a4d155db67e40d56567a50fab72473b1eb0241122a12e1e1a1d4b421bbc1723
experiments/2026-10-06_systematic_optimization/fits/7510c010a88c_fold1_s103_e48/job.json,248,be9b14577f03ab63905a9e61f6efc3bf86340dd6ae4507b195edbba141a2fff1
experiments/2026-10-06_systematic_optimization/fits/7510c010a88c_fold1_s103_e48/result.json,874,67f2885acbd1a7a72b637f3e768ab6f23ccf8b2697f2da7718d08a0c4a48f8cc
experiments/2026-10-06_systematic_optimization/fits/7568b09a1e0d_fold0_s102_e48/history.json,27686,7edb22a849edc32bb165d04de111a94257fb6a5f47a6f4b36f43d5b02bf96cf5
experiments/2026-10-06_systematic_optimization/fits/7568b09a1e0d_fold0_s102_e48/job.json,248,b9c648c287c717cb791e31d71c7be7d60481d27abb411423f642b2bb12db0d44
experiments/2026-10-06_systematic_optimization/fits/7568b09a1e0d_fold0_s102_e48/result.json,875,68ce3eb0ead631065c4c90812dc07a39072e02290d37a775bef78422ac8f0941
experiments/2026-10-06_systematic_optimization/fits/7568b09a1e0d_fold0_s103_e48/history.json,27692,a9cc0aa3cc5f0d1852232c0360724372f4be777a08aed0b5d03fde1626313af3
experiments/2026-10-06_systematic_optimization/fits/7568b09a1e0d_fold0_s103_e48/job.json,248,3228edf403f7f6a4f5b86c6c95c3365b4fb9fa18291b6f53faa86db3573b2488
experiments/2026-10-06_systematic_optimization/fits/7568b09a1e0d_fold0_s103_e48/result.json,876,34596503400f9bdda01ba2ded50c6af695811608b43e2557bf91ed9ff1db87ab
experiments/2026-10-06_systematic_optimization/fits/7568b09a1e0d_fold1_s102_e48/history.json,27842,2a98b5f253c5dd4e2edb1be205d249af60c3017dff6f9dc25d0aea035224bd44
experiments/2026-10-06_systematic_optimization/fits/7568b09a1e0d_fold1_s102_e48/job.json,248,3034141fd79c81f6faeb5089f414258779c3c974a7785c5a128565b1e2a8773e
experiments/2026-10-06_systematic_optimization/fits/7568b09a1e0d_fold1_s102_e48/result.json,873,0c1ac3aac03a202918ab8a23674cf3f1be656a70470c3cb69ec22aa2e3da2192
experiments/2026-10-06_systematic_optimization/fits/7568b09a1e0d_fold1_s103_e48/history.json,27831,5ca07883a24b0006227fecfd2d40291134556a2bfe0f047624e3b2fd842339a0
experiments/2026-10-06_systematic_optimization/fits/7568b09a1e0d_fold1_s103_e48/job.json,248,a4755c3a4afea0795b5ccf8ea7f4ed21263970071f819ece8b0a25597ca20f91
experiments/2026-10-06_systematic_optimization/fits/7568b09a1e0d_fold1_s103_e48/result.json,877,bca183185f7615248d31b45b9a20b9eb5c5d854d14045cd9ec5c961361793687
experiments/2026-10-06_systematic_optimization/fits/7a66a15c80fc_fold0_s101_e12/history.json,6956,280aca6446a7368d0ca26d08ae8b42ec59b05d501cf0a4f4d8bb1d7c49aca307
experiments/2026-10-06_systematic_optimization/fits/7a66a15c80fc_fold0_s101_e12/job.json,243,312153c4a848a220aa3b7664acef8654ae7bf313511240c1554a59f5a444dd9b
experiments/2026-10-06_systematic_optimization/fits/7a66a15c80fc_fold0_s101_e12/result.json,865,ae380de0d8e5e4f64c3fba8f6abcb93d57bbb1d6fcda4d7d0f524cc37ce792ad
experiments/2026-10-06_systematic_optimization/fits/7a66a15c80fc_fold1_s101_e12/history.json,6995,3ac8e7d00daf94ea25c922e1b7a515750711732b9cd6a3cdbaa5ee3cd7980c72
experiments/2026-10-06_systematic_optimization/fits/7a66a15c80fc_fold1_s101_e12/job.json,243,5654e52a1592642ae7c90d8c78ba49cb1a1006526f56fcd2344c3fa0a55cf855
experiments/2026-10-06_systematic_optimization/fits/7a66a15c80fc_fold1_s101_e12/result.json,866,48da9bfed33e9de527646dc53e493fd18e2f7686178e8ac7e2e169a7c6f7c6d5
experiments/2026-10-06_systematic_optimization/fits/7b9b3bc4ce12_fold0_s101_e12/history.json,6943,40dd45cf81b5c71bbda81cf8a1bf98bccf0494eb552214f288e6443858bdfe94
experiments/2026-10-06_systematic_optimization/fits/7b9b3bc4ce12_fold0_s101_e12/job.json,249,17158c449d3899211e8724cc4c18b2f05fa11c2edf26ce6a96dcb1210e8b7121
experiments/2026-10-06_systematic_optimization/fits/7b9b3bc4ce12_fold0_s101_e12/result.json,872,b895a00b08aa5ea6a344995b7cbaa0a100935db6a1b2f389615fe441c9ea2290
experiments/2026-10-06_systematic_optimization/fits/7b9b3bc4ce12_fold1_s101_e12/history.json,6977,87ef781ec6b3d882cb23fa1ed6f916e59a1a67a99a37fc90468e55058513bd33
experiments/2026-10-06_systematic_optimization/fits/7b9b3bc4ce12_fold1_s101_e12/job.json,249,c88d3df3782b92594eac9ac77760297cb912211356184d2f744b6b2d772f61f5
experiments/2026-10-06_systematic_optimization/fits/7b9b3bc4ce12_fold1_s101_e12/result.json,873,a3fc4e7d89c74f5975c8c4126634fa40a9037e978c5941a58329c43f43176082
experiments/2026-10-06_systematic_optimization/fits/7dee67c63efd_fold0_s102_e48/history.json,27625,447fafb23fbf3e04072cca7be6995d5fbe74b4e5f92e643e6c82df7cae52cecc
experiments/2026-10-06_systematic_optimization/fits/7dee67c63efd_fold0_s102_e48/job.json,249,6d94fcc9875fec91efe9af97f33252aa954f2e1f3bae29aea272ddc4f5329f9f
experiments/2026-10-06_systematic_optimization/fits/7dee67c63efd_fold0_s102_e48/result.json,874,feb602e90e047656b2426e4d212be107d257e37fe176c75310ebc12d5d00281d
experiments/2026-10-06_systematic_optimization/fits/7dee67c63efd_fold0_s103_e48/history.json,27650,ad987e5ec6b6f259c8a59dec655a82227bc1e74257e356c1b5464308413165d1
experiments/2026-10-06_systematic_optimization/fits/7dee67c63efd_fold0_s103_e48/job.json,249,a660d8ccd3ef8f5f3449d56ffd35baef1643cafc06626d61e762fcd5b7a71a8e
experiments/2026-10-06_systematic_optimization/fits/7dee67c63efd_fold0_s103_e48/result.json,877,1d7e257be464ebb03e14484c9dc73d174a5a72480361df2d499f366292c83ae2
experiments/2026-10-06_systematic_optimization/fits/7dee67c63efd_fold1_s102_e48/history.json,27782,0014192fe60a6b0c7777fcc98de4cec9ae00917a46f4b224f2fdb195c6a96093
experiments/2026-10-06_systematic_optimization/fits/7dee67c63efd_fold1_s102_e48/job.json,249,d25ff6332b5899343ed456be5a65c85c91b8b13dc46f84058a03e12534eeb8cd
experiments/2026-10-06_systematic_optimization/fits/7dee67c63efd_fold1_s102_e48/result.json,875,e5b80f1037c5ad5d1a2d88804e58bf65321dcce595a73a77a00e80f01154b1d4
experiments/2026-10-06_systematic_optimization/fits/7dee67c63efd_fold1_s103_e48/history.json,27764,7a1f99b254cb209db664ecdac2b4f613e835adbc783ca20ea73c832996521265
experiments/2026-10-06_systematic_optimization/fits/7dee67c63efd_fold1_s103_e48/job.json,249,b285231cf48f0d1e457ac604c85eeb91ffc689a963cc539564e5c1d309616a1c
experiments/2026-10-06_systematic_optimization/fits/7dee67c63efd_fold1_s103_e48/result.json,874,89127a63ca3048def3d071c7c1aa1690865938eb2d2c2ae934e19f2f56cd975c
experiments/2026-10-06_systematic_optimization/fits/870ed66d2b4d_fold0_s102_e48/history.json,27317,9542fc40623028b8c6057024026a6297d52c1df7befe558417ec1bb8218c3c39
experiments/2026-10-06_systematic_optimization/fits/870ed66d2b4d_fold0_s102_e48/job.json,249,e065563d9725f19411c02218d104e56afbf51c5e3222e931c1b0be5396fa0089
experiments/2026-10-06_systematic_optimization/fits/870ed66d2b4d_fold0_s102_e48/result.json,876,3a31f7d97db694e1b6c969263518184721d0753e7c35643d21c1ea62633b2bb8
experiments/2026-10-06_systematic_optimization/fits/870ed66d2b4d_fold0_s103_e48/history.json,27279,724bd36f1749055fed994434914d1338ccb57778f8bfdc13355e7a4ac432c726
experiments/2026-10-06_systematic_optimization/fits/870ed66d2b4d_fold0_s103_e48/job.json,249,1b12b3c652b22a9f03280c281dfa105ce48cf236ffb27064d7491ebfe9c9dd6b
experiments/2026-10-06_systematic_optimization/fits/870ed66d2b4d_fold0_s103_e48/result.json,874,3c7fd8d6bd344592d255d630603858d331d58a49ad98b348a712295d13c2812f
experiments/2026-10-06_systematic_optimization/fits/870ed66d2b4d_fold1_s102_e48/history.json,27421,5fce4f3241aff5c31c8d63c5ba351d1da57d8020f26c890cc8ba5b624caf0517
experiments/2026-10-06_systematic_optimization/fits/870ed66d2b4d_fold1_s102_e48/job.json,249,7ea499f75bce969acd28ecbcea5296dc2219c5f54bdcd835a9726a6c3523742e
experiments/2026-10-06_systematic_optimization/fits/870ed66d2b4d_fold1_s102_e48/result.json,871,b947382a61b4a232aba5ea0e782c34f9a4198c4c6ab7da7a88c8d2dc6bc42564
experiments/2026-10-06_systematic_optimization/fits/870ed66d2b4d_fold1_s103_e48/history.json,27509,6c4795751d771cad163df655cd0d184b6f112c45b64de46235e22cca485bd84e
experiments/2026-10-06_systematic_optimization/fits/870ed66d2b4d_fold1_s103_e48/job.json,249,9ef39dac43f58479058f7de49cf733b9a16b19058623bb94d98b337fc5b19b67
experiments/2026-10-06_systematic_optimization/fits/870ed66d2b4d_fold1_s103_e48/result.json,873,c7fb1367ac6639f7bfbe53a6b2fe50c1a7d0ae8104d902e623152e4bf5617fc5
experiments/2026-10-06_systematic_optimization/fits/87a8bf2d1ca8_fold0_s101_e12/history.json,6942,6243ff4e35f0a7d9ad2fa7ef78c9ed89f60eb38326d102d60a70c7415bc28bca
experiments/2026-10-06_systematic_optimization/fits/87a8bf2d1ca8_fold0_s101_e12/job.json,243,0f86f7d13127062294bdef2d198c3ca484ca4ea5a68bed0460e46df7cdd5e856
experiments/2026-10-06_systematic_optimization/fits/87a8bf2d1ca8_fold0_s101_e12/result.json,863,369df8489ada13b89ac100cd023a9f5a04843f7f55703e52356240fa0d27bb33
experiments/2026-10-06_systematic_optimization/fits/87a8bf2d1ca8_fold1_s101_e12/history.json,6992,c3922ea1d8d739497a42034247b5f8f83d391d9735df44355c292c6d13ed8d2f
experiments/2026-10-06_systematic_optimization/fits/87a8bf2d1ca8_fold1_s101_e12/job.json,243,b8b1b4cdc712a7ea0e501dc5c200b376c81ac5ad55b05bc708762f918a845c5b
experiments/2026-10-06_systematic_optimization/fits/87a8bf2d1ca8_fold1_s101_e12/result.json,866,567528c73bf14792c7b625bdeeb2f67c946822516f6ca55fb3ad88677de45640
experiments/2026-10-06_systematic_optimization/fits/896b6cf6dc37_fold0_s102_e48/history.json,27616,7da7ef919d79a9b6d64dbe3fc20d320fdcd934c8c8875355937b2c85eb805d96
experiments/2026-10-06_systematic_optimization/fits/896b6cf6dc37_fold0_s102_e48/job.json,242,e9ff30673b8e63cf13d1c198756e190b804f6c01dfd16814d903c73bb241f684
experiments/2026-10-06_systematic_optimization/fits/896b6cf6dc37_fold0_s102_e48/result.json,871,7bf7acfb32894c86363e39f9164ffa860bdbc954e875f688b3e675e82e24f7d5
experiments/2026-10-06_systematic_optimization/fits/896b6cf6dc37_fold0_s103_e48/history.json,27602,65cfcd507d845239e0d412a51280566faaf51c5f434bfac216ee9659f06e25e5
experiments/2026-10-06_systematic_optimization/fits/896b6cf6dc37_fold0_s103_e48/job.json,242,2cfcd1d1d4ef93d7ce56d12766f803cbb05486183fd04ef19ce67d21f238c51f
experiments/2026-10-06_systematic_optimization/fits/896b6cf6dc37_fold0_s103_e48/result.json,868,25e54c327925a590222547641b94854b05e4f01e473f0ebfc106eb48fd6c7000
experiments/2026-10-06_systematic_optimization/fits/896b6cf6dc37_fold1_s102_e48/history.json,27775,121d1d109c7c624e1e4c91bb0c098064597d5a8e27a73c63a2766c2b683d464c
experiments/2026-10-06_systematic_optimization/fits/896b6cf6dc37_fold1_s102_e48/job.json,242,e2c49155bd52384cc0b896b53181244d2ac902a57e7deb39a419963749af7554
experiments/2026-10-06_systematic_optimization/fits/896b6cf6dc37_fold1_s102_e48/result.json,869,e60b45ae4685eb5c04f1d9dc41b2ddf885512d951de9fef253b3c24770348322
experiments/2026-10-06_systematic_optimization/fits/896b6cf6dc37_fold1_s103_e48/history.json,27771,5a5c671cf07a6661e74c62da19c1a026212a4560ae241095d19ed3960cd4c54b
experiments/2026-10-06_systematic_optimization/fits/896b6cf6dc37_fold1_s103_e48/job.json,242,e94ea5d73b44672bfb08e22719f8ca8b03dbf56439fd5c9d1b095c2f8f51fa38
experiments/2026-10-06_systematic_optimization/fits/896b6cf6dc37_fold1_s103_e48/result.json,872,c4512e117acfb34d71d8d107136a165e8095d24ede18c88c71b63d1ce8136547
experiments/2026-10-06_systematic_optimization/fits/8aaba1db1735_fold0_s101_e12/history.json,6967,6e66d3c4bf5d71101a6db36258d3e7e4f14fd0c8e0b094c7b5403d9a0853ba3e
experiments/2026-10-06_systematic_optimization/fits/8aaba1db1735_fold0_s101_e12/job.json,249,7a0b6501cbe34d983d58f63bf542e0222cae375cb85fb53cab1d8ee733c76c49
experiments/2026-10-06_systematic_optimization/fits/8aaba1db1735_fold0_s101_e12/result.json,868,c6dc10fb1bf77740511dee78e636ad3d0c9af9c38b186b17cb3cded7f85cc059
experiments/2026-10-06_systematic_optimization/fits/8aaba1db1735_fold1_s101_e12/history.json,6997,37adba3e5a1dd8825138656acc9224a28212bbab6cec86df8ee22e4bd2ad34c9
experiments/2026-10-06_systematic_optimization/fits/8aaba1db1735_fold1_s101_e12/job.json,249,dde36c4762559e1455ac2bbcb575e45786cc1b68350e6f3ffcddba9970cbaa77
experiments/2026-10-06_systematic_optimization/fits/8aaba1db1735_fold1_s101_e12/result.json,869,10490d996b25dad3dc9fe95e1254717bcb0f2e30a41f28ca0f96f4a5f2d86702
experiments/2026-10-06_systematic_optimization/fits/8b46da369900_fold0_s101_e12/history.json,6928,af938c35c4658ba8a5a52f2769262656071966118c24c1de43ee146f7ca93501
experiments/2026-10-06_systematic_optimization/fits/8b46da369900_fold0_s101_e12/job.json,249,5ef6ab56992c8d9c4d1c011b5181274158444d76d46f8bfb543f2cbc04e2c971
experiments/2026-10-06_systematic_optimization/fits/8b46da369900_fold0_s101_e12/result.json,870,662893e1b3a28582205b0caaca6c04670e0c8a7d44408e210171f05f6596d98d
experiments/2026-10-06_systematic_optimization/fits/8b46da369900_fold1_s101_e12/history.json,6995,6aee8760857b31f0bbb09719812cd2f5253c66cf18c010ddb2baece93fb24b87
experiments/2026-10-06_systematic_optimization/fits/8b46da369900_fold1_s101_e12/job.json,249,7d3b8bcd8ce3afb289481bda549ebb5f08c0c166cf8a771dc0f3475f8f2b40c5
experiments/2026-10-06_systematic_optimization/fits/8b46da369900_fold1_s101_e12/result.json,872,75336139f6205d9156776d0a3c377afc48f6e9882c2e07ef6c3013c1c2aa5808
experiments/2026-10-06_systematic_optimization/fits/8b754989885b_fold0_s101_e12/history.json,6946,e54902455b19537fc24a9d7824a1180693aa7742cb6df8101bbccc1e272afef4
experiments/2026-10-06_systematic_optimization/fits/8b754989885b_fold0_s101_e12/job.json,249,426c31f7f53a8d6069da39772d6a7f382cc24e768667534c0709fd812149f7bc
experiments/2026-10-06_systematic_optimization/fits/8b754989885b_fold0_s101_e12/result.json,870,2dd7d157ac59bb8bd5eb53c1c80d24ade4fe527fa3acd16206a3be0e33c2782e
experiments/2026-10-06_systematic_optimization/fits/8b754989885b_fold1_s101_e12/history.json,6991,f5e840c51ef8148cd9cfb52469136cfe2513caf53bdf1c30496aa1dbd3894911
experiments/2026-10-06_systematic_optimization/fits/8b754989885b_fold1_s101_e12/job.json,249,0c1521ab348637a91d324e8f292903bab91431f2ce2b08c03609035c99774226
experiments/2026-10-06_systematic_optimization/fits/8b754989885b_fold1_s101_e12/result.json,873,fb932a708f37a0bf269f4df3b881c43e78c4c5630aba7777e22c66ed0566ce46
experiments/2026-10-06_systematic_optimization/fits/8b9de7e6f120_fold0_s101_e12/history.json,6933,ed822508339d702535d1b737e13bf398aa577609a96ff00526d86204a054fd06
experiments/2026-10-06_systematic_optimization/fits/8b9de7e6f120_fold0_s101_e12/job.json,243,8c475205692e1ea00baf75e0453c6851865ad2329a2990fe459d66f8c4e62279
experiments/2026-10-06_systematic_optimization/fits/8b9de7e6f120_fold0_s101_e12/result.json,865,68c75a786d7f3777b1a6d97ee42a37d2bd98797d9ae82c3b77708d05d5133022
experiments/2026-10-06_systematic_optimization/fits/8b9de7e6f120_fold1_s101_e12/history.json,6984,3d035f73c92b922faaae93d7788234ede19cdaf4ba0d0b4684cb2e308eb62ae3
experiments/2026-10-06_systematic_optimization/fits/8b9de7e6f120_fold1_s101_e12/job.json,243,a6036800713d430d9cc04ae9152c0c6d460894b248a4233e31544d13676880de
experiments/2026-10-06_systematic_optimization/fits/8b9de7e6f120_fold1_s101_e12/result.json,866,7832aa49dfdcde4ab4e2a27d5f5a073eac3523f279536bddd82c496467155081
experiments/2026-10-06_systematic_optimization/fits/8d183f67e086_fold0_s101_e12/history.json,6961,3dc3061d9f1f7a7de59650e522141e807389a919ea98c6767ac39c0baf8cc9e3
experiments/2026-10-06_systematic_optimization/fits/8d183f67e086_fold0_s101_e12/job.json,249,2cca198a4aed52e10d135846bb9a4c811e56708cf9b770de0c7dd454f78f81fd
experiments/2026-10-06_systematic_optimization/fits/8d183f67e086_fold0_s101_e12/result.json,872,9e518356924a3eb32cae03c0dd500f4307ea3c8853ba6fd1c231bcf96f0b7933
experiments/2026-10-06_systematic_optimization/fits/8d183f67e086_fold1_s101_e12/history.json,6996,699bd2a4988d77f8ce6b8f026ca73f76ca4bd4d27db89ccce0b0ca89adf7e945
experiments/2026-10-06_systematic_optimization/fits/8d183f67e086_fold1_s101_e12/job.json,249,3ac16faa7a23a0ed98795964639660a490850c18928dbe98bcac32ebd2f5a4c8
experiments/2026-10-06_systematic_optimization/fits/8d183f67e086_fold1_s101_e12/result.json,875,f439578bfd652a0bc5269956f8f6951e36b5630d1525b512cab3c508d33de8ed
experiments/2026-10-06_systematic_optimization/fits/8f22f994e200_fold0_s101_e12/history.json,6962,c49a2b2779dc6b5cc741eaa50884848dac4a5942d68b305dbfe6e8e6c499fb21
experiments/2026-10-06_systematic_optimization/fits/8f22f994e200_fold0_s101_e12/job.json,249,e4578dd4f50f54b398a36f859e98fa8372baed9a275cfdddd278f814f4ec250c
experiments/2026-10-06_systematic_optimization/fits/8f22f994e200_fold0_s101_e12/result.json,871,3449a16a33449592ea259e7b0ee55ca6b0f8f64dfdbc10ddf2c233cd0973b306
experiments/2026-10-06_systematic_optimization/fits/8f22f994e200_fold1_s101_e12/history.json,7001,945495ecaed8d1b2a3f13d9e95f8a70b1de184fb3a04130d9a02fbdfab2aca94
experiments/2026-10-06_systematic_optimization/fits/8f22f994e200_fold1_s101_e12/job.json,249,fc571b6bdbcdb5fa9a903d0c5a532ef517f927e26b79d5ba6e47c549712ad627
experiments/2026-10-06_systematic_optimization/fits/8f22f994e200_fold1_s101_e12/result.json,874,649b595dcb29968b1e022cbd06049aaeef1498e53698bdcd21c42df223879e14
experiments/2026-10-06_systematic_optimization/fits/8f53a55ea891_fold0_s101_e12/history.json,6947,4b227875aa00b5c8c51d9d760162d7ae0713ab1599abfa082c8c46c5e937ae38
experiments/2026-10-06_systematic_optimization/fits/8f53a55ea891_fold0_s101_e12/job.json,243,6b5501977d20f042c09bfbb19b2cd6acd4e16c6597cc5728eb6b7d5a739f91ec
experiments/2026-10-06_systematic_optimization/fits/8f53a55ea891_fold0_s101_e12/result.json,864,26459c96aa5ecd8840d964e2041b563b00cbec1eaaa3092e797848e794d214ba
experiments/2026-10-06_systematic_optimization/fits/8f53a55ea891_fold1_s101_e12/history.json,6988,1422eb0ba9e0938a52bd8daf6b0d375d45b495131e18fc01486c1d65e9585286
experiments/2026-10-06_systematic_optimization/fits/8f53a55ea891_fold1_s101_e12/job.json,243,3eebeea8474c2b41c45302f62253ece6ca840eff3e8049b26c982466ae72a1e7
experiments/2026-10-06_systematic_optimization/fits/8f53a55ea891_fold1_s101_e12/result.json,867,ae978cc7795818c3b12e6f4363503a53d85d86e3b70f04abb9cf6b8912e20922
experiments/2026-10-06_systematic_optimization/fits/90470f26f158_fold0_s101_e12/history.json,6942,34399b0351be1a0b0af44b36f19961d86a1afd5c588bc7c7594c6d6a671865c0
experiments/2026-10-06_systematic_optimization/fits/90470f26f158_fold0_s101_e12/job.json,243,370e72d4672c2c2c801a217560c4cbd8d60d0368acf2fa6c4e5da225450dc34c
experiments/2026-10-06_systematic_optimization/fits/90470f26f158_fold0_s101_e12/result.json,865,26a7955f19ad445d1921780149fcd33082091e93cc5d82f1ca0317347439304e
experiments/2026-10-06_systematic_optimization/fits/90470f26f158_fold1_s101_e12/history.json,7003,260061cf598af7041d2bc911ec46c9d8186afc8dcf1a7cfdffe60e0aabe35c11
experiments/2026-10-06_systematic_optimization/fits/90470f26f158_fold1_s101_e12/job.json,243,6aa3ffb961bfe98ecffdf56dbc174e43854eed80643ddcdf3eea8f0b4fb6e298
experiments/2026-10-06_systematic_optimization/fits/90470f26f158_fold1_s101_e12/result.json,870,fa19873f53100b4c4e3be797237e73e7e474164df4ac2abac4ebfd42044fdbd6
experiments/2026-10-06_systematic_optimization/fits/91442bd4090a_fold0_s102_e48/history.json,27520,e69e3435e1219c39a2a4a8af7424337930782edb47d0aad9067125b00f2dd49d
experiments/2026-10-06_systematic_optimization/fits/91442bd4090a_fold0_s102_e48/job.json,244,6d5f1084d66f97acc9a50edf9a96faeb81c17c7e544cdfae525206d81d2af72b
experiments/2026-10-06_systematic_optimization/fits/91442bd4090a_fold0_s102_e48/result.json,872,cc7da048bddb3754424ef9fff7443e92370e36742c955c094887e6d31b7d6109
experiments/2026-10-06_systematic_optimization/fits/91442bd4090a_fold0_s103_e48/history.json,27524,fd9bfa20a17b936f8eafac5daa6ed0868ca7daabc662c65b98a75cce8942c073
experiments/2026-10-06_systematic_optimization/fits/91442bd4090a_fold0_s103_e48/job.json,244,5974d7441275c7a59eb7cd045a90d31ca8976f7fd89939ea6b1324b624eda3a7
experiments/2026-10-06_systematic_optimization/fits/91442bd4090a_fold0_s103_e48/result.json,871,6d55d509e0589184fab8f6abfbc670ffd289f29ca33215a8626b077d0a4e3a49
experiments/2026-10-06_systematic_optimization/fits/91442bd4090a_fold1_s102_e48/history.json,27726,5548b46d51baa83bd5e718d41045c7bda85dd47d7c8235c5b9699b5b02b2f831
experiments/2026-10-06_systematic_optimization/fits/91442bd4090a_fold1_s102_e48/job.json,244,bd20c639197f4b2ecdca8e94bb6937b605e5af59bdc7f0386bfb090c9e950061
experiments/2026-10-06_systematic_optimization/fits/91442bd4090a_fold1_s102_e48/result.json,869,365efefb233632b38d83ebe0f37c896ead6d811a0374b86f75f2e0531fea3d13
experiments/2026-10-06_systematic_optimization/fits/91442bd4090a_fold1_s103_e48/history.json,27724,e2e261ef22cb780f337b225e895fd09b8a05b2dd7fa069347abf7f1ce494de36
experiments/2026-10-06_systematic_optimization/fits/91442bd4090a_fold1_s103_e48/job.json,244,7517e185db74785b10885cccd662ffe38123f41acf7b9b61c68b4bfb97c085e0
experiments/2026-10-06_systematic_optimization/fits/91442bd4090a_fold1_s103_e48/result.json,868,0b746c1bedd10321f92342368c244bccc9a8dfb82d6012a7eb5f1522cf5a8758
experiments/2026-10-06_systematic_optimization/fits/9395a520e31c_fold0_s101_e12/history.json,6930,16240a2b2a1e9e79c0913da4d81e85d1f7793a5af833f9807233dd08de57a6e1
experiments/2026-10-06_systematic_optimization/fits/9395a520e31c_fold0_s101_e12/job.json,243,886afb4b693486f0d9368dceeddf660049d4aa3a9435a07dd71c03f58d2790a4
experiments/2026-10-06_systematic_optimization/fits/9395a520e31c_fold0_s101_e12/result.json,866,690e20edbfbb91b5d26c9ce308978567a9d2029ad34a82f4342f7f8ca7885bb9
experiments/2026-10-06_systematic_optimization/fits/9395a520e31c_fold1_s101_e12/history.json,6977,7b21b282e622def834ce8941dc4d081b670350080ec1c857845da10df6d1fe02
experiments/2026-10-06_systematic_optimization/fits/9395a520e31c_fold1_s101_e12/job.json,243,6329ded9dec834ca3698dfdb97c64da228fec30d05bdbbb3f9982e83d10fbd63
experiments/2026-10-06_systematic_optimization/fits/9395a520e31c_fold1_s101_e12/result.json,865,523fd72e27283961d4b9645f08227511c30a8345ee2a339f6fa6755697b1a662
experiments/2026-10-06_systematic_optimization/fits/9541fc4a7885_fold0_s101_e12/history.json,6957,a1b4616fb13127d54a959717a8d92f453e6949ae1cbcef219ead01f87746e301
experiments/2026-10-06_systematic_optimization/fits/9541fc4a7885_fold0_s101_e12/job.json,249,eebe186f151c03dbceab023ef49fa61fa526bbf4284e209dce41f91c6fc1f017
experiments/2026-10-06_systematic_optimization/fits/9541fc4a7885_fold0_s101_e12/result.json,869,435bc41f729a0853ddf05311b7ef33c1946cf10a6e12838f0210657f34c3779c
experiments/2026-10-06_systematic_optimization/fits/9541fc4a7885_fold1_s101_e12/history.json,6993,35602c21a47acc7522ea434e04507f4c52592671bbba0f879e024902c834e983
experiments/2026-10-06_systematic_optimization/fits/9541fc4a7885_fold1_s101_e12/job.json,249,1bbab26c626f9a1f68dd3786b79c35aae19a8a5bd84eefe57f0f29e54869d186
experiments/2026-10-06_systematic_optimization/fits/9541fc4a7885_fold1_s101_e12/result.json,866,2b11b3d244d1c3ac80b4b91162af6cb858f16b96e270535bda14270613c9b217
experiments/2026-10-06_systematic_optimization/fits/9693e95041a8_fold0_s101_e12/history.json,6946,f01133bb7e00de12f0bde8615a7a04ec1f023252fef5aa8622e1c13a4b5d924e
experiments/2026-10-06_systematic_optimization/fits/9693e95041a8_fold0_s101_e12/job.json,243,48cfa4f8bf58f5f3b92cccac1deab3d95dcdd670b7c44d7f2df57f6ba77e8e9d
experiments/2026-10-06_systematic_optimization/fits/9693e95041a8_fold0_s101_e12/result.json,863,0969050bd8ba4d5984b19252a80fc8f8109118a18bda7c2b291f5f0a13821050
experiments/2026-10-06_systematic_optimization/fits/9693e95041a8_fold1_s101_e12/history.json,6998,ebefe9cbd5177ac048211992dfddb7945d18df8021cd1bafc7e5fa0cfe31bfa1
experiments/2026-10-06_systematic_optimization/fits/9693e95041a8_fold1_s101_e12/job.json,243,54aebe04072ac564fc525f165d35e023ef19404d98df5f3c5ffb5945fbaf472c
experiments/2026-10-06_systematic_optimization/fits/9693e95041a8_fold1_s101_e12/result.json,864,0ed3d5acec563700b4a4ee25eef190079cb469595e68821436c1ecaa24aaa9b7
experiments/2026-10-06_systematic_optimization/fits/98db0ec829e0_fold0_s101_e12/history.json,6948,56daf65dd3b01011a959c5c506c5348256b26e33d8b43c9404c5f45246945d49
experiments/2026-10-06_systematic_optimization/fits/98db0ec829e0_fold0_s101_e12/job.json,249,96931423110e8d39222fb2754b265e085d399cfa137660c8eaa835f4d8558d49
experiments/2026-10-06_systematic_optimization/fits/98db0ec829e0_fold0_s101_e12/result.json,870,93d72e6102181208304075e0402d2444250051738180dc8077c5087fde3ce195
experiments/2026-10-06_systematic_optimization/fits/98db0ec829e0_fold1_s101_e12/history.json,6983,c912cca4e444707358b7a28fe39a6b376332093bd8a92d2c90076fe42e3752cc
experiments/2026-10-06_systematic_optimization/fits/98db0ec829e0_fold1_s101_e12/job.json,249,888e730f25c9e17d208461b5a957c2b81fbdaa8a2a7a923659a1d3b9081d7faa
experiments/2026-10-06_systematic_optimization/fits/98db0ec829e0_fold1_s101_e12/result.json,874,eda210411aecd4918546c11608e9a8cd94628e8896da617c6c16d6bc213f84c8
experiments/2026-10-06_systematic_optimization/fits/9d3686f5a626_fold0_s102_e48/history.json,27641,26d38a75d35dc93601549591959348829bdfa310a3499ca5a87a6e948f073e84
experiments/2026-10-06_systematic_optimization/fits/9d3686f5a626_fold0_s102_e48/job.json,248,206703107fa4b2cbee95da2ccc851de48718e06f5105583d808d20fcbe555d7c
experiments/2026-10-06_systematic_optimization/fits/9d3686f5a626_fold0_s102_e48/result.json,875,24f2a4603473500ecf07d59146abac3eb461dc0a1fd7ac896c06c174f3b78a8f
experiments/2026-10-06_systematic_optimization/fits/9d3686f5a626_fold0_s103_e48/history.json,27640,cb8df9aa737f79791a3daaab63386aaf724544973941321b59d573b96bd44347
experiments/2026-10-06_systematic_optimization/fits/9d3686f5a626_fold0_s103_e48/job.json,248,cd578c6e71652ffb48d536a94f590b28fbc8960304b09f8daa3ab6788b6d26f0
experiments/2026-10-06_systematic_optimization/fits/9d3686f5a626_fold0_s103_e48/result.json,875,ecb5728e58a773fb887e181d7048d392163c7834eedd685c95deadb0b5e18712
experiments/2026-10-06_systematic_optimization/fits/9d3686f5a626_fold1_s102_e48/history.json,27789,2bef0f21e0f450dc67dc0a078895d2ef72bec673434198430b269f5b7fabe297
experiments/2026-10-06_systematic_optimization/fits/9d3686f5a626_fold1_s102_e48/job.json,248,d70d8322b18bde6ff8d5169bde4ff4a2149ba7e6486cf21c09fdf8d374f44c2d
experiments/2026-10-06_systematic_optimization/fits/9d3686f5a626_fold1_s102_e48/result.json,871,777d6e95e490e24d644e61f629032bd17d2e91abcafaeb600cb6fbc492b61269
experiments/2026-10-06_systematic_optimization/fits/9d3686f5a626_fold1_s103_e48/history.json,27775,c135815c694a8b956017a955b8365d5ef2ffc3926c0aace3c10ab9096b6e9101
experiments/2026-10-06_systematic_optimization/fits/9d3686f5a626_fold1_s103_e48/job.json,248,dc4f3461de74b43956970fa6cb725ea9f45e63384f01a09ef41b61ef150d3f1b
experiments/2026-10-06_systematic_optimization/fits/9d3686f5a626_fold1_s103_e48/result.json,873,fce080beca19ad2ee121114bc62163fdbefa3afeb3e0cca9ff186be379f559b8
experiments/2026-10-06_systematic_optimization/fits/a07a1854dbb0_fold0_s101_e12/history.json,6950,7efedde36896cfae22469b3356a7d92fe00a6b4f24724591dc964995267e502f
experiments/2026-10-06_systematic_optimization/fits/a07a1854dbb0_fold0_s101_e12/job.json,243,f59052400b202f507325ee374faf13c611f0ee704b94a42b4a0944337b6c6e45
experiments/2026-10-06_systematic_optimization/fits/a07a1854dbb0_fold0_s101_e12/result.json,863,1c036df94830fb186f30d5e31e3e97b247da6daa443223463c58a64e115929f1
experiments/2026-10-06_systematic_optimization/fits/a07a1854dbb0_fold1_s101_e12/history.json,6999,b07d5a0791f101008eaf18e7c88a350f3d271110c3c107456fdf175b648f2bc5
experiments/2026-10-06_systematic_optimization/fits/a07a1854dbb0_fold1_s101_e12/job.json,243,8ef90d1a617e0c5098c07df22e7debf91243a6689cac8e1324e3630c4ad8d465
experiments/2026-10-06_systematic_optimization/fits/a07a1854dbb0_fold1_s101_e12/result.json,868,34082ac073a96a9a85cab7ab27b0d798a7c5942c466d63b6b4afdcd8cd7f05b1
experiments/2026-10-06_systematic_optimization/fits/a0e79fd0df99_fold0_s101_e12/history.json,6954,3c05540fc6f9b43e8460bab2456b6431b90a91bbe50158cffda92e83291ffe00
experiments/2026-10-06_systematic_optimization/fits/a0e79fd0df99_fold0_s101_e12/job.json,249,1c8f65eaaa2a8d5fa2b615e5637b32368535dc516fc8d316964f5e8215586be7
experiments/2026-10-06_systematic_optimization/fits/a0e79fd0df99_fold0_s101_e12/result.json,874,7a337feaf8e1fed49cac9d5e7aa028ec8504fe729b09f2808f247b6a7fd055ff
experiments/2026-10-06_systematic_optimization/fits/a0e79fd0df99_fold1_s101_e12/history.json,6990,a4b6eacdb5deb1aa3458ad3e27dbc40c7bbe87f3205f1924cf8655270ea399b9
experiments/2026-10-06_systematic_optimization/fits/a0e79fd0df99_fold1_s101_e12/job.json,249,6f59a0b074a794ed268ba8aeef791ec8385148fcd02c476706390ed011c3b9ed
experiments/2026-10-06_systematic_optimization/fits/a0e79fd0df99_fold1_s101_e12/result.json,874,ceebc1e879769b24bec141e066bb8a7eee847d9008e2cb32b9dd24c43e941e5f
experiments/2026-10-06_systematic_optimization/fits/a277ad9d7c64_fold0_s101_e12/history.json,6947,0a60f219b94057e6c06976b5d19cb81a30dc5e5d9dc23ce19aefbe8809ef20dc
experiments/2026-10-06_systematic_optimization/fits/a277ad9d7c64_fold0_s101_e12/job.json,243,88a9ebc414639f8e0051c83f6a2ec3e0ec3abdd785a8a1fb736451053db157d0
experiments/2026-10-06_systematic_optimization/fits/a277ad9d7c64_fold0_s101_e12/result.json,864,4b2a0b74e2e86a8cd4ed668964d6d9ea71c534991614c52a862deda3495eaa20
experiments/2026-10-06_systematic_optimization/fits/a277ad9d7c64_fold1_s101_e12/history.json,6989,bf3c4383e6b184beae26ad8c31eb0244189d0501c64c3b1931d6603e683526fe
experiments/2026-10-06_systematic_optimization/fits/a277ad9d7c64_fold1_s101_e12/job.json,243,b76460b7e03546e9fbb8436d878f12a77d6e2e0d810136bcd337af005d630896
experiments/2026-10-06_systematic_optimization/fits/a277ad9d7c64_fold1_s101_e12/result.json,867,ac90e090ace7e5d6e1d1e6e33b804f99261277cc2471dcc6dfa080cc43a0a7f0
experiments/2026-10-06_systematic_optimization/fits/a3eada2001bf_fold0_s101_e12/history.json,6943,a4ccf33d58bbdfc39cec3a1b614e6998aee800e747ffa994ce0f347dd9107b8a
experiments/2026-10-06_systematic_optimization/fits/a3eada2001bf_fold0_s101_e12/job.json,249,c4995e2716e508b5972dc0c73c23274ca370101a8d5446025962d5c8d01f8744
experiments/2026-10-06_systematic_optimization/fits/a3eada2001bf_fold0_s101_e12/result.json,867,9703d87f2b1b4d3547457fd17437e139a3103033683a2295627758dc78d8c43a
experiments/2026-10-06_systematic_optimization/fits/a3eada2001bf_fold0_s102_e24/history.json,13789,787d31c97892ebf170a8467a0a8b96f9f2e587057c9699449b770eae85646818
experiments/2026-10-06_systematic_optimization/fits/a3eada2001bf_fold0_s102_e24/job.json,249,03e1b592eaa962c6c48bb2cf845481bd803972037f37b4f1432363f7339437f6
experiments/2026-10-06_systematic_optimization/fits/a3eada2001bf_fold0_s102_e24/result.json,876,4285d9645235eba832e1eb29530206deb3c7ba6bc92392d429d185033469b71a
experiments/2026-10-06_systematic_optimization/fits/a3eada2001bf_fold0_s103_e24/history.json,13791,e2f94bf22bc6500567de99a657846b449786525d9fc0f33901cce24ff712f436
experiments/2026-10-06_systematic_optimization/fits/a3eada2001bf_fold0_s103_e24/job.json,249,73885c762458c96862ad1d2d90a8f130eb5998abc7445bc3452b33d195408d59
experiments/2026-10-06_systematic_optimization/fits/a3eada2001bf_fold0_s103_e24/result.json,875,f772367d22d4c7fcaa9095503946be64037087fb554a3e21f4e5fa981b1c2437
experiments/2026-10-06_systematic_optimization/fits/a3eada2001bf_fold1_s101_e12/history.json,6979,3f5e1e7fdeb7684a8cb5a1fd290629802dd5537b9695a47d7b7210e627b90e89
experiments/2026-10-06_systematic_optimization/fits/a3eada2001bf_fold1_s101_e12/job.json,249,47ec2159963760ac1c74dcbe83b089496798daa5b66513aa4d8022a0202ba06c
experiments/2026-10-06_systematic_optimization/fits/a3eada2001bf_fold1_s101_e12/result.json,872,5be104b7c536fedb2abe44c0c5099d67e9a22cb3b929f2bb5c42947b62470e38
experiments/2026-10-06_systematic_optimization/fits/a3eada2001bf_fold1_s102_e24/history.json,13898,b7fa6938cc29e6480481662501f6cee86bea2d4214bbda09adb886fb87d03b61
experiments/2026-10-06_systematic_optimization/fits/a3eada2001bf_fold1_s102_e24/job.json,249,a5ea92b2da0a6691732ef5a5f2a27f10bce03bf650dea6da0af4c661b8a99ece
experiments/2026-10-06_systematic_optimization/fits/a3eada2001bf_fold1_s102_e24/result.json,874,27a439f39304db5dfa00a4a7b634e9960b1d501893365f831ec84de7a17c1674
experiments/2026-10-06_systematic_optimization/fits/a3eada2001bf_fold1_s103_e24/history.json,13896,7548cc0795da2b9ad2f13b9955b50523500dc7160771f5fe711108df6b58701d
experiments/2026-10-06_systematic_optimization/fits/a3eada2001bf_fold1_s103_e24/job.json,249,4ed9fcd16b69d1f9b9ae2f62251f29156e855e6c48a1329a88948f4bc93d4ea9
experiments/2026-10-06_systematic_optimization/fits/a3eada2001bf_fold1_s103_e24/result.json,875,140a17d1cf3a15ad77d62bd4df3c28b1a623fe6eadcc7defad5961398e0214ea
experiments/2026-10-06_systematic_optimization/fits/a3eada2001bf_full_s201_e24/history.json,13911,59a1d97353435f2e36291c4d66256127cb5c04251466bd0f3ded3a06f7b909ad
experiments/2026-10-06_systematic_optimization/fits/a3eada2001bf_full_s201_e24/job.json,248,7e383d37a59644efcae78bcef941ff997de301e23dc120497add26f8e5950d71
experiments/2026-10-06_systematic_optimization/fits/a3eada2001bf_full_s201_e24/result.json,874,d485d31adf4554cc409e59e010c9ce2d24656fe11ce16177789a888a3e187b69
experiments/2026-10-06_systematic_optimization/fits/a3eada2001bf_full_s202_e24/history.json,13913,2fd990640d469216367e9c0ab0118a559e04b608fbc0d9597460e620c1e6e52b
experiments/2026-10-06_systematic_optimization/fits/a3eada2001bf_full_s202_e24/job.json,248,35d4493c1dad0040a1111870ea397c7c3a42deae11f7424b687d20d7ea62e483
experiments/2026-10-06_systematic_optimization/fits/a3eada2001bf_full_s202_e24/result.json,875,da8b0fe1d6afceacbe83025f7c77cbbcfdd358229a8bad3c4d0f4142b28eeb63
experiments/2026-10-06_systematic_optimization/fits/a3eada2001bf_full_s203_e24/history.json,13917,41a1115e8d50f8e8dde629f6efbb939ebdd8ac26d002fa577248cb0bc08eb781
experiments/2026-10-06_systematic_optimization/fits/a3eada2001bf_full_s203_e24/job.json,248,2de3f6bdd31a1213eba2fa2eaf7f7e278a480e875f51f1cd7f3a1ea9de2fef25
experiments/2026-10-06_systematic_optimization/fits/a3eada2001bf_full_s203_e24/result.json,873,4345a9de6ef23eb231193c3a95e74cb4848d6d51b859c7b6092fc254e9a788a3
experiments/2026-10-06_systematic_optimization/fits/a3eada2001bf_full_s204_e24/history.json,13918,065c1f64da782fb198ff042c7fe0cc5f9b2bd3f3a3226e1a16c62bb8fa3cf8be
experiments/2026-10-06_systematic_optimization/fits/a3eada2001bf_full_s204_e24/job.json,248,a79760325ebc3302d4bdf69d41116274cac6239b7486efe40dc16f5023479e31
experiments/2026-10-06_systematic_optimization/fits/a3eada2001bf_full_s204_e24/result.json,875,5113a37dd70c8f881b92d0d77dc4f42e84134596f79f646370c1ffcf19fa9fda
experiments/2026-10-06_systematic_optimization/fits/a3eada2001bf_full_s205_e24/history.json,13917,6ee252beae1d9e403e7ea236e55cba3d1f19bc09d3063e12578eddb169cfa28c
experiments/2026-10-06_systematic_optimization/fits/a3eada2001bf_full_s205_e24/job.json,248,1299ca27402d0368a6f1de3252d28110c7a31840d4b61088b3f8ef719325b14a
experiments/2026-10-06_systematic_optimization/fits/a3eada2001bf_full_s205_e24/result.json,873,6a8e660137a3dfcc9d37bbfc9d56b8d0bab496fc7dea3a58efdaa9f712b73fa4
experiments/2026-10-06_systematic_optimization/fits/a3eada2001bf_full_s206_e24/history.json,13912,6fbc1b1a71a70c11873a7827f1da749f160853d4cdff6405761dd3d7a7df5eca
experiments/2026-10-06_systematic_optimization/fits/a3eada2001bf_full_s206_e24/job.json,248,e844c55ed7c38d72c201cb3d72a0fd2e09b91ed03dceb8f1ebc8777bfb377474
experiments/2026-10-06_systematic_optimization/fits/a3eada2001bf_full_s206_e24/result.json,876,e749b820a3331cf783c94d44dc0a3487f2de601f50de319d13b08d282285da61
experiments/2026-10-06_systematic_optimization/fits/a42109797dcd_fold0_s101_e12/history.json,6955,e26ab9113188fa0127840504fb4c38911cda1a6a03cec81ea38bc70bd43f2e35
experiments/2026-10-06_systematic_optimization/fits/a42109797dcd_fold0_s101_e12/job.json,249,4c655c7b6d9ecb4df2f8c7e76fef90b5eea58434ad76a4224460aef90f159032
experiments/2026-10-06_systematic_optimization/fits/a42109797dcd_fold0_s101_e12/result.json,868,b19a9ffee2019b7bcbaa5ee13f4d05b137634e349eaa00f58c0d9a2d00ef71e6
experiments/2026-10-06_systematic_optimization/fits/a42109797dcd_fold1_s101_e12/history.json,6999,92bb7b8f8285b76a764e3f69d2caeb294eb8ffb842c65e6942c4a8a43bc1590f
experiments/2026-10-06_systematic_optimization/fits/a42109797dcd_fold1_s101_e12/job.json,249,f7da460790a59f823f59ed27bd6710552432884020cc3d5cc58e87c82fd59595
experiments/2026-10-06_systematic_optimization/fits/a42109797dcd_fold1_s101_e12/result.json,876,984b3e72ded7b86007cd3e01d222c683d72e7922b75a6390473cf2017e5b7e74
experiments/2026-10-06_systematic_optimization/fits/a60d479e355b_fold0_s102_e48/history.json,27632,e5229b0588f06172bd34392ec629e34e3cc11d30b5c019168733ec56017afa7b
experiments/2026-10-06_systematic_optimization/fits/a60d479e355b_fold0_s102_e48/job.json,249,22557eab7af6e5ee4bf910f593f02dedc25e6ec3e69dcbb896be5e7288e564c1
experiments/2026-10-06_systematic_optimization/fits/a60d479e355b_fold0_s102_e48/result.json,876,eef229c168e6c94af14b4fc58ed48c6965b7bb30c39160f716562f3ac8e7f252
experiments/2026-10-06_systematic_optimization/fits/a60d479e355b_fold0_s103_e48/history.json,27601,9402c7c0d6b5a7af51cade7a550bdda0ec890d2b9245d90bdc19758e0810642e
experiments/2026-10-06_systematic_optimization/fits/a60d479e355b_fold0_s103_e48/job.json,249,5c6cebb9e44ec7ea7c60f425da2b5ded2740813ebf9a20c02a8d5acd381fc66b
experiments/2026-10-06_systematic_optimization/fits/a60d479e355b_fold0_s103_e48/result.json,876,b5aedbbe8bdcd96ed118ffe92d43e3e104f5b5b26363abf60add54849378f521
experiments/2026-10-06_systematic_optimization/fits/a60d479e355b_fold1_s102_e48/history.json,27777,d4daf07221576604586170fe18c9750575de02f202fa5e2e4463f0faaf2ccf58
experiments/2026-10-06_systematic_optimization/fits/a60d479e355b_fold1_s102_e48/job.json,249,84456ec254a0fab20c3ae0c9ca6c2ada5559d2b60854f40a2ba07c5efa1799ef
experiments/2026-10-06_systematic_optimization/fits/a60d479e355b_fold1_s102_e48/result.json,875,e967c261c5cac97b35681d9258a7f3848c04cd50cc6b2fa02f9f6d2a555418c1
experiments/2026-10-06_systematic_optimization/fits/a60d479e355b_fold1_s103_e48/history.json,27768,679ef0efc1107fea82a16cb2acd3033bc956348be548d8f869a85d3148c236ae
experiments/2026-10-06_systematic_optimization/fits/a60d479e355b_fold1_s103_e48/job.json,249,75a6da2f56b7615fae66eaa6ac6d4463f783815749e7c987d9bc50d9f71253c2
experiments/2026-10-06_systematic_optimization/fits/a60d479e355b_fold1_s103_e48/result.json,875,2257a086f73c2a639d92edb069e262bc50562d173f5976cdfadba9c4ca949e1d
experiments/2026-10-06_systematic_optimization/fits/a86436f4f418_fold0_s101_e12/history.json,6953,244a9be8ed12dc1fff6a4f19744588533ea55fdf82214ca500efa6adb421de51
experiments/2026-10-06_systematic_optimization/fits/a86436f4f418_fold0_s101_e12/job.json,249,eca4ca4c3aeb7afa8be42e20e14a810699465180bc6c867f12848715ddf52bb2
experiments/2026-10-06_systematic_optimization/fits/a86436f4f418_fold0_s101_e12/result.json,872,37a6ca4779bcb43ecb74e38f159899b7291bfa70c882c0305b55b27fae54b08b
experiments/2026-10-06_systematic_optimization/fits/a86436f4f418_fold1_s101_e12/history.json,6988,d7cedd0dedc03f55f9eaadc7cf49d9967545b30fd95bb1d842b75c3422c78d42
experiments/2026-10-06_systematic_optimization/fits/a86436f4f418_fold1_s101_e12/job.json,249,c832d1d5de9b4fe5124a4a89759a6a8f5461cb5476a692003f8c93cc2c2a0486
experiments/2026-10-06_systematic_optimization/fits/a86436f4f418_fold1_s101_e12/result.json,874,e31c332f37ff7c3ff33016ab6779e1dfa1088d0196e4aee7557d7270c35aa99c
experiments/2026-10-06_systematic_optimization/fits/a910cdca3329_fold0_s102_e48/history.json,27516,d92a6a00cdb5950b353feedcb1394fc7d0cc95831a68cf34ba0f21688e6d39ba
experiments/2026-10-06_systematic_optimization/fits/a910cdca3329_fold0_s102_e48/job.json,243,a4df9436ce1a004b089a0c5b704f1db41ec675697bb6ec18dc06b1df3cf1fb39
experiments/2026-10-06_systematic_optimization/fits/a910cdca3329_fold0_s102_e48/result.json,870,bbda87a95f9ad070deb2165a9fdf797f9782da616c5915c580f634ace89c38e3
experiments/2026-10-06_systematic_optimization/fits/a910cdca3329_fold0_s103_e48/history.json,27514,d14ef7262e0bcf041662d094419161bc04066b14c90ff4f3b3616aa6537b81e2
experiments/2026-10-06_systematic_optimization/fits/a910cdca3329_fold0_s103_e48/job.json,243,0a7612d89156600e83f71f58d6f4ec8f6bcd16d1a007ca08f5b7df6e3aaee551
experiments/2026-10-06_systematic_optimization/fits/a910cdca3329_fold0_s103_e48/result.json,867,c5d0bcac7b169fd457f8bbd6b3bcfd2ed117b4aec702f5d7d5ed59ddec6e8d36
experiments/2026-10-06_systematic_optimization/fits/a910cdca3329_fold1_s102_e48/history.json,27730,1adfe1aa15563888ff49b4ecf0093dd61f5a465ea789a6d916202b743d45a63a
experiments/2026-10-06_systematic_optimization/fits/a910cdca3329_fold1_s102_e48/job.json,243,5dab2f3cbca79ad3a9abad3635736a4309e101b946f3941deb652bef38d50cfe
experiments/2026-10-06_systematic_optimization/fits/a910cdca3329_fold1_s102_e48/result.json,869,0719dec6a0c40e732f2e303690badb745653468997bd7f45e61634ab4919dcaf
experiments/2026-10-06_systematic_optimization/fits/a910cdca3329_fold1_s103_e48/history.json,27725,f4d72cd3a8beb04adc5c3e551b33cb4d02a848b4c4c28142df07521ba64af1e8
experiments/2026-10-06_systematic_optimization/fits/a910cdca3329_fold1_s103_e48/job.json,243,d506895143ae6e2a030e2e79ddf6e0147906014a59ef3f4d708c78b9817d99ff
experiments/2026-10-06_systematic_optimization/fits/a910cdca3329_fold1_s103_e48/result.json,868,8bf36426d1b7fd32455b442921b879da8f6b2898c294d63068091505d3599e64
experiments/2026-10-06_systematic_optimization/fits/a92ba273cde3_fold0_s102_e48/history.json,27578,45cb7e24a2ad238b05bfc6b57a84e7cecf8a5f2c356b5ad2cf666346ab146df2
experiments/2026-10-06_systematic_optimization/fits/a92ba273cde3_fold0_s102_e48/job.json,249,f0f5a67c851e434c50bb9362c778ea86684c270a997c1372473581ce87ed71f2
experiments/2026-10-06_systematic_optimization/fits/a92ba273cde3_fold0_s102_e48/result.json,874,9fd1f86276ff2e5355b77a2fe064882a69f9f37afc9f0199f1711715792fccc3
experiments/2026-10-06_systematic_optimization/fits/a92ba273cde3_fold0_s103_e48/history.json,27599,cc715875f010a551d3666873b5a984a8b4584c3c79caa7a7352c88d933f28a6d
experiments/2026-10-06_systematic_optimization/fits/a92ba273cde3_fold0_s103_e48/job.json,249,27e1ea5719c950287d0609f94ee9939782b2e68da296e5a6793e0e8a05c5330b
experiments/2026-10-06_systematic_optimization/fits/a92ba273cde3_fold0_s103_e48/result.json,874,f0069256e9b31d4ad943cee22b37528a0c6d92ac6cf0fa223cce692737782aa4
experiments/2026-10-06_systematic_optimization/fits/a92ba273cde3_fold1_s102_e48/history.json,27766,1d3fee342b4c985523d8716f338948fb3a0ffb0a125ed4d4fdba74f51e47a67e
experiments/2026-10-06_systematic_optimization/fits/a92ba273cde3_fold1_s102_e48/job.json,249,d99273b97e36d762cc6406d1070ce89aa287e3ed6b4cefb6ff9b5e9316e15c68
experiments/2026-10-06_systematic_optimization/fits/a92ba273cde3_fold1_s102_e48/result.json,878,cf877a969c9da46bccf20675f5c94464a9b4d657a94b9906f7883a779966f4d4
experiments/2026-10-06_systematic_optimization/fits/a92ba273cde3_fold1_s103_e48/history.json,27758,31db45609cbb9d4a7154b0cea63be6c254c8debb503007a5dce2b146c887ebe8
experiments/2026-10-06_systematic_optimization/fits/a92ba273cde3_fold1_s103_e48/job.json,249,cc56ccd0c60234e049b0c637662a61c669a842710579b1910e5ccee51d8b8c61
experiments/2026-10-06_systematic_optimization/fits/a92ba273cde3_fold1_s103_e48/result.json,876,46757454a4691060d0a1782f4eaddf1c37721ab107ce7392b48806842c74e6c8
experiments/2026-10-06_systematic_optimization/fits/aa56eb6468b3_fold0_s101_e12/history.json,6949,81dbb250933fff54d50db4bca507514658064043d2f1b131e9ec03db0d4e8877
experiments/2026-10-06_systematic_optimization/fits/aa56eb6468b3_fold0_s101_e12/job.json,243,cbaf2cfc7aeb75bed8000c02b65e8149ae0d8058ccfe2966cdaaea4846d67933
experiments/2026-10-06_systematic_optimization/fits/aa56eb6468b3_fold0_s101_e12/result.json,865,d83dd98cb4a55d54e92c512a6be74e42843da752034f0fa949ebc4c2b3f36198
experiments/2026-10-06_systematic_optimization/fits/aa56eb6468b3_fold1_s101_e12/history.json,7010,2137b4dcd3ec31941be080406d4f621c6a4abe2370c8551d2d1c0908eb68748a
experiments/2026-10-06_systematic_optimization/fits/aa56eb6468b3_fold1_s101_e12/job.json,243,ef191bb8d6431da4c272ab222a7474ea5f188a8a0f22cca9d05fac8a34018627
experiments/2026-10-06_systematic_optimization/fits/aa56eb6468b3_fold1_s101_e12/result.json,867,f31921495bf007f716af1e11367c6ce7c130460c97a6c1cc6a7d4e6bf8860ce6
experiments/2026-10-06_systematic_optimization/fits/af4f0d794691_fold0_s102_e48/history.json,27679,c959ff5878313c512e80248ee8b81dfff2c2e51313c204a9e404ccfbac802e41
experiments/2026-10-06_systematic_optimization/fits/af4f0d794691_fold0_s102_e48/job.json,250,4a7440ba07c99dc797d3e65035510c0ae1f0ade14728c9da04f160b27ae71340
experiments/2026-10-06_systematic_optimization/fits/af4f0d794691_fold0_s102_e48/result.json,877,f3ae9d58e57a65a74066f5701602589df80666583ab8f3d2739f09039c31f69d
experiments/2026-10-06_systematic_optimization/fits/af4f0d794691_fold0_s103_e48/history.json,27679,edb6c2f85c9bc2f963c220f7003c89749cb82cea45441d551aa8cec795b83421
experiments/2026-10-06_systematic_optimization/fits/af4f0d794691_fold0_s103_e48/job.json,250,d18dc1f375143cbf404af9f5b1a1013c66db948d2164ecdd8766962026ac3553
experiments/2026-10-06_systematic_optimization/fits/af4f0d794691_fold0_s103_e48/result.json,878,c0fd9cba0a123263eed33c2751f76673a2a1bb8c48957d42cde875b434cca004
experiments/2026-10-06_systematic_optimization/fits/af4f0d794691_fold1_s102_e48/history.json,27864,82b7f9288cef2789c2c8f86b36486a011f4eaa152de59033bc84aa076ad58b97
experiments/2026-10-06_systematic_optimization/fits/af4f0d794691_fold1_s102_e48/job.json,250,9484fcca592ef872aa1b3bf279084ebffc0e23b57b474a3630863e06a2a02e17
experiments/2026-10-06_systematic_optimization/fits/af4f0d794691_fold1_s102_e48/result.json,880,4d43d2778db8c3b26384e56b4c60be022e76d013e5c8a4a91d18c9e3141efd42
experiments/2026-10-06_systematic_optimization/fits/af4f0d794691_fold1_s103_e48/history.json,27853,012363dcaaf0d7217f623e8e27ce4201dcd42dfcb7da9348f2417805e8638414
experiments/2026-10-06_systematic_optimization/fits/af4f0d794691_fold1_s103_e48/job.json,250,d9a025b00f388bf6423af86a1b351b87878fdc8ae3ba3d10591cc066f7c29a90
experiments/2026-10-06_systematic_optimization/fits/af4f0d794691_fold1_s103_e48/result.json,875,389571c35e208bcade36a960fe6c54295d38c18d011aef07ff7ce3cd217ff9b9
experiments/2026-10-06_systematic_optimization/fits/b1e0a1b0b285_fold0_s102_e48/history.json,27643,f813968c2380aac948fdaa31d0824e8999888a2940828a6c8a939a9d0ae6d10b
experiments/2026-10-06_systematic_optimization/fits/b1e0a1b0b285_fold0_s102_e48/job.json,244,74d1ef60727a88965245d3cdd63d2bc0f2598bfa5f2749f81306221cda07aa9d
experiments/2026-10-06_systematic_optimization/fits/b1e0a1b0b285_fold0_s102_e48/result.json,872,880a9e72275e205284661e4afb086a7b6d21ae18c248a2d798e341437134099b
experiments/2026-10-06_systematic_optimization/fits/b1e0a1b0b285_fold0_s103_e48/history.json,27640,8834f7e0c3da99a13c9383608d266f7cbe9b0157b1daa6129bdacb81d89f9198
experiments/2026-10-06_systematic_optimization/fits/b1e0a1b0b285_fold0_s103_e48/job.json,244,b855050b38bcc32e0709db21dc092d1121373cca4c57afbd5ee345552fbea90f
experiments/2026-10-06_systematic_optimization/fits/b1e0a1b0b285_fold0_s103_e48/result.json,870,920bafd1ffee6015e5caa973d069eb8dcb8201d130cfecca79b712d4d5bc24a3
experiments/2026-10-06_systematic_optimization/fits/b1e0a1b0b285_fold1_s102_e48/history.json,27800,c9aea4887c5b333f327c14a2696bfff0e9273a4bd71134f0d84dcb5fcafd1153
experiments/2026-10-06_systematic_optimization/fits/b1e0a1b0b285_fold1_s102_e48/job.json,244,27c10d5647d853843cb57be44212d2c0120c99c3b5c2803e527d5f961ef804f5
experiments/2026-10-06_systematic_optimization/fits/b1e0a1b0b285_fold1_s102_e48/result.json,870,547f93a1f7acd46f043f9d70cb34e4879330d2a63cd0724227eb21b6c71a878c
experiments/2026-10-06_systematic_optimization/fits/b1e0a1b0b285_fold1_s103_e48/history.json,27809,5130ee04fc8676c5d212edd7408cdf10b151a47220883ba9ac76d0652f454251
experiments/2026-10-06_systematic_optimization/fits/b1e0a1b0b285_fold1_s103_e48/job.json,244,941be5c698477ad3fba1758fda9542663187527b0a748385b8ed305d5177edaa
experiments/2026-10-06_systematic_optimization/fits/b1e0a1b0b285_fold1_s103_e48/result.json,870,984318524b4b11fe46c26f7bcd5bb277cfdeb6c2aa3a755269a9feacfa86ee46
experiments/2026-10-06_systematic_optimization/fits/b7fbe0931877_fold0_s101_e12/history.json,6943,bc3fb02cf538fa972fceee440b8c5981f1c5abbf7102ba26e91798464f2da494
experiments/2026-10-06_systematic_optimization/fits/b7fbe0931877_fold0_s101_e12/job.json,249,b370b0d4a1003a23a8c8e984b033e38499606295c9d80c6deabe19596e81e261
experiments/2026-10-06_systematic_optimization/fits/b7fbe0931877_fold0_s101_e12/result.json,871,8dabc08e60b9c8f0b716a1dda79596db47dc26dabe883cf90f1bdcbfca306752
experiments/2026-10-06_systematic_optimization/fits/b7fbe0931877_fold1_s101_e12/history.json,6985,80289c2727ef885972a4924968ed215b266fa9fe48bfcb728e9f46cb81b8c3f8
experiments/2026-10-06_systematic_optimization/fits/b7fbe0931877_fold1_s101_e12/job.json,249,ba63fa42f1c441833f61cc1d20c1e1c013853b4a12e08f29f9419f336ba82257
experiments/2026-10-06_systematic_optimization/fits/b7fbe0931877_fold1_s101_e12/result.json,866,da3c8c5e8f7349fe23eb60f46d5f08435884e01c4517e99b2829387d452a4770
experiments/2026-10-06_systematic_optimization/fits/b86452299c81_fold0_s101_e12/history.json,6942,cc5d48259eb18a9f35677cc5a66c80c2c2df1264d2eba22d3693e6fc30ff24f5
experiments/2026-10-06_systematic_optimization/fits/b86452299c81_fold0_s101_e12/job.json,243,73218beda38648a1a595e1b9dd8efae387ee7409ec92e56f23f1d578895543c6
experiments/2026-10-06_systematic_optimization/fits/b86452299c81_fold0_s101_e12/result.json,864,a543b3595254cf3027c33d1e8f800a04d3cb08eb93eac29549a405ade7711942
experiments/2026-10-06_systematic_optimization/fits/b86452299c81_fold1_s101_e12/history.json,6980,97340e2861290601fd75c33949cb7ef56b5689976a7fc9a56b64154c20e7d67f
experiments/2026-10-06_systematic_optimization/fits/b86452299c81_fold1_s101_e12/job.json,243,edf7eeffdcdefeb7a0f12d0d056967b6800585a5039ee0ade42ce5038a9e1f65
experiments/2026-10-06_systematic_optimization/fits/b86452299c81_fold1_s101_e12/result.json,866,5d28edbc9f63c03150de17e38ca2a0f73edd29b645e86ee05d9ccb9f12941150
experiments/2026-10-06_systematic_optimization/fits/ba962a6d4fb5_fold0_s101_e12/history.json,6950,e075fd5998635fb3573153f1cececeb6ba110928446f731a0401438f184b0e2b
experiments/2026-10-06_systematic_optimization/fits/ba962a6d4fb5_fold0_s101_e12/job.json,243,cca805897d6362eecfd3efe3d8ef602a0efbbc43194182dc11aa5e4614aa4558
experiments/2026-10-06_systematic_optimization/fits/ba962a6d4fb5_fold0_s101_e12/result.json,865,c4e87d73f4235abf4e935e662c49550ce4144e17672c853c8b3604e58a63a05a
experiments/2026-10-06_systematic_optimization/fits/ba962a6d4fb5_fold1_s101_e12/history.json,6990,e04fa7c24cac0174b22fc013a03d6bbd23a209ea2e51f8a2add475f69cae2e94
experiments/2026-10-06_systematic_optimization/fits/ba962a6d4fb5_fold1_s101_e12/job.json,243,387665b246f4f05c0c7174731da2ac20356bbd2aea3fdb442937b07a53e00615
experiments/2026-10-06_systematic_optimization/fits/ba962a6d4fb5_fold1_s101_e12/result.json,867,834d8380dfb4b8424cba7ddd30f8c2ce3983928f4914dec589c2b620460e6573
experiments/2026-10-06_systematic_optimization/fits/bae7cc521d40_fold0_s101_e12/history.json,6948,28736e142434452399bb30a528225ad7482af4db5545ade4ac92e89cd7aa0695
experiments/2026-10-06_systematic_optimization/fits/bae7cc521d40_fold0_s101_e12/job.json,249,1aa0f55e141afb1aa7b83772b266a215e7ccc46b6f51c521cde3561ed6d0fad0
experiments/2026-10-06_systematic_optimization/fits/bae7cc521d40_fold0_s101_e12/result.json,869,81d9a295c3ebcb4298eb97b88272ab358c80c24da3a988a6fc150d8883e2dfca
experiments/2026-10-06_systematic_optimization/fits/bae7cc521d40_fold1_s101_e12/history.json,6998,8ca48b7d0bc4199822ad18bdfc7c3dea6d07238e72364dc46edc3fa7b5bf1e4f
experiments/2026-10-06_systematic_optimization/fits/bae7cc521d40_fold1_s101_e12/job.json,249,5d1b1526b3dd4c9319928b11d643dfe93e9b84c5ca26a8ab30eb7311d0bdec49
experiments/2026-10-06_systematic_optimization/fits/bae7cc521d40_fold1_s101_e12/result.json,874,107f0d0e1d5c860ce0b14524fddf000a4d452d0a4e2c2c10962f8513d3e4261e
experiments/2026-10-06_systematic_optimization/fits/bb390ad232f7_fold0_s101_e12/history.json,6945,1fbed869e1def8db9d61a347b02f8c7b9f9efa21295ee89a01900f86142cdef4
experiments/2026-10-06_systematic_optimization/fits/bb390ad232f7_fold0_s101_e12/job.json,249,89a154b2dfed27eef65a0fbdfdfcf50d7f278b8d3f0b30188de34cbd433e1d73
experiments/2026-10-06_systematic_optimization/fits/bb390ad232f7_fold0_s101_e12/result.json,872,98c04ccb136fc524da92774cc933b4c81b56931f20cc1c020c8d3b2f07f884e2
experiments/2026-10-06_systematic_optimization/fits/bb390ad232f7_fold1_s101_e12/history.json,6980,8778391c5c51a0748fde9540ffe048b7772d4ee252148cee7b7802d9a41e1454
experiments/2026-10-06_systematic_optimization/fits/bb390ad232f7_fold1_s101_e12/job.json,249,9e063a7e61a5bf8e39e2fd519c79d4eaf7818cd69533ae0e35db563ce4a86482
experiments/2026-10-06_systematic_optimization/fits/bb390ad232f7_fold1_s101_e12/result.json,872,a3f3f22825e6d0840365bce8cd35e3b475c7ca316820ace46ec94feeb0dc7443
experiments/2026-10-06_systematic_optimization/fits/becb8f0d556a_fold0_s101_e12/history.json,6954,8413a05eff8c71a5b4f4f5e3924d7d8930e8f2a4393dff090ed86cfa971e3745
experiments/2026-10-06_systematic_optimization/fits/becb8f0d556a_fold0_s101_e12/job.json,243,9b8f02a5a2fedd057b0fec4d29fe1dfec47766153c528851ed7692e71755b3c5
experiments/2026-10-06_systematic_optimization/fits/becb8f0d556a_fold0_s101_e12/result.json,866,d26a7a9124c5917599ca1baaacab5bfd62541f18580a05e27120148a9be26691
experiments/2026-10-06_systematic_optimization/fits/becb8f0d556a_fold1_s101_e12/history.json,6978,826f10d01ca73a58884d75d9a9ffe14cdc95e99ce91e2d28ee3727ed2a499fb3
experiments/2026-10-06_systematic_optimization/fits/becb8f0d556a_fold1_s101_e12/job.json,243,ba956e63bbb2271a2c135da4366891737b984306e9942358f6d58dc767dd1d5b
experiments/2026-10-06_systematic_optimization/fits/becb8f0d556a_fold1_s101_e12/result.json,865,0f11487a2cf84128c5220e0f3dd41cabc58657de5ae696698687d92e03f32c12
experiments/2026-10-06_systematic_optimization/fits/c05c8f5ccc7b_fold0_s101_e12/history.json,6946,a1a0dd591c9502766a334a156f980335882bcbe288543bb116d599772f9b4734
experiments/2026-10-06_systematic_optimization/fits/c05c8f5ccc7b_fold0_s101_e12/job.json,243,6975f717b96f4dba35c660ea2563ccd07336441b1a138ade326d935f8f7031d3
experiments/2026-10-06_systematic_optimization/fits/c05c8f5ccc7b_fold0_s101_e12/result.json,863,1088b6bc9d05530c75640f35b9cf4eda915134668d562925af09838fcb537726
experiments/2026-10-06_systematic_optimization/fits/c05c8f5ccc7b_fold1_s101_e12/history.json,6992,f92f8ea1cdccc56e74a90518359bc418fa05b0088715c67c4aac9c6b445ba4e7
experiments/2026-10-06_systematic_optimization/fits/c05c8f5ccc7b_fold1_s101_e12/job.json,243,bf5f025145a88f0fc8372c5f04e58f6822ba72a1c647a26a9e928d31ccd37bcd
experiments/2026-10-06_systematic_optimization/fits/c05c8f5ccc7b_fold1_s101_e12/result.json,865,8274b7615ccc6ee0867db36710dc777d51bd742c219f1d4131fcebe507bb96bf
experiments/2026-10-06_systematic_optimization/fits/c0c0eca7ce5f_fold0_s101_e12/history.json,6938,6bb14d450ffa2076d62b7ca45a3d53420152493d4cf1205f09ffa54afb9b441a
experiments/2026-10-06_systematic_optimization/fits/c0c0eca7ce5f_fold0_s101_e12/job.json,243,4551ccb256a48f08f3348d088d90a37c71fdd34401658c4fe25f4c323ecf7d34
experiments/2026-10-06_systematic_optimization/fits/c0c0eca7ce5f_fold0_s101_e12/result.json,864,cbc3ee8e416b98dd48a40c2b6d6386cbb6011d8c62d2e24fc8667b8769b301fc
experiments/2026-10-06_systematic_optimization/fits/c0c0eca7ce5f_fold1_s101_e12/history.json,6985,472bc1238e2b62fe01c6fa9dd13568129de996b1545b3ad919a7ab54c3da6cf4
experiments/2026-10-06_systematic_optimization/fits/c0c0eca7ce5f_fold1_s101_e12/job.json,243,e358c3c46749ba0807913079622c6571d9ecaa371c2eeb36896202c08a2580ae
experiments/2026-10-06_systematic_optimization/fits/c0c0eca7ce5f_fold1_s101_e12/result.json,865,d192cf7767a6e0654eaba1be906e8a7b0c7eb1b580c8087680c728fdf6b532b0
experiments/2026-10-06_systematic_optimization/fits/c2e34da77aad_fold0_s101_e12/history.json,6947,c79e0d01840503cf5fef6f0f97347855d27ebbdf0f9c479436b006640e8329bb
experiments/2026-10-06_systematic_optimization/fits/c2e34da77aad_fold0_s101_e12/job.json,249,acc625efdf00db8387d7ce2f9dc0ed3a04e65a400f72e51e25f3849302a2a27a
experiments/2026-10-06_systematic_optimization/fits/c2e34da77aad_fold0_s101_e12/result.json,872,5bd0ec08add3edf98c696a7b6d5fc114ad1262f2ca47bd6fa3c27a06b3c82f72
experiments/2026-10-06_systematic_optimization/fits/c2e34da77aad_fold1_s101_e12/history.json,6980,d4c801ffd43852a4b8f77b2d3bc2067414771fd3c6751210ca1aec9c0a54696c
experiments/2026-10-06_systematic_optimization/fits/c2e34da77aad_fold1_s101_e12/job.json,249,cf050d212877bb33c3cc971e59479102c37a726c1fb5770e431a9e22b614d179
experiments/2026-10-06_systematic_optimization/fits/c2e34da77aad_fold1_s101_e12/result.json,874,94327987319b50286511dd5824954ab85975d9cf8e2bebeca39e6ed13a010106
experiments/2026-10-06_systematic_optimization/fits/c44d6ed82173_fold0_s101_e12/history.json,6954,2021f0d94f07282f06635b9cf30dd3f7291c16df26dfa340f7bcf65883786713
experiments/2026-10-06_systematic_optimization/fits/c44d6ed82173_fold0_s101_e12/job.json,243,6ee081af234913ec4666da1718bbe4085eb5747edc7dfeeaf4659195cac1026a
experiments/2026-10-06_systematic_optimization/fits/c44d6ed82173_fold0_s101_e12/result.json,867,b1e83faa145425d1d8b76dd0df35116bacc1d5f1a862215cffd1aa86870d11b9
experiments/2026-10-06_systematic_optimization/fits/c44d6ed82173_fold1_s101_e12/history.json,6998,a198197ed76d542cc23f83df400291c6d9ba96e543960ae5ed4f7042fa56b219
experiments/2026-10-06_systematic_optimization/fits/c44d6ed82173_fold1_s101_e12/job.json,243,3fcf47ba728c82e9037d2f8a946d549f8edf08bc5a3785e43a1e7291876011c3
experiments/2026-10-06_systematic_optimization/fits/c44d6ed82173_fold1_s101_e12/result.json,867,c97e375e2dabd1d8326c0aeed6ab25f2f1026f68f992b8ea11d7224e6e7947e5
experiments/2026-10-06_systematic_optimization/fits/c489ef5038cc_fold0_s101_e12/history.json,6962,c3199f61b8476403c1db162b3f86bf18bb53d172bd8aaacfccbb7a6cdb672c18
experiments/2026-10-06_systematic_optimization/fits/c489ef5038cc_fold0_s101_e12/job.json,243,969de877c26138760130b274b7f7acd492daa4b143084fe8050863346e2c01a1
experiments/2026-10-06_systematic_optimization/fits/c489ef5038cc_fold0_s101_e12/result.json,864,f9a35bce1ab538dc034b33daa64aa52a3b699e384f47b52e1bdb0a8354c33991
experiments/2026-10-06_systematic_optimization/fits/c489ef5038cc_fold1_s101_e12/history.json,7001,a13d5bd688b972d3436380d882f38a41c7b0db1c7334aa74c1c8ed4e18b588d1
experiments/2026-10-06_systematic_optimization/fits/c489ef5038cc_fold1_s101_e12/job.json,243,c4d19a781b3cd8c1380778a3322bba4ec040d73165aab6fc9dc736f9a377088f
experiments/2026-10-06_systematic_optimization/fits/c489ef5038cc_fold1_s101_e12/result.json,867,46b0f9b99d8f41f0c1150dfa651d695062bcf8bf7e387fa7a50e3df319d12fcc
experiments/2026-10-06_systematic_optimization/fits/c4ab7fbcbc5f_fold0_s101_e12/history.json,6959,a89f8885c215d63e75d397d38253d7fa5640a3ba209b615d3a2f1ea4a1800d28
experiments/2026-10-06_systematic_optimization/fits/c4ab7fbcbc5f_fold0_s101_e12/job.json,249,5c6f570475ed14cf02b93c939ad072515a26c219c3978bae386777bb23232764
experiments/2026-10-06_systematic_optimization/fits/c4ab7fbcbc5f_fold0_s101_e12/result.json,872,c863966aec39cc70d57d1e064c75a648149b88e2c9ce258aff9aba3adc00738a
experiments/2026-10-06_systematic_optimization/fits/c4ab7fbcbc5f_fold1_s101_e12/history.json,7001,e8022626b7d5ebb0d0ccc4d507fe7864ac313e821c661125f708ce8a9a9e5df4
experiments/2026-10-06_systematic_optimization/fits/c4ab7fbcbc5f_fold1_s101_e12/job.json,249,667fbf01e9ac056d93995e41604cf2c23df4151f3442a6c3aa94ea2ddf34ad28
experiments/2026-10-06_systematic_optimization/fits/c4ab7fbcbc5f_fold1_s101_e12/result.json,875,ad15df7cf7047310adba3fb3f8c2427e952ca16f3626efffa57ddcf820302656
experiments/2026-10-06_systematic_optimization/fits/c86c0086e94d_fold0_s102_e48/history.json,27281,472dfaa3dceb2813c226af29a64da4eae58d79a360938f45a5326b6e568c5fcb
experiments/2026-10-06_systematic_optimization/fits/c86c0086e94d_fold0_s102_e48/job.json,250,0071a659836d8f7c2904f17cef83389acc9c793edf3079f3a7554b8383c08465
experiments/2026-10-06_systematic_optimization/fits/c86c0086e94d_fold0_s102_e48/result.json,876,fed90eb4ab8a7af6100a8fa5c46433e34c779d5986988bcd2b0cdf5927746c5d
experiments/2026-10-06_systematic_optimization/fits/c86c0086e94d_fold0_s103_e48/history.json,27239,f4f980b4f924e2c229e645518b9e07112013e9035eceb8cac20293c1eae6a3fb
experiments/2026-10-06_systematic_optimization/fits/c86c0086e94d_fold0_s103_e48/job.json,250,f28b3c42b7ac9c9e13cda0f57481bfeb1f1fcfa56a6f9bffc2c663f7ce38a193
experiments/2026-10-06_systematic_optimization/fits/c86c0086e94d_fold0_s103_e48/result.json,875,b5e393842dd5b2aaf5e109e00e7b8bb482d9e5b72987d50a74dac79f8a64a12a
experiments/2026-10-06_systematic_optimization/fits/c86c0086e94d_fold1_s102_e48/history.json,27384,e1000154f4df6344b33ac33560131cea1713eb9f0ec3d2073abd4691cc6991dd
experiments/2026-10-06_systematic_optimization/fits/c86c0086e94d_fold1_s102_e48/job.json,250,1b35d3340e0c64f9efcca8dda389980a546a30183d3e4402bbf135e899bfbca2
experiments/2026-10-06_systematic_optimization/fits/c86c0086e94d_fold1_s102_e48/result.json,870,4d5b110e78b08c9a09a765021fb8b4448cedf1123688f70c7ab63185a608943b
experiments/2026-10-06_systematic_optimization/fits/c86c0086e94d_fold1_s103_e48/history.json,27414,97d9aa49720fdeab4454e74c05fc02079fbcddfc873f3bdf9fa932aee7a12e71
experiments/2026-10-06_systematic_optimization/fits/c86c0086e94d_fold1_s103_e48/job.json,250,fbb56bbe268ca59b7b4fdf7573d92ec9a229f7d56fabc663b790a656aa69ff34
experiments/2026-10-06_systematic_optimization/fits/c86c0086e94d_fold1_s103_e48/result.json,875,148811fac1a8e218dd4d1ef63a7c894b9a1672a566fb4ab58529d7b26fbdf1a2
experiments/2026-10-06_systematic_optimization/fits/cb083c3967c1_fold0_s101_e12/history.json,6952,bfc6c23e72b4efaeb9100baba650ce153b61cfd70456668f15f826b189e2fd33
experiments/2026-10-06_systematic_optimization/fits/cb083c3967c1_fold0_s101_e12/job.json,249,a7f74f8a8197434ca5feb71db2556bfa6682e01c80b186447d7f2334e1cf9c42
experiments/2026-10-06_systematic_optimization/fits/cb083c3967c1_fold0_s101_e12/result.json,871,fbf8afebbb63002d018506a25126191c21d1cc27526736e45e1cb78e62dce0a2
experiments/2026-10-06_systematic_optimization/fits/cb083c3967c1_fold1_s101_e12/history.json,6984,0dcf92d5d96aaed62b0ad6c404b69003e64b90a6d9dad90c1ba89660882c90c2
experiments/2026-10-06_systematic_optimization/fits/cb083c3967c1_fold1_s101_e12/job.json,249,02f0239012589b3be1307b23859ff680cf88052ae7d0a98bc2e7bf1a0c80e065
experiments/2026-10-06_systematic_optimization/fits/cb083c3967c1_fold1_s101_e12/result.json,875,2a94e5c43febf477450b93a3b2ade75c6dc1df476787960bc000462c1917c7c7
experiments/2026-10-06_systematic_optimization/fits/cc376bed1743_fold0_s101_e12/history.json,6934,e74ec9b0e1fa6728046686d1303b6ae457f42d82567b01fa50636c310f96ea66
experiments/2026-10-06_systematic_optimization/fits/cc376bed1743_fold0_s101_e12/job.json,249,7d9d34609edd26249ecee124ea2a93058032f424604397957dae1c016d53f9df
experiments/2026-10-06_systematic_optimization/fits/cc376bed1743_fold0_s101_e12/result.json,868,b8b6177246ca5d043bca767e195a064a6f56a96e344eb8894945167495ec6a5c
experiments/2026-10-06_systematic_optimization/fits/cc376bed1743_fold1_s101_e12/history.json,6980,5230af731416be2b75d4a1f4db1d4a1c0462aacf5e577f6d56daeeebaa0de1bc
experiments/2026-10-06_systematic_optimization/fits/cc376bed1743_fold1_s101_e12/job.json,249,1690d3c222ea7ee5b2f787bfbe6af72bd2d541ceaf22848744e77aecec63c072
experiments/2026-10-06_systematic_optimization/fits/cc376bed1743_fold1_s101_e12/result.json,872,11a2961490f62a2909cd9314d72c5a4f2599ca1e0c9990778b8b5ba3ed191ce2
experiments/2026-10-06_systematic_optimization/fits/cc82add68d8c_fold0_s102_e48/history.json,27649,d1b357889aa20682645cbdfbf443ee39c50d4de4623f2327153fed888ad5e1dd
experiments/2026-10-06_systematic_optimization/fits/cc82add68d8c_fold0_s102_e48/job.json,248,162e4bc52e23684ca14b044ad5c0ed5658ec263437941fa2fe7865c024176c23
experiments/2026-10-06_systematic_optimization/fits/cc82add68d8c_fold0_s102_e48/result.json,875,7672a7d2f1f87428df9e80e72dcbead7b5037fa00df707ab15f969cc596270a8
experiments/2026-10-06_systematic_optimization/fits/cc82add68d8c_fold0_s103_e48/history.json,27685,36b636f9d69598b395d16f477e65a5cc7e7e080895925ce32fa53639afb4bd5f
experiments/2026-10-06_systematic_optimization/fits/cc82add68d8c_fold0_s103_e48/job.json,248,86ebc7322d8b92e8650fef8a08076e4e58471364810c582ffd72b8cd56462f80
experiments/2026-10-06_systematic_optimization/fits/cc82add68d8c_fold0_s103_e48/result.json,876,f8861e650637f02a73109fdac1c9a8bbc0a1825118f7d168c9c640e9fec8912b
experiments/2026-10-06_systematic_optimization/fits/cc82add68d8c_fold1_s102_e48/history.json,27805,23e4ba189484fc7d257e4be7889d377475320f96e4e6dc94060b1c5e66f5bd0e
experiments/2026-10-06_systematic_optimization/fits/cc82add68d8c_fold1_s102_e48/job.json,248,03d7195c96700b0abde42839a26ecadbd9b210cade23a4b6d289d2d8fc7a6fbd
experiments/2026-10-06_systematic_optimization/fits/cc82add68d8c_fold1_s102_e48/result.json,870,1c5da92e2e9edca8cd48d44bccd6fdb8d3f3f7509b7bb74cdef8d32d28208f0d
experiments/2026-10-06_systematic_optimization/fits/cc82add68d8c_fold1_s103_e48/history.json,27800,3b91010880aaa696b035e0cbd7f6b04d788df60f8ea826d3722d0948d92a6deb
experiments/2026-10-06_systematic_optimization/fits/cc82add68d8c_fold1_s103_e48/job.json,248,95342f8e61efaf241ac494aadc683f411bd61747949b085e1cd1c4d1d972972b
experiments/2026-10-06_systematic_optimization/fits/cc82add68d8c_fold1_s103_e48/result.json,872,5e164e43f0d8c4a52831f50e9fd2596728ce4b20e6ef675cd8de803a279354d6
experiments/2026-10-06_systematic_optimization/fits/ccb99e7e1b39_fold0_s101_e12/history.json,6935,bae7cf2783b1c4301dd99572103c47a8cf1f58d7f76e7ed5cbbdbd1e5d8552d3
experiments/2026-10-06_systematic_optimization/fits/ccb99e7e1b39_fold0_s101_e12/job.json,249,c5c5b361f9e3a701c2de1a5af2bd40a39e2896b2517a1689cdf35bcb5d060538
experiments/2026-10-06_systematic_optimization/fits/ccb99e7e1b39_fold0_s101_e12/result.json,871,55b2bde9e4a84b1ba659d4e32c5d17a860e8660def0b6a0fb8b732f9a447ea30
experiments/2026-10-06_systematic_optimization/fits/ccb99e7e1b39_fold1_s101_e12/history.json,6983,e1abd6087e3ef5d62581bc34caf2a8604febab5306c7bd6fd44a5dbf2de2b7b0
experiments/2026-10-06_systematic_optimization/fits/ccb99e7e1b39_fold1_s101_e12/job.json,249,8563ccdcbb01b2e7a6c1ed6cf60975001a108eef364bc2738649d9e756b6b9a7
experiments/2026-10-06_systematic_optimization/fits/ccb99e7e1b39_fold1_s101_e12/result.json,872,d5c5f42bd7cbf43f693e710366a169dda8df7b6cd4ed72fd1d3fdace18b47a52
experiments/2026-10-06_systematic_optimization/fits/ce6317ab6d4f_fold0_s102_e48/history.json,27604,c55056ef19b0e421fc9ae27d9e0db6fba3a72eaa22dc957fb9f4ca8802226f62
experiments/2026-10-06_systematic_optimization/fits/ce6317ab6d4f_fold0_s102_e48/job.json,243,77d4b2d3b035f99ba68b57cc335a5606e6040ff516fcd82a4e4c78496d93a635
experiments/2026-10-06_systematic_optimization/fits/ce6317ab6d4f_fold0_s102_e48/result.json,869,cd144f2f53333998f05e8c01a69d0d9edf1485130051744b3031fa9ddd466186
experiments/2026-10-06_systematic_optimization/fits/ce6317ab6d4f_fold0_s103_e48/history.json,27619,3c9ec23f867fe1aa98fe7b43f2a47883df7e496c36603f8734ef41fd3462c951
experiments/2026-10-06_systematic_optimization/fits/ce6317ab6d4f_fold0_s103_e48/job.json,243,ad2eceb625eb52cb7c5b8d9073918b09ee468958db62c00acf988507a9907d34
experiments/2026-10-06_systematic_optimization/fits/ce6317ab6d4f_fold0_s103_e48/result.json,870,964f699abe910dd3da7a3c07e1752011b9a4487b37e1bc9bf4c105959960b134
experiments/2026-10-06_systematic_optimization/fits/ce6317ab6d4f_fold1_s102_e48/history.json,27758,f76905d9ac125042cf03dd32d5acdf6f31d3bcba5bfcdf2fcd9ff94557b1159d
experiments/2026-10-06_systematic_optimization/fits/ce6317ab6d4f_fold1_s102_e48/job.json,243,b08e26098e1c11d9c5d14893138dc2eba3b96c932567a2ecd2c5ce6f9c7f3350
experiments/2026-10-06_systematic_optimization/fits/ce6317ab6d4f_fold1_s102_e48/result.json,862,8a49c28776a2a1e0f56509b1386fe4bda74ca43edb706fae8cec942d455e00c4
experiments/2026-10-06_systematic_optimization/fits/ce6317ab6d4f_fold1_s103_e48/history.json,27759,838425db53a54a98f4e2e9b3f53dd12eb75c5d0ee8ebc51b7cdd273f7dd99a61
experiments/2026-10-06_systematic_optimization/fits/ce6317ab6d4f_fold1_s103_e48/job.json,243,2a6332401337da1af4a51d93de679f705976d80e307b9721b466375c9543dfa1
experiments/2026-10-06_systematic_optimization/fits/ce6317ab6d4f_fold1_s103_e48/result.json,869,2cec23670aea9043baf0eb965b0f81f33b053425bd05517da1bf3c8674c65ad2
experiments/2026-10-06_systematic_optimization/fits/cf4f4c37918f_fold0_s101_e12/history.json,6950,68c2f9b9cdb1de822361a1dd97ff164cd3fe26f6dc5c58d526a44047c9ea65ed
experiments/2026-10-06_systematic_optimization/fits/cf4f4c37918f_fold0_s101_e12/job.json,243,3d705eadc775e704be8c98d5d32b972767575ddb04e22afd494c6377d7b09e1f
experiments/2026-10-06_systematic_optimization/fits/cf4f4c37918f_fold0_s101_e12/result.json,865,8f902ea12d7cefbd845f05764012e0221736e710fb82a25fa50c70dd8b07fc39
experiments/2026-10-06_systematic_optimization/fits/cf4f4c37918f_fold1_s101_e12/history.json,6996,de9304d512b589a22877e3eed96c31d8753b944858a9618277d5101a6406e339
experiments/2026-10-06_systematic_optimization/fits/cf4f4c37918f_fold1_s101_e12/job.json,243,6d3067129a973bbc8cc7a42aaf64a34ab03329da35ac1963e939490209709165
experiments/2026-10-06_systematic_optimization/fits/cf4f4c37918f_fold1_s101_e12/result.json,869,d64f80c9f971ab7f1bdd6caf09c3c1c54adf0f608618579aefed09a5f457da75
experiments/2026-10-06_systematic_optimization/fits/cf58a2426d68_fold0_s102_e48/history.json,27651,910c245be56720f61fde0f2ce29aec4c48a65d8651307272fcaf481524068748
experiments/2026-10-06_systematic_optimization/fits/cf58a2426d68_fold0_s102_e48/job.json,243,f0d650311e7464ca07d5894fbd14f4def24025e79b999dd7f2c732acfa0e5ec8
experiments/2026-10-06_systematic_optimization/fits/cf58a2426d68_fold0_s102_e48/result.json,870,6a07eed7e1617093d9fa747098ed24b2505a268016a5b8d71298809a00c87478
experiments/2026-10-06_systematic_optimization/fits/cf58a2426d68_fold0_s103_e48/history.json,27646,e955da143a38ff3b8b53c16d679d3bc442bd452faa2dbe3b9a6712a397038be7
experiments/2026-10-06_systematic_optimization/fits/cf58a2426d68_fold0_s103_e48/job.json,243,3f052e8f9fea713b782cf027e45b7fc73d05c991717386c6a150f72535e919c8
experiments/2026-10-06_systematic_optimization/fits/cf58a2426d68_fold0_s103_e48/result.json,872,2f93b0e6ed0384ce02c5022f848eba68a70919c0258cfda53e25ebdd8101b0cc
experiments/2026-10-06_systematic_optimization/fits/cf58a2426d68_fold1_s102_e48/history.json,27784,cc671cf85c19c665aa5ff24136f490fa8f3e6d3847837778615f1a2a43de6c61
experiments/2026-10-06_systematic_optimization/fits/cf58a2426d68_fold1_s102_e48/job.json,243,0dc944973e6ae7513f79898c026128332e75694c978620a312636be3af68f7f8
experiments/2026-10-06_systematic_optimization/fits/cf58a2426d68_fold1_s102_e48/result.json,870,d2f222f10619fe810bc0ce5ad6cb5393002ee59e6b247649a50e51b4c4add4e0
experiments/2026-10-06_systematic_optimization/fits/cf58a2426d68_fold1_s103_e48/history.json,27783,190cdfb6b589226c7de328fd9227906f9936765a2647c709218e82a83121c55c
experiments/2026-10-06_systematic_optimization/fits/cf58a2426d68_fold1_s103_e48/job.json,243,d9fc55af74fe34edcbe6b583e96a9edcc5d3e77ea16fe53fd0a99cebb30be449
experiments/2026-10-06_systematic_optimization/fits/cf58a2426d68_fold1_s103_e48/result.json,867,ed2b4a1da8e3aaf53b7492c63d95de53c98d6d892d97b73fe4cf20882adf1c1e
experiments/2026-10-06_systematic_optimization/fits/cf58a2426d68_full_s201_e48/history.json,27845,86259a24a152ec1e655670f7ea2914553943351a1f64f8b19a037f6a97a19f1d
experiments/2026-10-06_systematic_optimization/fits/cf58a2426d68_full_s201_e48/job.json,242,ccd96753b1fd4d873edd90b1317212bd587f3dd36f88270e232fa4aadef09c27
experiments/2026-10-06_systematic_optimization/fits/cf58a2426d68_full_s201_e48/result.json,871,113d859431b9916cab7727aa56794caf1235696af9adbfba83bfbb95521b5a54
experiments/2026-10-06_systematic_optimization/fits/cf58a2426d68_full_s202_e48/history.json,27829,6da3bc8c9de240ece4afe14a83d88e5e0b99cff9f40a5a96871d4fed635dbc37
experiments/2026-10-06_systematic_optimization/fits/cf58a2426d68_full_s202_e48/job.json,242,985cdc7303d4f815deff8f85bea695a940c2207c674cc1010662dd9c0218fac9
experiments/2026-10-06_systematic_optimization/fits/cf58a2426d68_full_s202_e48/result.json,870,7fbdb4abc97f1f52dbdb3e5155d85e22f32932533ed0e008a4eb22c2d92b4dc7
experiments/2026-10-06_systematic_optimization/fits/cf58a2426d68_full_s203_e48/history.json,27837,882209427aa96ab0d571df23c58b775b48ff5d42bd0cd7e87b093e077c5938d9
experiments/2026-10-06_systematic_optimization/fits/cf58a2426d68_full_s203_e48/job.json,242,5d6c06bece30f0fafe25f8679274174ee03f131cab978e545a2c8aea65c64310
experiments/2026-10-06_systematic_optimization/fits/cf58a2426d68_full_s203_e48/result.json,871,02594f3857f52546fe280a3c24dc78a267d9f3af325bee47f8118698edae8c07
experiments/2026-10-06_systematic_optimization/fits/cf58a2426d68_full_s204_e48/history.json,27831,b75534d6f5228a7e12aad18dc46cd6686bb8918962b19c9db9d7e25d86ee3bac
experiments/2026-10-06_systematic_optimization/fits/cf58a2426d68_full_s204_e48/job.json,242,899ddb231cf722c3825e9439566cac4b1aa7c3b8058fed21413704b16f1e965c
experiments/2026-10-06_systematic_optimization/fits/cf58a2426d68_full_s204_e48/result.json,870,2a2f2fbec2b4297f50402c0119191055d7a9586bdc90a33a2e9cf4897772b80e
experiments/2026-10-06_systematic_optimization/fits/cf58a2426d68_full_s205_e48/history.json,27823,b9929d7837fb4382b59e366f56437a9188052cd9725d424127686278c698ba90
experiments/2026-10-06_systematic_optimization/fits/cf58a2426d68_full_s205_e48/job.json,242,30215e014adbbd6f5fd8b3f2c1679ff47af10096a66d8688dd3d021e1050d471
experiments/2026-10-06_systematic_optimization/fits/cf58a2426d68_full_s205_e48/result.json,863,cce9bc348155c273331c2de2a985718abe71dabdb594f23c43c36d496f316a16
experiments/2026-10-06_systematic_optimization/fits/cf58a2426d68_full_s206_e48/history.json,27833,de4cab229cff396e1d28b3ec96ef850631ca381b3216706a10f74821f1d457c6
experiments/2026-10-06_systematic_optimization/fits/cf58a2426d68_full_s206_e48/job.json,242,8d4c09f3ca1b603705ee6ec6bbc3c14f3b9d033829a37bace563da0858114cf6
experiments/2026-10-06_systematic_optimization/fits/cf58a2426d68_full_s206_e48/result.json,870,ec4c96f3fcc7f2e3a0c48eef564c778d5cc23911d7febb4d431fe071990f1503
experiments/2026-10-06_systematic_optimization/fits/cf73fa305e1b_fold0_s102_e48/history.json,27692,f7da4e2843f60037140a5cad73d00cb2df4aa9b2cd059ef42a63f310330e42c8
experiments/2026-10-06_systematic_optimization/fits/cf73fa305e1b_fold0_s102_e48/job.json,249,27cadd7604f7408a95df495515d4d733031afc8f4deb8bb6beeaad82888accd0
experiments/2026-10-06_systematic_optimization/fits/cf73fa305e1b_fold0_s102_e48/result.json,875,1f3104ad85157cdd719bda94c48f382c99468a1919fcde1d7f645481d4a4c196
experiments/2026-10-06_systematic_optimization/fits/cf73fa305e1b_fold0_s103_e48/history.json,27704,b8e8e868a465e22dd027bbc41a59f698efa1bb9f56770bb0380c830c9dfdb12b
experiments/2026-10-06_systematic_optimization/fits/cf73fa305e1b_fold0_s103_e48/job.json,249,e488bd4548a0f4f67b8705fe90ab452e4175c6c5ed10a4e4147b2d6b746cb072
experiments/2026-10-06_systematic_optimization/fits/cf73fa305e1b_fold0_s103_e48/result.json,877,c12cb3bfd006c801afbb0ec50be85bf1100b587a731a5d670833a7c688a3808f
experiments/2026-10-06_systematic_optimization/fits/cf73fa305e1b_fold1_s102_e48/history.json,27817,837cf27055bc59bee7d4e756502f41098239cf8b9373434880361a91ae26091c
experiments/2026-10-06_systematic_optimization/fits/cf73fa305e1b_fold1_s102_e48/job.json,249,7d7c14b2eba9664b6a098f0500f2a6b49763fb1c041b62cdac2f22d8091ef7f5
experiments/2026-10-06_systematic_optimization/fits/cf73fa305e1b_fold1_s102_e48/result.json,877,2c0cf7bb2ca942cb209a6755f00e7c418241539017ac507947947c82737c379f
experiments/2026-10-06_systematic_optimization/fits/cf73fa305e1b_fold1_s103_e48/history.json,27795,92847ffee8cfdce0c6113873bb9e5e0cadbfe5726b00df8fda5d81ae83e6e1db
experiments/2026-10-06_systematic_optimization/fits/cf73fa305e1b_fold1_s103_e48/job.json,249,5bb2adc6fe4c00e68d0ec819d005e4862e27de941ac1006391871471df456746
experiments/2026-10-06_systematic_optimization/fits/cf73fa305e1b_fold1_s103_e48/result.json,869,c03e8e7183d78e2398acf485af119a619d1b84f943740f7e9b75198146e81243
experiments/2026-10-06_systematic_optimization/fits/cf74b2b6e8bb_fold0_s101_e12/history.json,6950,c037d754e3f5f85acb4f1df6a830266a54a434bc68dfef046c5c739e20f5bca5
experiments/2026-10-06_systematic_optimization/fits/cf74b2b6e8bb_fold0_s101_e12/job.json,249,d3bddf0f73224fc5e1f5bdcd1303176cb221b6c9696166f969fba500231c0b96
experiments/2026-10-06_systematic_optimization/fits/cf74b2b6e8bb_fold0_s101_e12/result.json,870,518c4cfa429c58b7f57a9b100e614b793c981f2c0bb995ed1ebebbaa7706aa9b
experiments/2026-10-06_systematic_optimization/fits/cf74b2b6e8bb_fold1_s101_e12/history.json,7002,19b20a3b7c2e322dec07293e75d83ff066a690d12f78aac2f4db1747eba8f0ff
experiments/2026-10-06_systematic_optimization/fits/cf74b2b6e8bb_fold1_s101_e12/job.json,249,2cf36a7fe2690b002f8d7daf88f8daf2c187723c144d2c00a3300e1f80358351
experiments/2026-10-06_systematic_optimization/fits/cf74b2b6e8bb_fold1_s101_e12/result.json,874,e9e6599d88936f8a4160c67bef0529b6259bac3f0c9fd92c7588fd6ed4c66a63
experiments/2026-10-06_systematic_optimization/fits/d14fb1026deb_fold0_s101_e12/history.json,6948,46ae56741c7cd429cb2bd805751082138ff82218a649e9411ec5bd8957bf428a
experiments/2026-10-06_systematic_optimization/fits/d14fb1026deb_fold0_s101_e12/job.json,243,e1ecf1bc498501c4a4a15491e8980afe9a6e6374b4c820ea3dcc7497ade474d7
experiments/2026-10-06_systematic_optimization/fits/d14fb1026deb_fold0_s101_e12/result.json,863,a2525af8868ce72e8b6b27e6c5643c3904b4bfbaed23af7b6bf7c2b0e9ee84a2
experiments/2026-10-06_systematic_optimization/fits/d14fb1026deb_fold1_s101_e12/history.json,6976,5c9c7fc963e36c4a78802c03d4c4c34d470bbad5d677b98ecc4158134fd73c2b
experiments/2026-10-06_systematic_optimization/fits/d14fb1026deb_fold1_s101_e12/job.json,243,eb3d361ee11cf549c402c3442db6676d18bd8a8377e1375983982ac65a7f8ab8
experiments/2026-10-06_systematic_optimization/fits/d14fb1026deb_fold1_s101_e12/result.json,867,d882f273168d22bdfd7b4b5725fdb5f53dfabaa4ebc29517b68008aff70625c0
experiments/2026-10-06_systematic_optimization/fits/d42c2271a6d9_fold0_s102_e48/history.json,27285,4b77b454191721b56ec7b2adb62bdfee40cf80a2e6fba315418e45ff8df5b471
experiments/2026-10-06_systematic_optimization/fits/d42c2271a6d9_fold0_s102_e48/job.json,250,e2e9e21d01f131426eba525c8d2aa1d9196d2eb826c3f897b82e53f98e082b6d
experiments/2026-10-06_systematic_optimization/fits/d42c2271a6d9_fold0_s102_e48/result.json,877,fe1d722e085276eb766058e2bd5d42a15e0b24253746bd1228ac884a4fb30849
experiments/2026-10-06_systematic_optimization/fits/d42c2271a6d9_fold0_s103_e48/history.json,27244,06aa3737c36dc7acd66357228fa067fbe03d142b7130bfca583995bd2ba46444
experiments/2026-10-06_systematic_optimization/fits/d42c2271a6d9_fold0_s103_e48/job.json,250,6f65bc18388d253f36aade128755585bd0ac9e251b215e5241756e3d4dd68cc9
experiments/2026-10-06_systematic_optimization/fits/d42c2271a6d9_fold0_s103_e48/result.json,875,ab3e2a982f8c79be2c739213d3e61079e1dec5fe9a9cd0c010555ceffcd65a77
experiments/2026-10-06_systematic_optimization/fits/d42c2271a6d9_fold1_s102_e48/history.json,27408,0ca709654b4c8c6cde625f8e7e0b184c18d283c925032dc090a1e659f259e5e0
experiments/2026-10-06_systematic_optimization/fits/d42c2271a6d9_fold1_s102_e48/job.json,250,415dbccbb830548e5c788a6490ad315c4fd269b1f2bb6901453112132f240b4a
experiments/2026-10-06_systematic_optimization/fits/d42c2271a6d9_fold1_s102_e48/result.json,874,29b533152d88f49c7164c912e6a4a0da8c02a01ba0766517dc75b70ade8d7d9a
experiments/2026-10-06_systematic_optimization/fits/d42c2271a6d9_fold1_s103_e48/history.json,27418,a031549d358fc09193fb4b64af3928ae27bbcac83dc6cd5be7d763e6ffba8347
experiments/2026-10-06_systematic_optimization/fits/d42c2271a6d9_fold1_s103_e48/job.json,250,76a464701661fea19038ddd004ff43dd87092096512d6396d12e6d6adfaab6a2
experiments/2026-10-06_systematic_optimization/fits/d42c2271a6d9_fold1_s103_e48/result.json,875,0c3b4126f6fa2410bcd06cdc588d7460a09c783228030fd18007c2395989ef42
experiments/2026-10-06_systematic_optimization/fits/d6a1d77549de_fold0_s101_e12/history.json,6950,4edfb3afe5023294fe3bc5b52c6ff175337fcb05119e6bf1d812f2996e67dc9c
experiments/2026-10-06_systematic_optimization/fits/d6a1d77549de_fold0_s101_e12/job.json,243,3e5aed1503655926377516b597addc98780d03b7f47b92102a162d501f7f9186
experiments/2026-10-06_systematic_optimization/fits/d6a1d77549de_fold0_s101_e12/result.json,861,bef9a60e488343718f692c764b61fc888f04c1fde33e7776119b6df50a70c5c1
experiments/2026-10-06_systematic_optimization/fits/d6a1d77549de_fold1_s101_e12/history.json,7003,93af680bede05967203654d11f713d26f8f84aba7947152fc1741d17315061be
experiments/2026-10-06_systematic_optimization/fits/d6a1d77549de_fold1_s101_e12/job.json,243,8d66eafba51055e6cb15553e94eccf1d91048107ab08a7e98767ac4aa9895db3
experiments/2026-10-06_systematic_optimization/fits/d6a1d77549de_fold1_s101_e12/result.json,867,945c196a4f12c1bbb81282c01625d9a1530c64e8261e29401be7d86c6c3fe794
experiments/2026-10-06_systematic_optimization/fits/d79620fe0d39_fold0_s102_e48/history.json,27651,bee465786cc80010610e8eca842514ed65174459bed514b17e50adb3b6f4877e
experiments/2026-10-06_systematic_optimization/fits/d79620fe0d39_fold0_s102_e48/job.json,243,06c580cf4309643e99c3f99a642f21db5c6dcb9d49ec259d91da5ddf813346a1
experiments/2026-10-06_systematic_optimization/fits/d79620fe0d39_fold0_s102_e48/result.json,870,dbe4317b15521a5b9abaf147f7f06c9ab359daccab66bf757fd7aff677899466
experiments/2026-10-06_systematic_optimization/fits/d79620fe0d39_fold0_s103_e48/history.json,27643,50ee7556cd226144f37b532c0db74dd3fa6a03bb70d8a6558609c87997c9aef2
experiments/2026-10-06_systematic_optimization/fits/d79620fe0d39_fold0_s103_e48/job.json,243,ebdffc6a340cc0001d8dd186ee45348d4a9dbb57470802cb12a9350ff2f42e8c
experiments/2026-10-06_systematic_optimization/fits/d79620fe0d39_fold0_s103_e48/result.json,869,274ca720ae8a08beebc42e063775589f001a972709659e72fc49792357e38c0a
experiments/2026-10-06_systematic_optimization/fits/d79620fe0d39_fold1_s102_e48/history.json,27818,f98d7dc0257a696c0dacba513a09703c253a0222efb525a5cf6c8be62458e4cc
experiments/2026-10-06_systematic_optimization/fits/d79620fe0d39_fold1_s102_e48/job.json,243,51dc4e32b623a972bf37ed71365a126c1b0f7792a49283eaaa402e689f3cfbdb
experiments/2026-10-06_systematic_optimization/fits/d79620fe0d39_fold1_s102_e48/result.json,869,eb09e0753c92a108eb9986045ebe3be81d7e9d26f887e3c1faa8f4ecc5df2ea4
experiments/2026-10-06_systematic_optimization/fits/d79620fe0d39_fold1_s103_e48/history.json,27807,5736fa12a36b44758f1056237e4ea19dd93e0eb6fb8747ccdb63651c2a7ccb91
experiments/2026-10-06_systematic_optimization/fits/d79620fe0d39_fold1_s103_e48/job.json,243,73e1f9fc87f040294e03283289f8cebaaeaac22f82f6f1320e169f433049b465
experiments/2026-10-06_systematic_optimization/fits/d79620fe0d39_fold1_s103_e48/result.json,867,2f57e4cb16f29022109d36cdc9f15e6cd2c67e3fca31c2cbb0a5aca73e739ece
experiments/2026-10-06_systematic_optimization/fits/d8864c32d3f0_fold0_s101_e12/history.json,6951,1e86c32060e56bf9505ac575db8fb4fa1ab92ec587f63ae08a86b643346c71bb
experiments/2026-10-06_systematic_optimization/fits/d8864c32d3f0_fold0_s101_e12/job.json,243,f4553983cbf0c80f463fe6033ef48bf0f81fd14457aa9627374c149a6a23b7fb
experiments/2026-10-06_systematic_optimization/fits/d8864c32d3f0_fold0_s101_e12/result.json,866,30a9b61f3a8e0c0b1094d1f38353bf0a85566972d6f80db70d5a533fcffc5439
experiments/2026-10-06_systematic_optimization/fits/d8864c32d3f0_fold1_s101_e12/history.json,6983,7badbcb4d58c1b87f21fa054553c96098bcc287197b9aa5846f2485537457136
experiments/2026-10-06_systematic_optimization/fits/d8864c32d3f0_fold1_s101_e12/job.json,243,f5a6a1c43c3435344ba85fab4ce02d2580d69194757042d5d90474f3c75f9926
experiments/2026-10-06_systematic_optimization/fits/d8864c32d3f0_fold1_s101_e12/result.json,867,b5503539976a58152b527390d10bd4a9b8e93ad0e24ea4e371c0ddcfe3a375bd
experiments/2026-10-06_systematic_optimization/fits/d8b955032c9f_fold0_s101_e12/history.json,6953,e66b557228ac0f71fd3613501a97fdfc815fc9be58e8d3a97e9fa66dc388dc74
experiments/2026-10-06_systematic_optimization/fits/d8b955032c9f_fold0_s101_e12/job.json,243,e9a62439cea607d9003b7f419f559bf19397c562bb053200b3a24152928f10d6
experiments/2026-10-06_systematic_optimization/fits/d8b955032c9f_fold0_s101_e12/result.json,867,8c5d182f24ac8e7e529fef8585035d1dffa3ff8aec20ebcac043819005611dac
experiments/2026-10-06_systematic_optimization/fits/d8b955032c9f_fold1_s101_e12/history.json,6986,21e81802f567af8a2543d2cecf3651e1be27da4d588aeceaab651fb6fcaf37e9
experiments/2026-10-06_systematic_optimization/fits/d8b955032c9f_fold1_s101_e12/job.json,243,8e6694c0ccd044ad18c8ef22f4ee69901adf7e857ff2f9b337f09cc48c7f4e1a
experiments/2026-10-06_systematic_optimization/fits/d8b955032c9f_fold1_s101_e12/result.json,866,4e9373d1d55878a65a58fd5a04e905c10805dc66f40df5fccfdcf613332c8b6d
experiments/2026-10-06_systematic_optimization/fits/dac5256c7bde_fold0_s102_e48/history.json,27703,df9981e9440ca4269996fff1d28be76d77fb300a330e527fb54b80fede8c3cdf
experiments/2026-10-06_systematic_optimization/fits/dac5256c7bde_fold0_s102_e48/job.json,243,03f24d55bd947a9ea2f150f02f144cc5af588d144b44e105eb290bb7fffd7aac
experiments/2026-10-06_systematic_optimization/fits/dac5256c7bde_fold0_s102_e48/result.json,871,aa67ae004baccc1c9ea65603c215deeba453ab58fddd1e92351c078ddf3c39a2
experiments/2026-10-06_systematic_optimization/fits/dac5256c7bde_fold0_s103_e48/history.json,27658,3b339466109ec665de59f3f3befbeb51c200361b9ca8d360cdc6bb7f4bc440aa
experiments/2026-10-06_systematic_optimization/fits/dac5256c7bde_fold0_s103_e48/job.json,243,d59fd990845e6475e1a4493db86b489deb4d984f4cb29141b438bfc4dcaa3418
experiments/2026-10-06_systematic_optimization/fits/dac5256c7bde_fold0_s103_e48/result.json,872,3cf9080c79a9fd1fc37c0e21cb5ae2b78a5e0f2d0ca51c43144a3bc5b9c8b9b7
experiments/2026-10-06_systematic_optimization/fits/dac5256c7bde_fold1_s102_e48/history.json,27845,6fd2759afbf54a03a7723c1e89cf7bfcb374acebf5b8b18a391a79d1c294f659
experiments/2026-10-06_systematic_optimization/fits/dac5256c7bde_fold1_s102_e48/job.json,243,1af0bfe4d59e2efe26aaa615a644cced84017e1c1da744770bf4ed7e140c800e
experiments/2026-10-06_systematic_optimization/fits/dac5256c7bde_fold1_s102_e48/result.json,871,f2ec702da7c22d2604a61e9c2a9ebdfd815afa0acfc2344abff416cc5719ffe3
experiments/2026-10-06_systematic_optimization/fits/dac5256c7bde_fold1_s103_e48/history.json,27832,9c3c69516359922a73c1b692eb316dfa75a9c94a4b1796dde655e7cef809c6f3
experiments/2026-10-06_systematic_optimization/fits/dac5256c7bde_fold1_s103_e48/job.json,243,63e6d8f30987a5a5fcfb5eb70dbdce3d262d320effc0198aab7b524b7797d377
experiments/2026-10-06_systematic_optimization/fits/dac5256c7bde_fold1_s103_e48/result.json,869,2f82f19e1bcfd789b1f72798f9c9357941e65d68d723a47bb7d005b2cfe6baba
experiments/2026-10-06_systematic_optimization/fits/dd06b5b26608_fold0_s101_e12/history.json,6937,bf5664288609f70e27e50274d3eb53428c658a5691d57423bb596da710cc02a0
experiments/2026-10-06_systematic_optimization/fits/dd06b5b26608_fold0_s101_e12/job.json,243,82d815f17dca49ccae6df704fc173c8137710552e415729f02081c0d859e09f1
experiments/2026-10-06_systematic_optimization/fits/dd06b5b26608_fold0_s101_e12/result.json,865,479c40214d1be7e4d3af660122c95ea533e17b1b26fc41c8322228e3a101d309
experiments/2026-10-06_systematic_optimization/fits/dd06b5b26608_fold1_s101_e12/history.json,6984,edbf641e18526c2190b2829974cdb340ae25905ec7110f689cc9e87e7ab4f22a
experiments/2026-10-06_systematic_optimization/fits/dd06b5b26608_fold1_s101_e12/job.json,243,4e0208af5938ad16189a28c720f3dab029cc0207b97afe46a792726049118678
experiments/2026-10-06_systematic_optimization/fits/dd06b5b26608_fold1_s101_e12/result.json,865,a48b827742e01bf9dac2e1b2f99429210507986402175bf3aef762b1767a35ef
experiments/2026-10-06_systematic_optimization/fits/e0be9cf9e3d8_fold0_s102_e48/history.json,27676,ef848adab450e5e1008a4c4ddcdaf7761f4d7b476dd1c0905cfa51700dd5ac1f
experiments/2026-10-06_systematic_optimization/fits/e0be9cf9e3d8_fold0_s102_e48/job.json,250,ab30c19e5cbed21547c2c5d2e73da17fd40f810bb4d883f43b5c48418f24b8d1
experiments/2026-10-06_systematic_optimization/fits/e0be9cf9e3d8_fold0_s102_e48/result.json,872,af31c5c701b7f56c8d2dc1f43999be3d758381da24ecc89337e893daf2af8a45
experiments/2026-10-06_systematic_optimization/fits/e0be9cf9e3d8_fold0_s103_e48/history.json,27703,3f2dc1933a508672c988c59fec3d455c4583544efcd9532686a6301ac5cd6dc6
experiments/2026-10-06_systematic_optimization/fits/e0be9cf9e3d8_fold0_s103_e48/job.json,250,c4835267510465679a1c83c348c971b7db471790d84297025be22e465d419c11
experiments/2026-10-06_systematic_optimization/fits/e0be9cf9e3d8_fold0_s103_e48/result.json,871,5123efec3b382dd7155ad148ca30947906ab85e6bea231b918697a751fc98e28
experiments/2026-10-06_systematic_optimization/fits/e0be9cf9e3d8_fold1_s102_e48/history.json,27871,640f47af6b4b68b636d5d3f7fe4cc0a4281040d3734e846195cf9ecf5db01a8e
experiments/2026-10-06_systematic_optimization/fits/e0be9cf9e3d8_fold1_s102_e48/job.json,250,130f01650f7442a4a39d6f76e86cb2a5f00bf4fa97ed9b9243ba24400d329eef
experiments/2026-10-06_systematic_optimization/fits/e0be9cf9e3d8_fold1_s102_e48/result.json,872,7906a5ac47734e4eca64c27f61cd7450e666d94128d45563deaf78be5f666126
experiments/2026-10-06_systematic_optimization/fits/e0be9cf9e3d8_fold1_s103_e48/history.json,27859,0fe08d7b00cea8f5aef3ee392f88c000b84e2d48429e70ceddc65cdbd17079eb
experiments/2026-10-06_systematic_optimization/fits/e0be9cf9e3d8_fold1_s103_e48/job.json,250,cf10baea381f3924c3bf4d80e1db23fc92645d499236edf5eb6b1840be83c6f8
experiments/2026-10-06_systematic_optimization/fits/e0be9cf9e3d8_fold1_s103_e48/result.json,878,3cb1fde3c008cf271d96a9f4229f8e62917cd259d7bf4a200cb8de0701cda27f
experiments/2026-10-06_systematic_optimization/fits/e290429b3178_fold0_s101_e12/history.json,6942,15be3ed7f1940b1622245f3aef8e46380f6cc19b5d81d05b5137297ceb483713
experiments/2026-10-06_systematic_optimization/fits/e290429b3178_fold0_s101_e12/job.json,243,4cfc2d95e8c01b4e9a86357f0054e81e7bbfbfbb2b5a793b3dd29e0c67656947
experiments/2026-10-06_systematic_optimization/fits/e290429b3178_fold0_s101_e12/result.json,865,e815957a3c2a149576b37f15f2faec5727923122de568413075dbe0c9246b536
experiments/2026-10-06_systematic_optimization/fits/e290429b3178_fold0_s102_e24/history.json,13846,19ab1598a8b7c2ee2f5d5256cc93f29687f47a839430e263e2cef75f691c44e1
experiments/2026-10-06_systematic_optimization/fits/e290429b3178_fold0_s102_e24/job.json,243,76cbd9933c05bf29c610cf12b268a49c0d81025d8569d2b2a136009c771365ca
experiments/2026-10-06_systematic_optimization/fits/e290429b3178_fold0_s102_e24/result.json,869,f6eb2bdcd2eb67493bc6351b9ca9a443f46563a09a83adba34829ed0b593fab9
experiments/2026-10-06_systematic_optimization/fits/e290429b3178_fold0_s103_e24/history.json,13840,594e302133a1e4d2f7f55abab6dfe2a9447fdca8d88422bd10faecfda7dd51f2
experiments/2026-10-06_systematic_optimization/fits/e290429b3178_fold0_s103_e24/job.json,243,a25428f4ecbc4e745fe8770608be17fce2f47acf6125900ddb08c638016ca0b1
experiments/2026-10-06_systematic_optimization/fits/e290429b3178_fold0_s103_e24/result.json,870,a9e370ec1a116079703150c071cd7502819aa856a1f0e7e66727194de7ebf8a0
experiments/2026-10-06_systematic_optimization/fits/e290429b3178_fold1_s101_e12/history.json,6997,643999da1de7d1b607bf787d3ec96739bb549f73ed584684fba1c23ab272a1a3
experiments/2026-10-06_systematic_optimization/fits/e290429b3178_fold1_s101_e12/job.json,243,10aa1457aa22afed1974835251f46c330d8d915a12b8d48d1270ba34a098e5b8
experiments/2026-10-06_systematic_optimization/fits/e290429b3178_fold1_s101_e12/result.json,868,b347cc452e61016fc67585c7bafd017fced47aeefeb1df05018fe42667170350
experiments/2026-10-06_systematic_optimization/fits/e290429b3178_fold1_s102_e24/history.json,13915,765a5b0de675b7ee28c39ea398ddaf96d69291d1a1ccff0f86a582c3010ecb47
experiments/2026-10-06_systematic_optimization/fits/e290429b3178_fold1_s102_e24/job.json,243,ff123db1eec0608f1b5386f800fa6eb2de93091b62fc589fd9e211555b8944fc
experiments/2026-10-06_systematic_optimization/fits/e290429b3178_fold1_s102_e24/result.json,873,3cc732428412ca17c7cfeaf2bade865120ecfb5aa5a498a7ad98a4df7699e6e5
experiments/2026-10-06_systematic_optimization/fits/e290429b3178_fold1_s103_e24/history.json,13916,c716a7f5b36dd463156e1fb6c850539bd557ec84dca143292c85fa29ffff7036
experiments/2026-10-06_systematic_optimization/fits/e290429b3178_fold1_s103_e24/job.json,243,086cde27bbbf8472a35dafe8254b282535614df88dab745ddac4aa2e2da09340
experiments/2026-10-06_systematic_optimization/fits/e290429b3178_fold1_s103_e24/result.json,869,7815ec096ed0bbdbdb4941964c31ae7b073f2ac9035fb51340e0d268d257d838
experiments/2026-10-06_systematic_optimization/fits/e3626212df6b_fold0_s101_e12/history.json,6946,116a664d462391dc494dba1214a4e8119f9e56dd83c797f3ef16526c6ffadb20
experiments/2026-10-06_systematic_optimization/fits/e3626212df6b_fold0_s101_e12/job.json,249,edafeefce1bded23c3e490d2b72cce028af59189a199458256cc85320110e5cb
experiments/2026-10-06_systematic_optimization/fits/e3626212df6b_fold0_s101_e12/result.json,869,58cb228e11ac474b4769d8d49b2f4fbaf5a9ca88209f8e96d61e6c0ce7fc9259
experiments/2026-10-06_systematic_optimization/fits/e3626212df6b_fold1_s101_e12/history.json,6988,54bc1672dbe1daf9c109f524f7207d1d69a01ace9ae0d85a1a29c72add6bd11f
experiments/2026-10-06_systematic_optimization/fits/e3626212df6b_fold1_s101_e12/job.json,249,622778864c6bb2f7a7fecae55f5ca4e5b2ab9301f878f05a3bdc5d79d5ba57a6
experiments/2026-10-06_systematic_optimization/fits/e3626212df6b_fold1_s101_e12/result.json,868,a4e8fb372bc61a39da8d3582462cf7c79227048afac3aefa9a189ef66654b90e
experiments/2026-10-06_systematic_optimization/fits/ef02ee4cc7a8_fold0_s101_e12/history.json,6958,86deee3b39e827b6cf5199b236db08529e4ce8177a66684e10413ccaee7b10ba
experiments/2026-10-06_systematic_optimization/fits/ef02ee4cc7a8_fold0_s101_e12/job.json,249,c9c30aa3a9510142566dd48a9f6e0393560d56664a131bcacf659a8b85c42e0b
experiments/2026-10-06_systematic_optimization/fits/ef02ee4cc7a8_fold0_s101_e12/result.json,872,d8ee003f9dd6ff9bec2850c5d4f1e627f124c4feddb0030071313b871a2e74dd
experiments/2026-10-06_systematic_optimization/fits/ef02ee4cc7a8_fold1_s101_e12/history.json,6996,d704a1972c1e5ce14cb6f369f0ee00f535a22deaee7d91332bab108bf49b96b1
experiments/2026-10-06_systematic_optimization/fits/ef02ee4cc7a8_fold1_s101_e12/job.json,249,3dc0c30fa8e12b9a21e491526d5da45c6aa91e0252d47bca4a19900695b31e4d
experiments/2026-10-06_systematic_optimization/fits/ef02ee4cc7a8_fold1_s101_e12/result.json,876,2adc48936eb65b0a9c18c29a3196c709cf267d3376b2619ce8baf90d337053ce
experiments/2026-10-06_systematic_optimization/fits/ef7f79024173_fold0_s101_e12/history.json,6939,aad8399acd30e0a561672317fb0d84ef9a061604b4d1b16cd8b155fbe88a4af6
experiments/2026-10-06_systematic_optimization/fits/ef7f79024173_fold0_s101_e12/job.json,249,9e81ed48313dbb8e2b32ca8569b35fd55c2d84a7054449d17968b7692317ed84
experiments/2026-10-06_systematic_optimization/fits/ef7f79024173_fold0_s101_e12/result.json,871,cb1735d7e382cd92f06737176c071f4efd1989e735d7decf4cfd65d176bca9e3
experiments/2026-10-06_systematic_optimization/fits/ef7f79024173_fold1_s101_e12/history.json,6983,18d0b18a05c85767a5981b05fa4318455053d01511810e16981b615d849e7617
experiments/2026-10-06_systematic_optimization/fits/ef7f79024173_fold1_s101_e12/job.json,249,06d006d61605f477e51a95c6c8ca67ef084b57fe46aebc1412a4896fc67c7e4f
experiments/2026-10-06_systematic_optimization/fits/ef7f79024173_fold1_s101_e12/result.json,871,b36e17fc5e826e233fea51af3f2369900e4cb8190ec60e56dc24251619db8556
experiments/2026-10-06_systematic_optimization/fits/efda13f117cf_fold0_s101_e12/history.json,6955,b4fe302c16145aadbeef6a1d0103e7a3422a6cc9da30fab25f1f786658cb67f5
experiments/2026-10-06_systematic_optimization/fits/efda13f117cf_fold0_s101_e12/job.json,249,16e21e1ed9f2ddc37f9c16029b4c7744000202c8e30869223f5cdbd960e2372e
experiments/2026-10-06_systematic_optimization/fits/efda13f117cf_fold0_s101_e12/result.json,873,89a2498b74a0235f0faf8e095c83edf02bcec7952baeb4d2814334591a9615aa
experiments/2026-10-06_systematic_optimization/fits/efda13f117cf_fold1_s101_e12/history.json,6999,88f75b85264d822cd13d645878efde4204ad6ea1a4a64d646d8f65f92d7df2b9
experiments/2026-10-06_systematic_optimization/fits/efda13f117cf_fold1_s101_e12/job.json,249,b35244a4a3f2673113957f5a51e60a0067ace00b870fc11da004039707c3d9ba
experiments/2026-10-06_systematic_optimization/fits/efda13f117cf_fold1_s101_e12/result.json,873,c880173ef35f7d80ab55684724bfa26c60af25fbe05f5879ac2729757bc6eeda
experiments/2026-10-06_systematic_optimization/fits/f17d19e09641_full_s201_e48/history.json,27889,e5a1c5c20c3d2c124f6393ed91cad974d5263b8d4f66f8a4c6e1ba96b994e175
experiments/2026-10-06_systematic_optimization/fits/f17d19e09641_full_s201_e48/job.json,242,add1e1648070feda85d874711df0cb5645a1116ae2f85104c760b1d1845515b9
experiments/2026-10-06_systematic_optimization/fits/f17d19e09641_full_s201_e48/result.json,870,99e5da13f9dd35d5e9711dcd323053f39d1348c9888aab636eb5f02a45d690d0
experiments/2026-10-06_systematic_optimization/fits/f17d19e09641_full_s202_e48/history.json,27881,4e6ae3bdc19f6f995614ad924d632e3fd2f7795042648b12178740f14cbc801c
experiments/2026-10-06_systematic_optimization/fits/f17d19e09641_full_s202_e48/job.json,242,bb10926dfc2a929a66eae00e166f8dbcb9a33aadab774a4c188e337814d4954e
experiments/2026-10-06_systematic_optimization/fits/f17d19e09641_full_s202_e48/result.json,869,3a2d7112d531f92dc38fb06c66c87668a0055844e9292919a2c557f99a90d255
experiments/2026-10-06_systematic_optimization/fits/f17d19e09641_full_s203_e48/history.json,27878,7bf9c29ff1703ea601a8c91905388d63e345b138703d1de55509fb306d72a75b
experiments/2026-10-06_systematic_optimization/fits/f17d19e09641_full_s203_e48/job.json,242,89ee1650f4f0662b094be2d955b2d0a9462b7c8eadf885e274571ca411d3fb1f
experiments/2026-10-06_systematic_optimization/fits/f17d19e09641_full_s203_e48/result.json,870,5c976a0e9af2b3a40679874f161c28bcf6974df0d2ef2dea9b4117076bf618c0
experiments/2026-10-06_systematic_optimization/fits/f17d19e09641_full_s204_e48/history.json,27888,ef96f73c5360978a5aac7dc8876e88ad4fcf58d61c44f6f5eba106355456b7f2
experiments/2026-10-06_systematic_optimization/fits/f17d19e09641_full_s204_e48/job.json,242,7d0f4671bb8869ef9ff29f4f3d96577cf1f20c777b192b0357d136824a90609f
experiments/2026-10-06_systematic_optimization/fits/f17d19e09641_full_s204_e48/result.json,870,ee5bdb71b99c5cb28354f6a4a34ebd307a83038214ef32f157bbe9ca1ce4a87c
experiments/2026-10-06_systematic_optimization/fits/f17d19e09641_full_s205_e48/history.json,27888,9c5be45448eaf408df94f6ba84ec99fc82ba0a0b7405905931c0732b496b0225
experiments/2026-10-06_systematic_optimization/fits/f17d19e09641_full_s205_e48/job.json,242,db5de32060ae4c699bad4de799212e468b52407b6fe96fd10dc896f9ac9be729
experiments/2026-10-06_systematic_optimization/fits/f17d19e09641_full_s205_e48/result.json,867,eea5409a00d8ea6337a071ff56d148eefb1b8174c28921eb883e1690e5d2eb01
experiments/2026-10-06_systematic_optimization/fits/f17d19e09641_full_s206_e48/history.json,27882,a9b65d2e1bb839531980cdb37e57af0a997f2df09ab96ebe18d8386b52aeb433
experiments/2026-10-06_systematic_optimization/fits/f17d19e09641_full_s206_e48/job.json,242,9c36d17dae74b5b30d3ecf6b6ea565e68e5992a10ac889d55b0525564b701957
experiments/2026-10-06_systematic_optimization/fits/f17d19e09641_full_s206_e48/result.json,870,d3eae8ee3868ffb8e172836baa4c46f8477eacedf4930db6e740696600d07655
experiments/2026-10-06_systematic_optimization/fits/f1b4d5dec1b3_fold0_s102_e48/history.json,27306,6f5d99c7b74ab7ff340ef67b328837a68e72f1ff9b56518c495f8c26c908649e
experiments/2026-10-06_systematic_optimization/fits/f1b4d5dec1b3_fold0_s102_e48/job.json,248,183bef1b6c263d63c5256bf98a4193603011f65d78548c62cb32e5d19b55da1b
experiments/2026-10-06_systematic_optimization/fits/f1b4d5dec1b3_fold0_s102_e48/result.json,873,666cb7b9cb4b85fcf3f584ced8803545116a15f9903a13110677bb7ed8182a09
experiments/2026-10-06_systematic_optimization/fits/f1b4d5dec1b3_fold0_s103_e48/history.json,27306,16491ca6bfae71d53609d5de9e6d279c29619e72c2fb0a5c6bc12d5af0af98a4
experiments/2026-10-06_systematic_optimization/fits/f1b4d5dec1b3_fold0_s103_e48/job.json,248,724fdda3b79c162da62ec7aaeb3207129937f1547a7161273010e1ad6184da22
experiments/2026-10-06_systematic_optimization/fits/f1b4d5dec1b3_fold0_s103_e48/result.json,872,96aecdc7a50459d3778fd97fc7744ef9f2d296a0417f9a09667ccaabb5ce334f
experiments/2026-10-06_systematic_optimization/fits/f1b4d5dec1b3_fold1_s102_e48/history.json,27429,082810c6f83fe6e082902c8c219a4a2ecabd870e9bedfcf80b309f46b970fa5e
experiments/2026-10-06_systematic_optimization/fits/f1b4d5dec1b3_fold1_s102_e48/job.json,248,94451b48671d5e6a42a29d1387f6706526f908a2b6446ad257cc4a3e84bc6b7a
experiments/2026-10-06_systematic_optimization/fits/f1b4d5dec1b3_fold1_s102_e48/result.json,871,12ccee71701b1d39e86dc5fc44c93593478410f64c9a4659bf06866dfaf59e58
experiments/2026-10-06_systematic_optimization/fits/f1b4d5dec1b3_fold1_s103_e48/history.json,27515,f22c478e9e3248204d8b161ad87e11ed6c44cb063eee4777449d6a76544dc8f7
experiments/2026-10-06_systematic_optimization/fits/f1b4d5dec1b3_fold1_s103_e48/job.json,248,fec8296f9df1bde5b85e8a94130b922337fd2fea1a84e54a45ac8e74cf07eb09
experiments/2026-10-06_systematic_optimization/fits/f1b4d5dec1b3_fold1_s103_e48/result.json,872,8c15862b8292822945fbc0ff0cc4a43e2315a0e3fac0261aa364400c443c2175
experiments/2026-10-06_systematic_optimization/fits/f970e0f85b74_fold0_s101_e12/history.json,6969,6bd2119433a1386b433417f779423b4e0b4ebb06262f4e9999c46c3df3d5f515
experiments/2026-10-06_systematic_optimization/fits/f970e0f85b74_fold0_s101_e12/job.json,243,ccf51a14075bf04caf40e1cf9de974be150289cca66039769056f5b3b1e6a49f
experiments/2026-10-06_systematic_optimization/fits/f970e0f85b74_fold0_s101_e12/result.json,866,f3b59cf63f7ef7f4dc2b8d345bca53cbaaab95e137efd2e09aebc5b6042a8aea
experiments/2026-10-06_systematic_optimization/fits/f970e0f85b74_fold0_s102_e24/history.json,13823,a16fd887f94231408e243220e8207e3d380c06b5401203b48231bb1730e74067
experiments/2026-10-06_systematic_optimization/fits/f970e0f85b74_fold0_s102_e24/job.json,243,84cded07e59475b928e34e7c025aa91bdb769c384993d0359d6091d8618bfa33
experiments/2026-10-06_systematic_optimization/fits/f970e0f85b74_fold0_s102_e24/result.json,871,94b2a901173e20a1ecb7db9042537ab4de154e152e243c5172257b5d52d8d16e
experiments/2026-10-06_systematic_optimization/fits/f970e0f85b74_fold0_s103_e24/history.json,13808,f1f8bf5672277e1628f787f5231e7aa448f4f3384b8f0fbacd1875930f72aaba
experiments/2026-10-06_systematic_optimization/fits/f970e0f85b74_fold0_s103_e24/job.json,243,cb06c5847db32e02ae3687c3007bbf018dab6395720c8051da00ab66c4e422e7
experiments/2026-10-06_systematic_optimization/fits/f970e0f85b74_fold0_s103_e24/result.json,864,2607c277373b2da7c2c1a3cbcf7e46f99b105a6a8f932f3f72b4a3c3d42c4608
experiments/2026-10-06_systematic_optimization/fits/f970e0f85b74_fold1_s101_e12/history.json,7001,d19aeb0a9ae7ccb72bcfbd6cc74cd9e6e393ca71fdc04f3e271aafb4b1774b9c
experiments/2026-10-06_systematic_optimization/fits/f970e0f85b74_fold1_s101_e12/job.json,243,9f001345341dacccbbb5094d3f854275c9645f4b0c567bcffb2de10d29a2ce2c
experiments/2026-10-06_systematic_optimization/fits/f970e0f85b74_fold1_s101_e12/result.json,867,c9a8af5ed70a73e5492c2dee2c2c0b1d5b7e9e509918ebab4afc5aae0442f91f
experiments/2026-10-06_systematic_optimization/fits/f970e0f85b74_fold1_s102_e24/history.json,13919,8cb89887a8c5967cec4daf07bc424429a4d70536f5ab4efdb1a502d22e446e02
experiments/2026-10-06_systematic_optimization/fits/f970e0f85b74_fold1_s102_e24/job.json,243,b6c1a7c6d76651b24b93ba0e30dfc0567012f97959bec6ed9194e93bea986542
experiments/2026-10-06_systematic_optimization/fits/f970e0f85b74_fold1_s102_e24/result.json,869,4d2f7821b2e1de27b24544a0d3a8f39aab58a44f633ff392c6c55bfb906bca43
experiments/2026-10-06_systematic_optimization/fits/f970e0f85b74_fold1_s103_e24/history.json,13923,ae7d6470e24492362df35ec49294a765c0a424961eada0a90bf1fac649b80f73
experiments/2026-10-06_systematic_optimization/fits/f970e0f85b74_fold1_s103_e24/job.json,243,799088ee9fac85c271bd78fdd86ca3ff1f6bf0943fb9a91e6faf379b2994a9b9
experiments/2026-10-06_systematic_optimization/fits/f970e0f85b74_fold1_s103_e24/result.json,871,c9b327480289ac6e8fb5765b1599684159cb20c278ad8c79c758c8fc8014b712
experiments/2026-10-06_systematic_optimization/fits/f98af2dda6e3_fold0_s102_e48/history.json,27694,5028052b224d6d87398f5ec63763975a4d3c6ae1f6db9908a3f884c627da9f14
experiments/2026-10-06_systematic_optimization/fits/f98af2dda6e3_fold0_s102_e48/job.json,249,bdfedec0f6fd0315c03cfa5aac1f656c148445cc81f9af862add92ffdfd25418
experiments/2026-10-06_systematic_optimization/fits/f98af2dda6e3_fold0_s102_e48/result.json,877,4087ecb341cbd1cd6ad57cc590e586ab319812aac32858f1a1ae153cb565c5e8
experiments/2026-10-06_systematic_optimization/fits/f98af2dda6e3_fold0_s103_e48/history.json,27698,52d468a30fb383d7e1ccb05970647d6944d4876b83a3ef85b65f8b7c4c6a0795
experiments/2026-10-06_systematic_optimization/fits/f98af2dda6e3_fold0_s103_e48/job.json,249,0f93daaa7b5085b7c6d4780bd363bc2159bd97fc2a0689b04bc0e1852e35d4f3
experiments/2026-10-06_systematic_optimization/fits/f98af2dda6e3_fold0_s103_e48/result.json,877,e2e802e5ecb8ae7bd03a1de4b7a74746abc1bb87cfa3c6116a07f14765c974d1
experiments/2026-10-06_systematic_optimization/fits/f98af2dda6e3_fold1_s102_e48/history.json,27838,523fd1f98553715a3dfe38240e1a68599df685c07ca3e166bd28a1f6cec13380
experiments/2026-10-06_systematic_optimization/fits/f98af2dda6e3_fold1_s102_e48/job.json,249,90cef72213fdea4571b24c59c52225cf02646a780f98476a7e99922c199ca20f
experiments/2026-10-06_systematic_optimization/fits/f98af2dda6e3_fold1_s102_e48/result.json,876,303a75b6bde0e6288025db143747181b855514dd08cf07079822c7334871fc3a
experiments/2026-10-06_systematic_optimization/fits/f98af2dda6e3_fold1_s103_e48/history.json,27830,7f92a897c92a7b4580bae9b92aec635ef679012bc7dc3a0a9a6dbf91643fc2c3
experiments/2026-10-06_systematic_optimization/fits/f98af2dda6e3_fold1_s103_e48/job.json,249,7118115a3b3f9c7b7cbdc9e5dbf1c77606acdb6f463fa24133eeea24a8a91900
experiments/2026-10-06_systematic_optimization/fits/f98af2dda6e3_fold1_s103_e48/result.json,877,890bcbd340ee3cc00b404a0e9714752ac94ce760dacd813b84443cefbca257c0
experiments/2026-10-06_systematic_optimization/fits/f98af2dda6e3_full_s201_e48/history.json,27876,9a2b8e3cddef9dee2b7906590bb85f1b46fe784ed07ed6e36fe7a44389935ddc
experiments/2026-10-06_systematic_optimization/fits/f98af2dda6e3_full_s201_e48/job.json,248,3e89ac098f423eb9f30fc0a18ed31a82346fecbe09d83eeaf103c266755f3820
experiments/2026-10-06_systematic_optimization/fits/f98af2dda6e3_full_s201_e48/result.json,871,ed125f65d41b00526dca932a16eda3a428c7c9f766d8171ee8fadce35f7f2a3a
experiments/2026-10-06_systematic_optimization/fits/f98af2dda6e3_full_s202_e48/history.json,27910,b055b0bb7cb20cf5da4e2e746dac8176c1c9524e8d8967e3c88320f68543cea2
experiments/2026-10-06_systematic_optimization/fits/f98af2dda6e3_full_s202_e48/job.json,248,fc66b84197f92e36f193326f55bc9becea5adfe05e247acc5b31e1f6e789e2fa
experiments/2026-10-06_systematic_optimization/fits/f98af2dda6e3_full_s202_e48/result.json,868,166c87549a65332df3bbbb4bad0a33742ecb602ea0162dc2b5214cec00ceaaa0
experiments/2026-10-06_systematic_optimization/fits/f98af2dda6e3_full_s203_e48/history.json,27899,bbb6575121bc25aa7b7bf118a4f1f0ed28f4473e8d3b8e3f068d392f052e69d9
experiments/2026-10-06_systematic_optimization/fits/f98af2dda6e3_full_s203_e48/job.json,248,9fab9b46fec63a4c0cf4f89230e0864ddfda71a05c59a423d207dadc8d6ee71c
experiments/2026-10-06_systematic_optimization/fits/f98af2dda6e3_full_s203_e48/result.json,870,feb215bb2bcb592d5d83966632a88f513e20c321cf82dc556ef3e77d273d60d6
experiments/2026-10-06_systematic_optimization/fits/f98af2dda6e3_full_s204_e48/history.json,27894,8a191f6d7ed73c7e79c7166e6f83f6eb1c9ee8817d91086ab9ae47aa29bcb191
experiments/2026-10-06_systematic_optimization/fits/f98af2dda6e3_full_s204_e48/job.json,248,710af02aa30b21603e8ebe071dc5cfdffc206bc3ecc738f16d3f535053af8686
experiments/2026-10-06_systematic_optimization/fits/f98af2dda6e3_full_s204_e48/result.json,876,d802227cd572fd4284b30cf919b995174bae2f6068160ad57ec811ddce2d1fb6
experiments/2026-10-06_systematic_optimization/fits/f98af2dda6e3_full_s205_e48/history.json,27893,78e6f66444f6d48776839d28be9aea1f3a333fa6590b5ebe82fda7769d861384
experiments/2026-10-06_systematic_optimization/fits/f98af2dda6e3_full_s205_e48/job.json,248,87cf609a428c74ce74658507474fc530989991a42ea50af0a131d35aedb21546
experiments/2026-10-06_systematic_optimization/fits/f98af2dda6e3_full_s205_e48/result.json,875,00bdd58e94c9c4861a6ba1b00246b44672229f5957a63e0f0e6ff2225915c36e
experiments/2026-10-06_systematic_optimization/fits/f98af2dda6e3_full_s206_e48/history.json,27890,d031bea0506078d4ebe1bd9148e9516cea5fedb3cd22dcbfd1bfbc4b5d282fd3
experiments/2026-10-06_systematic_optimization/fits/f98af2dda6e3_full_s206_e48/job.json,248,6ff0cf165746edd6278ec80cac058f066c4cf74e16b6638bf8362b3e95c50d83
experiments/2026-10-06_systematic_optimization/fits/f98af2dda6e3_full_s206_e48/result.json,875,0232033b6f27a327347791cbf8826cdaef7010e47a992f2522d97eed5b69918b
experiments/2026-10-06_systematic_optimization/fits/fbd4562e909e_fold0_s101_e12/history.json,6964,8eff3a5efa43437da2113baffa08ce7fae8be2947432302c47c50a9fe9590bcc
experiments/2026-10-06_systematic_optimization/fits/fbd4562e909e_fold0_s101_e12/job.json,243,6e4b4020ef68a0f3ace0c2d60f171da66fa71b70ad4b2dfe834553c7d7824a8a
experiments/2026-10-06_systematic_optimization/fits/fbd4562e909e_fold0_s101_e12/result.json,868,4d1961993a3f3866112035232b556c2afd37047141d2aef96fd7842244083bab
experiments/2026-10-06_systematic_optimization/fits/fbd4562e909e_fold1_s101_e12/history.json,6987,b05913fc33744b3d2d7841d5363a8194d203cb0637ffee8d3fce2d517a8d059d
experiments/2026-10-06_systematic_optimization/fits/fbd4562e909e_fold1_s101_e12/job.json,243,0553ebf27a17acd5c0bd60fcc65716294c9c881c9cad2ba4540fc9673cf67abe
experiments/2026-10-06_systematic_optimization/fits/fbd4562e909e_fold1_s101_e12/result.json,865,b72a129ea23d69d4bf1366719621d09ee0f2a6ba1a2c846a036af80354f0d06f
experiments/2026-10-06_systematic_optimization/fits/fcdd1389c91d_fold0_s101_e12/history.json,6939,7e97a278950abc0cb4de83dcf84870412ddeddf9dbea438c0874c2b68828b0eb
experiments/2026-10-06_systematic_optimization/fits/fcdd1389c91d_fold0_s101_e12/job.json,243,823195fcb9185375383e4e2d29d5bb45f1f9f9a95f5e68c38480d7b9c1c0b152
experiments/2026-10-06_systematic_optimization/fits/fcdd1389c91d_fold0_s101_e12/result.json,863,14f229cec5671e5819f37e0b082842e2031a902c09882aae0a751be838797ab7
experiments/2026-10-06_systematic_optimization/fits/fcdd1389c91d_fold1_s101_e12/history.json,6985,28dc4cf428c85603c03d273b4fb1af13e00038d1c666ecaefda70239ea84993a
experiments/2026-10-06_systematic_optimization/fits/fcdd1389c91d_fold1_s101_e12/job.json,243,fc82a6b1c789aa1dc05c49a98312e2f664b0512e73e23f7d0eb1e2ea9acec4b4
experiments/2026-10-06_systematic_optimization/fits/fcdd1389c91d_fold1_s101_e12/result.json,866,885da3214271aefc73dc209b65a5a05e6b2361707993434d3b110e1d7b5aba00
experiments/2026-10-06_systematic_optimization/fits/fd361067037b_fold0_s102_e48/history.json,27588,df69717995c713aea97353d69b82a3226f72b769277afb9acd81418cbb96694c
experiments/2026-10-06_systematic_optimization/fits/fd361067037b_fold0_s102_e48/job.json,250,f6580c6571d70f4fa091329bd696649786b8821b345bed70d99b8c98ea52180b
experiments/2026-10-06_systematic_optimization/fits/fd361067037b_fold0_s102_e48/result.json,875,828d730a4015e71dc95b345b21a125af1d080e556cc09b2fdd53c84a556ba41c
experiments/2026-10-06_systematic_optimization/fits/fd361067037b_fold0_s103_e48/history.json,27622,feea0294f0c0853fe12d02a71d0026aad28657e2025bd2c4be461010f7d56803
experiments/2026-10-06_systematic_optimization/fits/fd361067037b_fold0_s103_e48/job.json,250,6276a2d1e6bff75d5ff33352ac3bc1e6d06cf1ac2774a0aacea616fd6c99abe1
experiments/2026-10-06_systematic_optimization/fits/fd361067037b_fold0_s103_e48/result.json,873,205c653fba57a577b713a493f4c2b995d79385267aed4a47f16341b85299753e
experiments/2026-10-06_systematic_optimization/fits/fd361067037b_fold1_s102_e48/history.json,27764,ac0dfeef2562582bd3e71ac4f5450c5719a6c485f1799ba11c2810d46b94d9f8
experiments/2026-10-06_systematic_optimization/fits/fd361067037b_fold1_s102_e48/job.json,250,989226fdd6cfdbd1eeb31583d50ae3a52976421fb526b2f5c574b8f4666b0c93
experiments/2026-10-06_systematic_optimization/fits/fd361067037b_fold1_s102_e48/result.json,877,6eabb94e19ad1f3ee6957fa8e6e7a2c8f1b878c7e3c66499ca13ad358f557d4e
experiments/2026-10-06_systematic_optimization/fits/fd361067037b_fold1_s103_e48/history.json,27774,7498ce2d1a2682c44e3d12327044288e416825c0dee7d90e3eaa727a00f9d276
experiments/2026-10-06_systematic_optimization/fits/fd361067037b_fold1_s103_e48/job.json,250,befd3a52a87a0a960896dc9c119ad183a31e85f1aa8a186af36ff78550bbaacd
experiments/2026-10-06_systematic_optimization/fits/fd361067037b_fold1_s103_e48/result.json,877,3bebf750a52794f70ce53caac389232488d86a1f8c666b6db3dcd9c6af743a3f
experiments/2026-10-06_systematic_optimization/fits/fd48f45e2413_fold0_s102_e48/history.json,27708,5b573a6a310198ed1a074bc0091993c92c027fd2af18b954c445828dd663f169
experiments/2026-10-06_systematic_optimization/fits/fd48f45e2413_fold0_s102_e48/job.json,249,11cc92af86a7eed8a601c4b10adaad1bc41785165860733fc6e84f1278ac3bd2
experiments/2026-10-06_systematic_optimization/fits/fd48f45e2413_fold0_s102_e48/result.json,876,ffd2c84d2cbe0d9a6ade78f36b8dad6018ced7685460ab40a859954f9c1456b4
experiments/2026-10-06_systematic_optimization/fits/fd48f45e2413_fold0_s103_e48/history.json,27688,88f3099b6dfd8eb12c526e4a19ec8d3670b86b8d2ff74093c059dad26ccda20b
experiments/2026-10-06_systematic_optimization/fits/fd48f45e2413_fold0_s103_e48/job.json,249,0307515b9f0a5ccb754693bca9d6f13371786e7164e6be846cbf4de8307fbac2
experiments/2026-10-06_systematic_optimization/fits/fd48f45e2413_fold0_s103_e48/result.json,870,579dd576f612773c65e5045adde9a9a28882ae24240ea8423fbde21f493cc675
experiments/2026-10-06_systematic_optimization/fits/fd48f45e2413_fold1_s102_e48/history.json,27863,3dbe239c7304a7d641e360a250f9193ad9ed03d263ec61c94555e0bd66d79403
experiments/2026-10-06_systematic_optimization/fits/fd48f45e2413_fold1_s102_e48/job.json,249,77378c2c20f42516d16c21913a840c7dc1a3f01ba0803d96ac25909fa62d6c39
experiments/2026-10-06_systematic_optimization/fits/fd48f45e2413_fold1_s102_e48/result.json,876,ce99e7995da5b61ac5a4d3ed71995ca7626318d0542190081ee23fbc905af547
experiments/2026-10-06_systematic_optimization/fits/fd48f45e2413_fold1_s103_e48/history.json,27835,f3cabcfda987ebbfe05e41d8d41bf5f4af963382bdfdb5003e64ada7b10eff70
experiments/2026-10-06_systematic_optimization/fits/fd48f45e2413_fold1_s103_e48/job.json,249,f253ccd9945b203c45825e3e1899d88879f533c38dea743ac76990e38d3fcb78
experiments/2026-10-06_systematic_optimization/fits/fd48f45e2413_fold1_s103_e48/result.json,878,9439acc267d9be9e79035df380ae66e492b6aee4e73ed49f7b8340d382ed17eb
experiments/2026-10-06_systematic_optimization/fits/fdaf1ff05d9b_fold0_s101_e12/history.json,6937,5630d5df72bd56e783641e2bc54d6240315014427a74f0be2661e0171762fcf2
experiments/2026-10-06_systematic_optimization/fits/fdaf1ff05d9b_fold0_s101_e12/job.json,249,f60bbd3515825287ae73fa8795fdc9a5d0929fd40fbc92909a837152e245c467
experiments/2026-10-06_systematic_optimization/fits/fdaf1ff05d9b_fold0_s101_e12/result.json,864,66b31a1a38464bd52325282adf5c49645a034cc7820dab9f07c8b113122d841e
experiments/2026-10-06_systematic_optimization/fits/fdaf1ff05d9b_fold1_s101_e12/history.json,6979,21dcb9e5ed537018305f87c14e7a3916caf7ea96b0c7d026a1471370db03b090
experiments/2026-10-06_systematic_optimization/fits/fdaf1ff05d9b_fold1_s101_e12/job.json,249,052dfb52835969e92dda29e7fd5a0a0223e425ee396efd657db3439af9811345
experiments/2026-10-06_systematic_optimization/fits/fdaf1ff05d9b_fold1_s101_e12/result.json,869,2bb4b172ba4feeb0ad922fde294588f6c6b45ae3f8aa30d00f6308d236770d75
experiments/2026-10-06_systematic_optimization/results.json,74320,e6b6d62086a3b1e054d20fb10987c7f607f40ca90251cf2f3e2864f922c85081
