/Users/austinlin/Library/Python/3.9/lib/python/site-packages/sklearn/utils/extmath.py:335: RuntimeWarning: divide by zero encountered in matmul
  Q, _ = normalizer(A @ Q)
/Users/austinlin/Library/Python/3.9/lib/python/site-packages/sklearn/utils/extmath.py:335: RuntimeWarning: overflow encountered in matmul
  Q, _ = normalizer(A @ Q)
/Users/austinlin/Library/Python/3.9/lib/python/site-packages/sklearn/utils/extmath.py:335: RuntimeWarning: invalid value encountered in matmul
  Q, _ = normalizer(A @ Q)
/Users/austinlin/Library/Python/3.9/lib/python/site-packages/sklearn/utils/extmath.py:336: RuntimeWarning: divide by zero encountered in matmul
  Q, _ = normalizer(A.T @ Q)
/Users/austinlin/Library/Python/3.9/lib/python/site-packages/sklearn/utils/extmath.py:336: RuntimeWarning: overflow encountered in matmul
  Q, _ = normalizer(A.T @ Q)
/Users/austinlin/Library/Python/3.9/lib/python/site-packages/sklearn/utils/extmath.py:336: RuntimeWarning: invalid value encountered in matmul
  Q, _ = normalizer(A.T @ Q)
/Users/austinlin/Library/Python/3.9/lib/python/site-packages/sklearn/utils/extmath.py:340: RuntimeWarning: divide by zero encountered in matmul
  Q, _ = qr_normalizer(A @ Q)
/Users/austinlin/Library/Python/3.9/lib/python/site-packages/sklearn/utils/extmath.py:340: RuntimeWarning: overflow encountered in matmul
  Q, _ = qr_normalizer(A @ Q)
/Users/austinlin/Library/Python/3.9/lib/python/site-packages/sklearn/utils/extmath.py:340: RuntimeWarning: invalid value encountered in matmul
  Q, _ = qr_normalizer(A @ Q)
/Users/austinlin/Library/Python/3.9/lib/python/site-packages/sklearn/utils/extmath.py:533: RuntimeWarning: divide by zero encountered in matmul
  B = Q.T @ M
/Users/austinlin/Library/Python/3.9/lib/python/site-packages/sklearn/utils/extmath.py:533: RuntimeWarning: overflow encountered in matmul
  B = Q.T @ M
/Users/austinlin/Library/Python/3.9/lib/python/site-packages/sklearn/utils/extmath.py:533: RuntimeWarning: invalid value encountered in matmul
  B = Q.T @ M
/Users/austinlin/Library/Python/3.9/lib/python/site-packages/sklearn/utils/extmath.py:547: RuntimeWarning: divide by zero encountered in matmul
  U = Q @ Uhat
/Users/austinlin/Library/Python/3.9/lib/python/site-packages/sklearn/utils/extmath.py:547: RuntimeWarning: overflow encountered in matmul
  U = Q @ Uhat
/Users/austinlin/Library/Python/3.9/lib/python/site-packages/sklearn/utils/extmath.py:547: RuntimeWarning: invalid value encountered in matmul
  U = Q @ Uhat
/Users/austinlin/Library/Python/3.9/lib/python/site-packages/sklearn/decomposition/_base.py:155: RuntimeWarning: divide by zero encountered in matmul
  X_transformed -= xp.reshape(self.mean_, (1, -1)) @ self.components_.T
/Users/austinlin/Library/Python/3.9/lib/python/site-packages/sklearn/decomposition/_base.py:155: RuntimeWarning: overflow encountered in matmul
  X_transformed -= xp.reshape(self.mean_, (1, -1)) @ self.components_.T
/Users/austinlin/Library/Python/3.9/lib/python/site-packages/sklearn/decomposition/_base.py:155: RuntimeWarning: invalid value encountered in matmul
  X_transformed -= xp.reshape(self.mean_, (1, -1)) @ self.components_.T
/Users/austinlin/Library/Python/3.9/lib/python/site-packages/sklearn/linear_model/_ridge.py:292: RuntimeWarning: divide by zero encountered in matmul
  UTy = U.T @ y
/Users/austinlin/Library/Python/3.9/lib/python/site-packages/sklearn/linear_model/_ridge.py:292: RuntimeWarning: overflow encountered in matmul
  UTy = U.T @ y
/Users/austinlin/Library/Python/3.9/lib/python/site-packages/sklearn/linear_model/_ridge.py:292: RuntimeWarning: invalid value encountered in matmul
  UTy = U.T @ y
/Users/austinlin/Library/Python/3.9/lib/python/site-packages/sklearn/linear_model/_base.py:279: RuntimeWarning: divide by zero encountered in matmul
  return X @ coef_ + self.intercept_
/Users/austinlin/Library/Python/3.9/lib/python/site-packages/sklearn/linear_model/_base.py:279: RuntimeWarning: overflow encountered in matmul
  return X @ coef_ + self.intercept_
/Users/austinlin/Library/Python/3.9/lib/python/site-packages/sklearn/linear_model/_base.py:279: RuntimeWarning: invalid value encountered in matmul
  return X @ coef_ + self.intercept_
/Users/austinlin/Library/Python/3.9/lib/python/site-packages/sklearn/linear_model/_ridge.py:292: RuntimeWarning: divide by zero encountered in matmul
  UTy = U.T @ y
/Users/austinlin/Library/Python/3.9/lib/python/site-packages/sklearn/linear_model/_ridge.py:292: RuntimeWarning: overflow encountered in matmul
  UTy = U.T @ y
/Users/austinlin/Library/Python/3.9/lib/python/site-packages/sklearn/linear_model/_ridge.py:292: RuntimeWarning: invalid value encountered in matmul
  UTy = U.T @ y
/Users/austinlin/Library/Python/3.9/lib/python/site-packages/sklearn/linear_model/_base.py:279: RuntimeWarning: divide by zero encountered in matmul
  return X @ coef_ + self.intercept_
/Users/austinlin/Library/Python/3.9/lib/python/site-packages/sklearn/linear_model/_base.py:279: RuntimeWarning: overflow encountered in matmul
  return X @ coef_ + self.intercept_
/Users/austinlin/Library/Python/3.9/lib/python/site-packages/sklearn/linear_model/_base.py:279: RuntimeWarning: invalid value encountered in matmul
  return X @ coef_ + self.intercept_
/Users/austinlin/Library/Python/3.9/lib/python/site-packages/sklearn/linear_model/_ridge.py:292: RuntimeWarning: divide by zero encountered in matmul
  UTy = U.T @ y
/Users/austinlin/Library/Python/3.9/lib/python/site-packages/sklearn/linear_model/_ridge.py:292: RuntimeWarning: overflow encountered in matmul
  UTy = U.T @ y
/Users/austinlin/Library/Python/3.9/lib/python/site-packages/sklearn/linear_model/_ridge.py:292: RuntimeWarning: invalid value encountered in matmul
  UTy = U.T @ y
/Users/austinlin/Library/Python/3.9/lib/python/site-packages/sklearn/linear_model/_base.py:279: RuntimeWarning: divide by zero encountered in matmul
  return X @ coef_ + self.intercept_
/Users/austinlin/Library/Python/3.9/lib/python/site-packages/sklearn/linear_model/_base.py:279: RuntimeWarning: overflow encountered in matmul
  return X @ coef_ + self.intercept_
/Users/austinlin/Library/Python/3.9/lib/python/site-packages/sklearn/linear_model/_base.py:279: RuntimeWarning: invalid value encountered in matmul
  return X @ coef_ + self.intercept_
/Users/austinlin/Library/Python/3.9/lib/python/site-packages/sklearn/linear_model/_ridge.py:292: RuntimeWarning: divide by zero encountered in matmul
  UTy = U.T @ y
/Users/austinlin/Library/Python/3.9/lib/python/site-packages/sklearn/linear_model/_ridge.py:292: RuntimeWarning: overflow encountered in matmul
  UTy = U.T @ y
/Users/austinlin/Library/Python/3.9/lib/python/site-packages/sklearn/linear_model/_ridge.py:292: RuntimeWarning: invalid value encountered in matmul
  UTy = U.T @ y
/Users/austinlin/Library/Python/3.9/lib/python/site-packages/sklearn/linear_model/_base.py:279: RuntimeWarning: divide by zero encountered in matmul
  return X @ coef_ + self.intercept_
/Users/austinlin/Library/Python/3.9/lib/python/site-packages/sklearn/linear_model/_base.py:279: RuntimeWarning: overflow encountered in matmul
  return X @ coef_ + self.intercept_
/Users/austinlin/Library/Python/3.9/lib/python/site-packages/sklearn/linear_model/_base.py:279: RuntimeWarning: invalid value encountered in matmul
  return X @ coef_ + self.intercept_
/Users/austinlin/Library/Python/3.9/lib/python/site-packages/sklearn/linear_model/_ridge.py:292: RuntimeWarning: divide by zero encountered in matmul
  UTy = U.T @ y
/Users/austinlin/Library/Python/3.9/lib/python/site-packages/sklearn/linear_model/_ridge.py:292: RuntimeWarning: overflow encountered in matmul
  UTy = U.T @ y
/Users/austinlin/Library/Python/3.9/lib/python/site-packages/sklearn/linear_model/_ridge.py:292: RuntimeWarning: invalid value encountered in matmul
  UTy = U.T @ y
/Users/austinlin/Library/Python/3.9/lib/python/site-packages/sklearn/linear_model/_base.py:279: RuntimeWarning: divide by zero encountered in matmul
  return X @ coef_ + self.intercept_
/Users/austinlin/Library/Python/3.9/lib/python/site-packages/sklearn/linear_model/_base.py:279: RuntimeWarning: overflow encountered in matmul
  return X @ coef_ + self.intercept_
/Users/austinlin/Library/Python/3.9/lib/python/site-packages/sklearn/linear_model/_base.py:279: RuntimeWarning: invalid value encountered in matmul
  return X @ coef_ + self.intercept_
/Users/austinlin/Library/Python/3.9/lib/python/site-packages/sklearn/linear_model/_base.py:279: RuntimeWarning: divide by zero encountered in matmul
  return X @ coef_ + self.intercept_
/Users/austinlin/Library/Python/3.9/lib/python/site-packages/sklearn/linear_model/_base.py:279: RuntimeWarning: overflow encountered in matmul
  return X @ coef_ + self.intercept_
/Users/austinlin/Library/Python/3.9/lib/python/site-packages/sklearn/linear_model/_base.py:279: RuntimeWarning: invalid value encountered in matmul
  return X @ coef_ + self.intercept_
/Users/austinlin/Library/Python/3.9/lib/python/site-packages/sklearn/linear_model/_ridge.py:292: RuntimeWarning: divide by zero encountered in matmul
  UTy = U.T @ y
/Users/austinlin/Library/Python/3.9/lib/python/site-packages/sklearn/linear_model/_ridge.py:292: RuntimeWarning: overflow encountered in matmul
  UTy = U.T @ y
/Users/austinlin/Library/Python/3.9/lib/python/site-packages/sklearn/linear_model/_ridge.py:292: RuntimeWarning: invalid value encountered in matmul
  UTy = U.T @ y
/Users/austinlin/Library/Python/3.9/lib/python/site-packages/sklearn/linear_model/_ridge.py:296: RuntimeWarning: divide by zero encountered in matmul
  return (Vt.T @ d_UT_y).T
/Users/austinlin/Library/Python/3.9/lib/python/site-packages/sklearn/linear_model/_ridge.py:296: RuntimeWarning: overflow encountered in matmul
  return (Vt.T @ d_UT_y).T
/Users/austinlin/Library/Python/3.9/lib/python/site-packages/sklearn/linear_model/_ridge.py:296: RuntimeWarning: invalid value encountered in matmul
  return (Vt.T @ d_UT_y).T
/Users/austinlin/Library/Python/3.9/lib/python/site-packages/sklearn/linear_model/_base.py:279: RuntimeWarning: divide by zero encountered in matmul
  return X @ coef_ + self.intercept_
/Users/austinlin/Library/Python/3.9/lib/python/site-packages/sklearn/linear_model/_base.py:279: RuntimeWarning: overflow encountered in matmul
  return X @ coef_ + self.intercept_
/Users/austinlin/Library/Python/3.9/lib/python/site-packages/sklearn/linear_model/_base.py:279: RuntimeWarning: invalid value encountered in matmul
  return X @ coef_ + self.intercept_
/Users/austinlin/Library/Python/3.9/lib/python/site-packages/sklearn/linear_model/_ridge.py:292: RuntimeWarning: divide by zero encountered in matmul
  UTy = U.T @ y
/Users/austinlin/Library/Python/3.9/lib/python/site-packages/sklearn/linear_model/_ridge.py:292: RuntimeWarning: overflow encountered in matmul
  UTy = U.T @ y
/Users/austinlin/Library/Python/3.9/lib/python/site-packages/sklearn/linear_model/_ridge.py:292: RuntimeWarning: invalid value encountered in matmul
  UTy = U.T @ y
/Users/austinlin/Library/Python/3.9/lib/python/site-packages/sklearn/linear_model/_ridge.py:296: RuntimeWarning: divide by zero encountered in matmul
  return (Vt.T @ d_UT_y).T
/Users/austinlin/Library/Python/3.9/lib/python/site-packages/sklearn/linear_model/_ridge.py:296: RuntimeWarning: overflow encountered in matmul
  return (Vt.T @ d_UT_y).T
/Users/austinlin/Library/Python/3.9/lib/python/site-packages/sklearn/linear_model/_ridge.py:296: RuntimeWarning: invalid value encountered in matmul
  return (Vt.T @ d_UT_y).T
/Users/austinlin/Library/Python/3.9/lib/python/site-packages/sklearn/linear_model/_base.py:279: RuntimeWarning: divide by zero encountered in matmul
  return X @ coef_ + self.intercept_
/Users/austinlin/Library/Python/3.9/lib/python/site-packages/sklearn/linear_model/_base.py:279: RuntimeWarning: overflow encountered in matmul
  return X @ coef_ + self.intercept_
/Users/austinlin/Library/Python/3.9/lib/python/site-packages/sklearn/linear_model/_base.py:279: RuntimeWarning: invalid value encountered in matmul
  return X @ coef_ + self.intercept_
/Users/austinlin/Library/Python/3.9/lib/python/site-packages/sklearn/linear_model/_ridge.py:292: RuntimeWarning: divide by zero encountered in matmul
  UTy = U.T @ y
/Users/austinlin/Library/Python/3.9/lib/python/site-packages/sklearn/linear_model/_ridge.py:292: RuntimeWarning: overflow encountered in matmul
  UTy = U.T @ y
/Users/austinlin/Library/Python/3.9/lib/python/site-packages/sklearn/linear_model/_ridge.py:292: RuntimeWarning: invalid value encountered in matmul
  UTy = U.T @ y
/Users/austinlin/Library/Python/3.9/lib/python/site-packages/sklearn/linear_model/_ridge.py:296: RuntimeWarning: divide by zero encountered in matmul
  return (Vt.T @ d_UT_y).T
/Users/austinlin/Library/Python/3.9/lib/python/site-packages/sklearn/linear_model/_ridge.py:296: RuntimeWarning: overflow encountered in matmul
  return (Vt.T @ d_UT_y).T
/Users/austinlin/Library/Python/3.9/lib/python/site-packages/sklearn/linear_model/_ridge.py:296: RuntimeWarning: invalid value encountered in matmul
  return (Vt.T @ d_UT_y).T
/Users/austinlin/Library/Python/3.9/lib/python/site-packages/sklearn/linear_model/_base.py:279: RuntimeWarning: divide by zero encountered in matmul
  return X @ coef_ + self.intercept_
/Users/austinlin/Library/Python/3.9/lib/python/site-packages/sklearn/linear_model/_base.py:279: RuntimeWarning: overflow encountered in matmul
  return X @ coef_ + self.intercept_
/Users/austinlin/Library/Python/3.9/lib/python/site-packages/sklearn/linear_model/_base.py:279: RuntimeWarning: invalid value encountered in matmul
  return X @ coef_ + self.intercept_
/Users/austinlin/Library/Python/3.9/lib/python/site-packages/sklearn/linear_model/_ridge.py:292: RuntimeWarning: divide by zero encountered in matmul
  UTy = U.T @ y
/Users/austinlin/Library/Python/3.9/lib/python/site-packages/sklearn/linear_model/_ridge.py:292: RuntimeWarning: overflow encountered in matmul
  UTy = U.T @ y
/Users/austinlin/Library/Python/3.9/lib/python/site-packages/sklearn/linear_model/_ridge.py:292: RuntimeWarning: invalid value encountered in matmul
  UTy = U.T @ y
/Users/austinlin/Library/Python/3.9/lib/python/site-packages/sklearn/linear_model/_ridge.py:296: RuntimeWarning: divide by zero encountered in matmul
  return (Vt.T @ d_UT_y).T
/Users/austinlin/Library/Python/3.9/lib/python/site-packages/sklearn/linear_model/_ridge.py:296: RuntimeWarning: overflow encountered in matmul
  return (Vt.T @ d_UT_y).T
/Users/austinlin/Library/Python/3.9/lib/python/site-packages/sklearn/linear_model/_ridge.py:296: RuntimeWarning: invalid value encountered in matmul
  return (Vt.T @ d_UT_y).T
/Users/austinlin/Library/Python/3.9/lib/python/site-packages/sklearn/linear_model/_base.py:279: RuntimeWarning: divide by zero encountered in matmul
  return X @ coef_ + self.intercept_
/Users/austinlin/Library/Python/3.9/lib/python/site-packages/sklearn/linear_model/_base.py:279: RuntimeWarning: overflow encountered in matmul
  return X @ coef_ + self.intercept_
/Users/austinlin/Library/Python/3.9/lib/python/site-packages/sklearn/linear_model/_base.py:279: RuntimeWarning: invalid value encountered in matmul
  return X @ coef_ + self.intercept_
/Users/austinlin/Library/Python/3.9/lib/python/site-packages/sklearn/linear_model/_ridge.py:292: RuntimeWarning: divide by zero encountered in matmul
  UTy = U.T @ y
/Users/austinlin/Library/Python/3.9/lib/python/site-packages/sklearn/linear_model/_ridge.py:292: RuntimeWarning: overflow encountered in matmul
  UTy = U.T @ y
/Users/austinlin/Library/Python/3.9/lib/python/site-packages/sklearn/linear_model/_ridge.py:292: RuntimeWarning: invalid value encountered in matmul
  UTy = U.T @ y
/Users/austinlin/Library/Python/3.9/lib/python/site-packages/sklearn/linear_model/_ridge.py:296: RuntimeWarning: divide by zero encountered in matmul
  return (Vt.T @ d_UT_y).T
/Users/austinlin/Library/Python/3.9/lib/python/site-packages/sklearn/linear_model/_ridge.py:296: RuntimeWarning: overflow encountered in matmul
  return (Vt.T @ d_UT_y).T
/Users/austinlin/Library/Python/3.9/lib/python/site-packages/sklearn/linear_model/_ridge.py:296: RuntimeWarning: invalid value encountered in matmul
  return (Vt.T @ d_UT_y).T
/Users/austinlin/Library/Python/3.9/lib/python/site-packages/sklearn/linear_model/_base.py:279: RuntimeWarning: divide by zero encountered in matmul
  return X @ coef_ + self.intercept_
/Users/austinlin/Library/Python/3.9/lib/python/site-packages/sklearn/linear_model/_base.py:279: RuntimeWarning: overflow encountered in matmul
  return X @ coef_ + self.intercept_
/Users/austinlin/Library/Python/3.9/lib/python/site-packages/sklearn/linear_model/_base.py:279: RuntimeWarning: invalid value encountered in matmul
  return X @ coef_ + self.intercept_
/Users/austinlin/Library/Python/3.9/lib/python/site-packages/sklearn/linear_model/_base.py:279: RuntimeWarning: divide by zero encountered in matmul
  return X @ coef_ + self.intercept_
/Users/austinlin/Library/Python/3.9/lib/python/site-packages/sklearn/linear_model/_base.py:279: RuntimeWarning: overflow encountered in matmul
  return X @ coef_ + self.intercept_
/Users/austinlin/Library/Python/3.9/lib/python/site-packages/sklearn/linear_model/_base.py:279: RuntimeWarning: invalid value encountered in matmul
  return X @ coef_ + self.intercept_
/Users/austinlin/Library/Python/3.9/lib/python/site-packages/sklearn/linear_model/_ridge.py:292: RuntimeWarning: divide by zero encountered in matmul
  UTy = U.T @ y
/Users/austinlin/Library/Python/3.9/lib/python/site-packages/sklearn/linear_model/_ridge.py:292: RuntimeWarning: overflow encountered in matmul
  UTy = U.T @ y
/Users/austinlin/Library/Python/3.9/lib/python/site-packages/sklearn/linear_model/_ridge.py:292: RuntimeWarning: invalid value encountered in matmul
  UTy = U.T @ y
/Users/austinlin/Library/Python/3.9/lib/python/site-packages/sklearn/linear_model/_ridge.py:296: RuntimeWarning: divide by zero encountered in matmul
  return (Vt.T @ d_UT_y).T
/Users/austinlin/Library/Python/3.9/lib/python/site-packages/sklearn/linear_model/_ridge.py:296: RuntimeWarning: overflow encountered in matmul
  return (Vt.T @ d_UT_y).T
/Users/austinlin/Library/Python/3.9/lib/python/site-packages/sklearn/linear_model/_ridge.py:296: RuntimeWarning: invalid value encountered in matmul
  return (Vt.T @ d_UT_y).T
/Users/austinlin/Library/Python/3.9/lib/python/site-packages/sklearn/linear_model/_base.py:279: RuntimeWarning: divide by zero encountered in matmul
  return X @ coef_ + self.intercept_
/Users/austinlin/Library/Python/3.9/lib/python/site-packages/sklearn/linear_model/_base.py:279: RuntimeWarning: overflow encountered in matmul
  return X @ coef_ + self.intercept_
/Users/austinlin/Library/Python/3.9/lib/python/site-packages/sklearn/linear_model/_base.py:279: RuntimeWarning: invalid value encountered in matmul
  return X @ coef_ + self.intercept_
/Users/austinlin/Library/Python/3.9/lib/python/site-packages/sklearn/linear_model/_ridge.py:292: RuntimeWarning: divide by zero encountered in matmul
  UTy = U.T @ y
/Users/austinlin/Library/Python/3.9/lib/python/site-packages/sklearn/linear_model/_ridge.py:292: RuntimeWarning: overflow encountered in matmul
  UTy = U.T @ y
/Users/austinlin/Library/Python/3.9/lib/python/site-packages/sklearn/linear_model/_ridge.py:292: RuntimeWarning: invalid value encountered in matmul
  UTy = U.T @ y
/Users/austinlin/Library/Python/3.9/lib/python/site-packages/sklearn/linear_model/_ridge.py:296: RuntimeWarning: divide by zero encountered in matmul
  return (Vt.T @ d_UT_y).T
/Users/austinlin/Library/Python/3.9/lib/python/site-packages/sklearn/linear_model/_ridge.py:296: RuntimeWarning: overflow encountered in matmul
  return (Vt.T @ d_UT_y).T
/Users/austinlin/Library/Python/3.9/lib/python/site-packages/sklearn/linear_model/_ridge.py:296: RuntimeWarning: invalid value encountered in matmul
  return (Vt.T @ d_UT_y).T
/Users/austinlin/Library/Python/3.9/lib/python/site-packages/sklearn/linear_model/_base.py:279: RuntimeWarning: divide by zero encountered in matmul
  return X @ coef_ + self.intercept_
/Users/austinlin/Library/Python/3.9/lib/python/site-packages/sklearn/linear_model/_base.py:279: RuntimeWarning: overflow encountered in matmul
  return X @ coef_ + self.intercept_
/Users/austinlin/Library/Python/3.9/lib/python/site-packages/sklearn/linear_model/_base.py:279: RuntimeWarning: invalid value encountered in matmul
  return X @ coef_ + self.intercept_
/Users/austinlin/Library/Python/3.9/lib/python/site-packages/sklearn/linear_model/_ridge.py:292: RuntimeWarning: divide by zero encountered in matmul
  UTy = U.T @ y
/Users/austinlin/Library/Python/3.9/lib/python/site-packages/sklearn/linear_model/_ridge.py:292: RuntimeWarning: overflow encountered in matmul
  UTy = U.T @ y
/Users/austinlin/Library/Python/3.9/lib/python/site-packages/sklearn/linear_model/_ridge.py:292: RuntimeWarning: invalid value encountered in matmul
  UTy = U.T @ y
/Users/austinlin/Library/Python/3.9/lib/python/site-packages/sklearn/linear_model/_ridge.py:296: RuntimeWarning: divide by zero encountered in matmul
  return (Vt.T @ d_UT_y).T
/Users/austinlin/Library/Python/3.9/lib/python/site-packages/sklearn/linear_model/_ridge.py:296: RuntimeWarning: overflow encountered in matmul
  return (Vt.T @ d_UT_y).T
/Users/austinlin/Library/Python/3.9/lib/python/site-packages/sklearn/linear_model/_ridge.py:296: RuntimeWarning: invalid value encountered in matmul
  return (Vt.T @ d_UT_y).T
/Users/austinlin/Library/Python/3.9/lib/python/site-packages/sklearn/linear_model/_base.py:279: RuntimeWarning: divide by zero encountered in matmul
  return X @ coef_ + self.intercept_
/Users/austinlin/Library/Python/3.9/lib/python/site-packages/sklearn/linear_model/_base.py:279: RuntimeWarning: overflow encountered in matmul
  return X @ coef_ + self.intercept_
/Users/austinlin/Library/Python/3.9/lib/python/site-packages/sklearn/linear_model/_base.py:279: RuntimeWarning: invalid value encountered in matmul
  return X @ coef_ + self.intercept_
/Users/austinlin/Library/Python/3.9/lib/python/site-packages/sklearn/linear_model/_ridge.py:292: RuntimeWarning: divide by zero encountered in matmul
  UTy = U.T @ y
/Users/austinlin/Library/Python/3.9/lib/python/site-packages/sklearn/linear_model/_ridge.py:292: RuntimeWarning: overflow encountered in matmul
  UTy = U.T @ y
/Users/austinlin/Library/Python/3.9/lib/python/site-packages/sklearn/linear_model/_ridge.py:292: RuntimeWarning: invalid value encountered in matmul
  UTy = U.T @ y
/Users/austinlin/Library/Python/3.9/lib/python/site-packages/sklearn/linear_model/_ridge.py:296: RuntimeWarning: divide by zero encountered in matmul
  return (Vt.T @ d_UT_y).T
/Users/austinlin/Library/Python/3.9/lib/python/site-packages/sklearn/linear_model/_ridge.py:296: RuntimeWarning: overflow encountered in matmul
  return (Vt.T @ d_UT_y).T
/Users/austinlin/Library/Python/3.9/lib/python/site-packages/sklearn/linear_model/_ridge.py:296: RuntimeWarning: invalid value encountered in matmul
  return (Vt.T @ d_UT_y).T
/Users/austinlin/Library/Python/3.9/lib/python/site-packages/sklearn/linear_model/_base.py:279: RuntimeWarning: divide by zero encountered in matmul
  return X @ coef_ + self.intercept_
/Users/austinlin/Library/Python/3.9/lib/python/site-packages/sklearn/linear_model/_base.py:279: RuntimeWarning: overflow encountered in matmul
  return X @ coef_ + self.intercept_
/Users/austinlin/Library/Python/3.9/lib/python/site-packages/sklearn/linear_model/_base.py:279: RuntimeWarning: invalid value encountered in matmul
  return X @ coef_ + self.intercept_
/Users/austinlin/Library/Python/3.9/lib/python/site-packages/sklearn/linear_model/_ridge.py:292: RuntimeWarning: divide by zero encountered in matmul
  UTy = U.T @ y
/Users/austinlin/Library/Python/3.9/lib/python/site-packages/sklearn/linear_model/_ridge.py:292: RuntimeWarning: overflow encountered in matmul
  UTy = U.T @ y
/Users/austinlin/Library/Python/3.9/lib/python/site-packages/sklearn/linear_model/_ridge.py:292: RuntimeWarning: invalid value encountered in matmul
  UTy = U.T @ y
/Users/austinlin/Library/Python/3.9/lib/python/site-packages/sklearn/linear_model/_ridge.py:296: RuntimeWarning: divide by zero encountered in matmul
  return (Vt.T @ d_UT_y).T
/Users/austinlin/Library/Python/3.9/lib/python/site-packages/sklearn/linear_model/_ridge.py:296: RuntimeWarning: overflow encountered in matmul
  return (Vt.T @ d_UT_y).T
/Users/austinlin/Library/Python/3.9/lib/python/site-packages/sklearn/linear_model/_ridge.py:296: RuntimeWarning: invalid value encountered in matmul
  return (Vt.T @ d_UT_y).T
/Users/austinlin/Library/Python/3.9/lib/python/site-packages/sklearn/linear_model/_base.py:279: RuntimeWarning: divide by zero encountered in matmul
  return X @ coef_ + self.intercept_
/Users/austinlin/Library/Python/3.9/lib/python/site-packages/sklearn/linear_model/_base.py:279: RuntimeWarning: overflow encountered in matmul
  return X @ coef_ + self.intercept_
/Users/austinlin/Library/Python/3.9/lib/python/site-packages/sklearn/linear_model/_base.py:279: RuntimeWarning: invalid value encountered in matmul
  return X @ coef_ + self.intercept_
/Users/austinlin/Library/Python/3.9/lib/python/site-packages/sklearn/linear_model/_base.py:279: RuntimeWarning: divide by zero encountered in matmul
  return X @ coef_ + self.intercept_
/Users/austinlin/Library/Python/3.9/lib/python/site-packages/sklearn/linear_model/_base.py:279: RuntimeWarning: overflow encountered in matmul
  return X @ coef_ + self.intercept_
/Users/austinlin/Library/Python/3.9/lib/python/site-packages/sklearn/linear_model/_base.py:279: RuntimeWarning: invalid value encountered in matmul
  return X @ coef_ + self.intercept_
{"pool_done": 101}
/Users/austinlin/Library/Python/3.9/lib/python/site-packages/sklearn/utils/extmath.py:335: RuntimeWarning: divide by zero encountered in matmul
  Q, _ = normalizer(A @ Q)
/Users/austinlin/Library/Python/3.9/lib/python/site-packages/sklearn/utils/extmath.py:335: RuntimeWarning: overflow encountered in matmul
  Q, _ = normalizer(A @ Q)
/Users/austinlin/Library/Python/3.9/lib/python/site-packages/sklearn/utils/extmath.py:335: RuntimeWarning: invalid value encountered in matmul
  Q, _ = normalizer(A @ Q)
/Users/austinlin/Library/Python/3.9/lib/python/site-packages/sklearn/utils/extmath.py:336: RuntimeWarning: divide by zero encountered in matmul
  Q, _ = normalizer(A.T @ Q)
/Users/austinlin/Library/Python/3.9/lib/python/site-packages/sklearn/utils/extmath.py:336: RuntimeWarning: overflow encountered in matmul
  Q, _ = normalizer(A.T @ Q)
/Users/austinlin/Library/Python/3.9/lib/python/site-packages/sklearn/utils/extmath.py:336: RuntimeWarning: invalid value encountered in matmul
  Q, _ = normalizer(A.T @ Q)
/Users/austinlin/Library/Python/3.9/lib/python/site-packages/sklearn/utils/extmath.py:340: RuntimeWarning: divide by zero encountered in matmul
  Q, _ = qr_normalizer(A @ Q)
/Users/austinlin/Library/Python/3.9/lib/python/site-packages/sklearn/utils/extmath.py:340: RuntimeWarning: overflow encountered in matmul
  Q, _ = qr_normalizer(A @ Q)
/Users/austinlin/Library/Python/3.9/lib/python/site-packages/sklearn/utils/extmath.py:340: RuntimeWarning: invalid value encountered in matmul
  Q, _ = qr_normalizer(A @ Q)
/Users/austinlin/Library/Python/3.9/lib/python/site-packages/sklearn/utils/extmath.py:533: RuntimeWarning: divide by zero encountered in matmul
  B = Q.T @ M
/Users/austinlin/Library/Python/3.9/lib/python/site-packages/sklearn/utils/extmath.py:533: RuntimeWarning: overflow encountered in matmul
  B = Q.T @ M
/Users/austinlin/Library/Python/3.9/lib/python/site-packages/sklearn/utils/extmath.py:533: RuntimeWarning: invalid value encountered in matmul
  B = Q.T @ M
/Users/austinlin/Library/Python/3.9/lib/python/site-packages/sklearn/utils/extmath.py:547: RuntimeWarning: divide by zero encountered in matmul
  U = Q @ Uhat
/Users/austinlin/Library/Python/3.9/lib/python/site-packages/sklearn/utils/extmath.py:547: RuntimeWarning: overflow encountered in matmul
  U = Q @ Uhat
/Users/austinlin/Library/Python/3.9/lib/python/site-packages/sklearn/utils/extmath.py:547: RuntimeWarning: invalid value encountered in matmul
  U = Q @ Uhat
/Users/austinlin/Library/Python/3.9/lib/python/site-packages/sklearn/decomposition/_base.py:148: RuntimeWarning: divide by zero encountered in matmul
  X_transformed = X @ self.components_.T
/Users/austinlin/Library/Python/3.9/lib/python/site-packages/sklearn/decomposition/_base.py:148: RuntimeWarning: overflow encountered in matmul
  X_transformed = X @ self.components_.T
/Users/austinlin/Library/Python/3.9/lib/python/site-packages/sklearn/decomposition/_base.py:148: RuntimeWarning: invalid value encountered in matmul
  X_transformed = X @ self.components_.T
/Users/austinlin/Library/Python/3.9/lib/python/site-packages/sklearn/decomposition/_base.py:155: RuntimeWarning: divide by zero encountered in matmul
  X_transformed -= xp.reshape(self.mean_, (1, -1)) @ self.components_.T
/Users/austinlin/Library/Python/3.9/lib/python/site-packages/sklearn/decomposition/_base.py:155: RuntimeWarning: overflow encountered in matmul
  X_transformed -= xp.reshape(self.mean_, (1, -1)) @ self.components_.T
/Users/austinlin/Library/Python/3.9/lib/python/site-packages/sklearn/decomposition/_base.py:155: RuntimeWarning: invalid value encountered in matmul
  X_transformed -= xp.reshape(self.mean_, (1, -1)) @ self.components_.T
/Users/austinlin/Library/Python/3.9/lib/python/site-packages/sklearn/linear_model/_ridge.py:292: RuntimeWarning: divide by zero encountered in matmul
  UTy = U.T @ y
/Users/austinlin/Library/Python/3.9/lib/python/site-packages/sklearn/linear_model/_ridge.py:292: RuntimeWarning: overflow encountered in matmul
  UTy = U.T @ y
/Users/austinlin/Library/Python/3.9/lib/python/site-packages/sklearn/linear_model/_ridge.py:292: RuntimeWarning: invalid value encountered in matmul
  UTy = U.T @ y
/Users/austinlin/Library/Python/3.9/lib/python/site-packages/sklearn/linear_model/_base.py:279: RuntimeWarning: divide by zero encountered in matmul
  return X @ coef_ + self.intercept_
/Users/austinlin/Library/Python/3.9/lib/python/site-packages/sklearn/linear_model/_base.py:279: RuntimeWarning: overflow encountered in matmul
  return X @ coef_ + self.intercept_
/Users/austinlin/Library/Python/3.9/lib/python/site-packages/sklearn/linear_model/_base.py:279: RuntimeWarning: invalid value encountered in matmul
  return X @ coef_ + self.intercept_
/Users/austinlin/Library/Python/3.9/lib/python/site-packages/sklearn/linear_model/_ridge.py:292: RuntimeWarning: divide by zero encountered in matmul
  UTy = U.T @ y
/Users/austinlin/Library/Python/3.9/lib/python/site-packages/sklearn/linear_model/_ridge.py:292: RuntimeWarning: overflow encountered in matmul
  UTy = U.T @ y
/Users/austinlin/Library/Python/3.9/lib/python/site-packages/sklearn/linear_model/_ridge.py:292: RuntimeWarning: invalid value encountered in matmul
  UTy = U.T @ y
/Users/austinlin/Library/Python/3.9/lib/python/site-packages/sklearn/linear_model/_base.py:279: RuntimeWarning: divide by zero encountered in matmul
  return X @ coef_ + self.intercept_
/Users/austinlin/Library/Python/3.9/lib/python/site-packages/sklearn/linear_model/_base.py:279: RuntimeWarning: overflow encountered in matmul
  return X @ coef_ + self.intercept_
/Users/austinlin/Library/Python/3.9/lib/python/site-packages/sklearn/linear_model/_base.py:279: RuntimeWarning: invalid value encountered in matmul
  return X @ coef_ + self.intercept_
/Users/austinlin/Library/Python/3.9/lib/python/site-packages/sklearn/linear_model/_ridge.py:292: RuntimeWarning: divide by zero encountered in matmul
  UTy = U.T @ y
/Users/austinlin/Library/Python/3.9/lib/python/site-packages/sklearn/linear_model/_ridge.py:292: RuntimeWarning: overflow encountered in matmul
  UTy = U.T @ y
/Users/austinlin/Library/Python/3.9/lib/python/site-packages/sklearn/linear_model/_ridge.py:292: RuntimeWarning: invalid value encountered in matmul
  UTy = U.T @ y
/Users/austinlin/Library/Python/3.9/lib/python/site-packages/sklearn/linear_model/_base.py:279: RuntimeWarning: divide by zero encountered in matmul
  return X @ coef_ + self.intercept_
/Users/austinlin/Library/Python/3.9/lib/python/site-packages/sklearn/linear_model/_base.py:279: RuntimeWarning: overflow encountered in matmul
  return X @ coef_ + self.intercept_
/Users/austinlin/Library/Python/3.9/lib/python/site-packages/sklearn/linear_model/_base.py:279: RuntimeWarning: invalid value encountered in matmul
  return X @ coef_ + self.intercept_
/Users/austinlin/Library/Python/3.9/lib/python/site-packages/sklearn/linear_model/_ridge.py:292: RuntimeWarning: divide by zero encountered in matmul
  UTy = U.T @ y
/Users/austinlin/Library/Python/3.9/lib/python/site-packages/sklearn/linear_model/_ridge.py:292: RuntimeWarning: overflow encountered in matmul
  UTy = U.T @ y
/Users/austinlin/Library/Python/3.9/lib/python/site-packages/sklearn/linear_model/_ridge.py:292: RuntimeWarning: invalid value encountered in matmul
  UTy = U.T @ y
/Users/austinlin/Library/Python/3.9/lib/python/site-packages/sklearn/linear_model/_base.py:279: RuntimeWarning: divide by zero encountered in matmul
  return X @ coef_ + self.intercept_
/Users/austinlin/Library/Python/3.9/lib/python/site-packages/sklearn/linear_model/_base.py:279: RuntimeWarning: overflow encountered in matmul
  return X @ coef_ + self.intercept_
/Users/austinlin/Library/Python/3.9/lib/python/site-packages/sklearn/linear_model/_base.py:279: RuntimeWarning: invalid value encountered in matmul
  return X @ coef_ + self.intercept_
/Users/austinlin/Library/Python/3.9/lib/python/site-packages/sklearn/linear_model/_ridge.py:292: RuntimeWarning: divide by zero encountered in matmul
  UTy = U.T @ y
/Users/austinlin/Library/Python/3.9/lib/python/site-packages/sklearn/linear_model/_ridge.py:292: RuntimeWarning: overflow encountered in matmul
  UTy = U.T @ y
/Users/austinlin/Library/Python/3.9/lib/python/site-packages/sklearn/linear_model/_ridge.py:292: RuntimeWarning: invalid value encountered in matmul
  UTy = U.T @ y
/Users/austinlin/Library/Python/3.9/lib/python/site-packages/sklearn/linear_model/_base.py:279: RuntimeWarning: divide by zero encountered in matmul
  return X @ coef_ + self.intercept_
/Users/austinlin/Library/Python/3.9/lib/python/site-packages/sklearn/linear_model/_base.py:279: RuntimeWarning: overflow encountered in matmul
  return X @ coef_ + self.intercept_
/Users/austinlin/Library/Python/3.9/lib/python/site-packages/sklearn/linear_model/_base.py:279: RuntimeWarning: invalid value encountered in matmul
  return X @ coef_ + self.intercept_
/Users/austinlin/Library/Python/3.9/lib/python/site-packages/sklearn/linear_model/_base.py:279: RuntimeWarning: divide by zero encountered in matmul
  return X @ coef_ + self.intercept_
/Users/austinlin/Library/Python/3.9/lib/python/site-packages/sklearn/linear_model/_base.py:279: RuntimeWarning: overflow encountered in matmul
  return X @ coef_ + self.intercept_
/Users/austinlin/Library/Python/3.9/lib/python/site-packages/sklearn/linear_model/_base.py:279: RuntimeWarning: invalid value encountered in matmul
  return X @ coef_ + self.intercept_
/Users/austinlin/Library/Python/3.9/lib/python/site-packages/sklearn/linear_model/_ridge.py:292: RuntimeWarning: divide by zero encountered in matmul
  UTy = U.T @ y
/Users/austinlin/Library/Python/3.9/lib/python/site-packages/sklearn/linear_model/_ridge.py:292: RuntimeWarning: overflow encountered in matmul
  UTy = U.T @ y
/Users/austinlin/Library/Python/3.9/lib/python/site-packages/sklearn/linear_model/_ridge.py:292: RuntimeWarning: invalid value encountered in matmul
  UTy = U.T @ y
/Users/austinlin/Library/Python/3.9/lib/python/site-packages/sklearn/linear_model/_ridge.py:296: RuntimeWarning: divide by zero encountered in matmul
  return (Vt.T @ d_UT_y).T
/Users/austinlin/Library/Python/3.9/lib/python/site-packages/sklearn/linear_model/_ridge.py:296: RuntimeWarning: overflow encountered in matmul
  return (Vt.T @ d_UT_y).T
/Users/austinlin/Library/Python/3.9/lib/python/site-packages/sklearn/linear_model/_ridge.py:296: RuntimeWarning: invalid value encountered in matmul
  return (Vt.T @ d_UT_y).T
/Users/austinlin/Library/Python/3.9/lib/python/site-packages/sklearn/linear_model/_base.py:279: RuntimeWarning: divide by zero encountered in matmul
  return X @ coef_ + self.intercept_
/Users/austinlin/Library/Python/3.9/lib/python/site-packages/sklearn/linear_model/_base.py:279: RuntimeWarning: overflow encountered in matmul
  return X @ coef_ + self.intercept_
/Users/austinlin/Library/Python/3.9/lib/python/site-packages/sklearn/linear_model/_base.py:279: RuntimeWarning: invalid value encountered in matmul
  return X @ coef_ + self.intercept_
/Users/austinlin/Library/Python/3.9/lib/python/site-packages/sklearn/linear_model/_ridge.py:292: RuntimeWarning: divide by zero encountered in matmul
  UTy = U.T @ y
/Users/austinlin/Library/Python/3.9/lib/python/site-packages/sklearn/linear_model/_ridge.py:292: RuntimeWarning: overflow encountered in matmul
  UTy = U.T @ y
/Users/austinlin/Library/Python/3.9/lib/python/site-packages/sklearn/linear_model/_ridge.py:292: RuntimeWarning: invalid value encountered in matmul
  UTy = U.T @ y
/Users/austinlin/Library/Python/3.9/lib/python/site-packages/sklearn/linear_model/_ridge.py:296: RuntimeWarning: divide by zero encountered in matmul
  return (Vt.T @ d_UT_y).T
/Users/austinlin/Library/Python/3.9/lib/python/site-packages/sklearn/linear_model/_ridge.py:296: RuntimeWarning: overflow encountered in matmul
  return (Vt.T @ d_UT_y).T
/Users/austinlin/Library/Python/3.9/lib/python/site-packages/sklearn/linear_model/_ridge.py:296: RuntimeWarning: invalid value encountered in matmul
  return (Vt.T @ d_UT_y).T
/Users/austinlin/Library/Python/3.9/lib/python/site-packages/sklearn/linear_model/_base.py:279: RuntimeWarning: divide by zero encountered in matmul
  return X @ coef_ + self.intercept_
/Users/austinlin/Library/Python/3.9/lib/python/site-packages/sklearn/linear_model/_base.py:279: RuntimeWarning: overflow encountered in matmul
  return X @ coef_ + self.intercept_
/Users/austinlin/Library/Python/3.9/lib/python/site-packages/sklearn/linear_model/_base.py:279: RuntimeWarning: invalid value encountered in matmul
  return X @ coef_ + self.intercept_
/Users/austinlin/Library/Python/3.9/lib/python/site-packages/sklearn/linear_model/_ridge.py:292: RuntimeWarning: divide by zero encountered in matmul
  UTy = U.T @ y
/Users/austinlin/Library/Python/3.9/lib/python/site-packages/sklearn/linear_model/_ridge.py:292: RuntimeWarning: overflow encountered in matmul
  UTy = U.T @ y
/Users/austinlin/Library/Python/3.9/lib/python/site-packages/sklearn/linear_model/_ridge.py:292: RuntimeWarning: invalid value encountered in matmul
  UTy = U.T @ y
/Users/austinlin/Library/Python/3.9/lib/python/site-packages/sklearn/linear_model/_ridge.py:296: RuntimeWarning: divide by zero encountered in matmul
  return (Vt.T @ d_UT_y).T
/Users/austinlin/Library/Python/3.9/lib/python/site-packages/sklearn/linear_model/_ridge.py:296: RuntimeWarning: overflow encountered in matmul
  return (Vt.T @ d_UT_y).T
/Users/austinlin/Library/Python/3.9/lib/python/site-packages/sklearn/linear_model/_ridge.py:296: RuntimeWarning: invalid value encountered in matmul
  return (Vt.T @ d_UT_y).T
/Users/austinlin/Library/Python/3.9/lib/python/site-packages/sklearn/linear_model/_base.py:279: RuntimeWarning: divide by zero encountered in matmul
  return X @ coef_ + self.intercept_
/Users/austinlin/Library/Python/3.9/lib/python/site-packages/sklearn/linear_model/_base.py:279: RuntimeWarning: overflow encountered in matmul
  return X @ coef_ + self.intercept_
/Users/austinlin/Library/Python/3.9/lib/python/site-packages/sklearn/linear_model/_base.py:279: RuntimeWarning: invalid value encountered in matmul
  return X @ coef_ + self.intercept_
/Users/austinlin/Library/Python/3.9/lib/python/site-packages/sklearn/linear_model/_ridge.py:292: RuntimeWarning: divide by zero encountered in matmul
  UTy = U.T @ y
/Users/austinlin/Library/Python/3.9/lib/python/site-packages/sklearn/linear_model/_ridge.py:292: RuntimeWarning: overflow encountered in matmul
  UTy = U.T @ y
/Users/austinlin/Library/Python/3.9/lib/python/site-packages/sklearn/linear_model/_ridge.py:292: RuntimeWarning: invalid value encountered in matmul
  UTy = U.T @ y
/Users/austinlin/Library/Python/3.9/lib/python/site-packages/sklearn/linear_model/_ridge.py:296: RuntimeWarning: divide by zero encountered in matmul
  return (Vt.T @ d_UT_y).T
/Users/austinlin/Library/Python/3.9/lib/python/site-packages/sklearn/linear_model/_ridge.py:296: RuntimeWarning: overflow encountered in matmul
  return (Vt.T @ d_UT_y).T
/Users/austinlin/Library/Python/3.9/lib/python/site-packages/sklearn/linear_model/_ridge.py:296: RuntimeWarning: invalid value encountered in matmul
  return (Vt.T @ d_UT_y).T
/Users/austinlin/Library/Python/3.9/lib/python/site-packages/sklearn/linear_model/_base.py:279: RuntimeWarning: divide by zero encountered in matmul
  return X @ coef_ + self.intercept_
/Users/austinlin/Library/Python/3.9/lib/python/site-packages/sklearn/linear_model/_base.py:279: RuntimeWarning: overflow encountered in matmul
  return X @ coef_ + self.intercept_
/Users/austinlin/Library/Python/3.9/lib/python/site-packages/sklearn/linear_model/_base.py:279: RuntimeWarning: invalid value encountered in matmul
  return X @ coef_ + self.intercept_
/Users/austinlin/Library/Python/3.9/lib/python/site-packages/sklearn/linear_model/_ridge.py:292: RuntimeWarning: divide by zero encountered in matmul
  UTy = U.T @ y
/Users/austinlin/Library/Python/3.9/lib/python/site-packages/sklearn/linear_model/_ridge.py:292: RuntimeWarning: overflow encountered in matmul
  UTy = U.T @ y
/Users/austinlin/Library/Python/3.9/lib/python/site-packages/sklearn/linear_model/_ridge.py:292: RuntimeWarning: invalid value encountered in matmul
  UTy = U.T @ y
/Users/austinlin/Library/Python/3.9/lib/python/site-packages/sklearn/linear_model/_ridge.py:296: RuntimeWarning: divide by zero encountered in matmul
  return (Vt.T @ d_UT_y).T
/Users/austinlin/Library/Python/3.9/lib/python/site-packages/sklearn/linear_model/_ridge.py:296: RuntimeWarning: overflow encountered in matmul
  return (Vt.T @ d_UT_y).T
/Users/austinlin/Library/Python/3.9/lib/python/site-packages/sklearn/linear_model/_ridge.py:296: RuntimeWarning: invalid value encountered in matmul
  return (Vt.T @ d_UT_y).T
/Users/austinlin/Library/Python/3.9/lib/python/site-packages/sklearn/linear_model/_base.py:279: RuntimeWarning: divide by zero encountered in matmul
  return X @ coef_ + self.intercept_
/Users/austinlin/Library/Python/3.9/lib/python/site-packages/sklearn/linear_model/_base.py:279: RuntimeWarning: overflow encountered in matmul
  return X @ coef_ + self.intercept_
/Users/austinlin/Library/Python/3.9/lib/python/site-packages/sklearn/linear_model/_base.py:279: RuntimeWarning: invalid value encountered in matmul
  return X @ coef_ + self.intercept_
/Users/austinlin/Library/Python/3.9/lib/python/site-packages/sklearn/linear_model/_base.py:279: RuntimeWarning: divide by zero encountered in matmul
  return X @ coef_ + self.intercept_
/Users/austinlin/Library/Python/3.9/lib/python/site-packages/sklearn/linear_model/_base.py:279: RuntimeWarning: overflow encountered in matmul
  return X @ coef_ + self.intercept_
/Users/austinlin/Library/Python/3.9/lib/python/site-packages/sklearn/linear_model/_base.py:279: RuntimeWarning: invalid value encountered in matmul
  return X @ coef_ + self.intercept_
/Users/austinlin/Library/Python/3.9/lib/python/site-packages/sklearn/linear_model/_ridge.py:292: RuntimeWarning: divide by zero encountered in matmul
  UTy = U.T @ y
/Users/austinlin/Library/Python/3.9/lib/python/site-packages/sklearn/linear_model/_ridge.py:292: RuntimeWarning: overflow encountered in matmul
  UTy = U.T @ y
/Users/austinlin/Library/Python/3.9/lib/python/site-packages/sklearn/linear_model/_ridge.py:292: RuntimeWarning: invalid value encountered in matmul
  UTy = U.T @ y
/Users/austinlin/Library/Python/3.9/lib/python/site-packages/sklearn/linear_model/_ridge.py:296: RuntimeWarning: divide by zero encountered in matmul
  return (Vt.T @ d_UT_y).T
/Users/austinlin/Library/Python/3.9/lib/python/site-packages/sklearn/linear_model/_ridge.py:296: RuntimeWarning: overflow encountered in matmul
  return (Vt.T @ d_UT_y).T
/Users/austinlin/Library/Python/3.9/lib/python/site-packages/sklearn/linear_model/_ridge.py:296: RuntimeWarning: invalid value encountered in matmul
  return (Vt.T @ d_UT_y).T
/Users/austinlin/Library/Python/3.9/lib/python/site-packages/sklearn/linear_model/_base.py:279: RuntimeWarning: divide by zero encountered in matmul
  return X @ coef_ + self.intercept_
/Users/austinlin/Library/Python/3.9/lib/python/site-packages/sklearn/linear_model/_base.py:279: RuntimeWarning: overflow encountered in matmul
  return X @ coef_ + self.intercept_
/Users/austinlin/Library/Python/3.9/lib/python/site-packages/sklearn/linear_model/_base.py:279: RuntimeWarning: invalid value encountered in matmul
  return X @ coef_ + self.intercept_
/Users/austinlin/Library/Python/3.9/lib/python/site-packages/sklearn/linear_model/_ridge.py:292: RuntimeWarning: divide by zero encountered in matmul
  UTy = U.T @ y
/Users/austinlin/Library/Python/3.9/lib/python/site-packages/sklearn/linear_model/_ridge.py:292: RuntimeWarning: overflow encountered in matmul
  UTy = U.T @ y
/Users/austinlin/Library/Python/3.9/lib/python/site-packages/sklearn/linear_model/_ridge.py:292: RuntimeWarning: invalid value encountered in matmul
  UTy = U.T @ y
/Users/austinlin/Library/Python/3.9/lib/python/site-packages/sklearn/linear_model/_ridge.py:296: RuntimeWarning: divide by zero encountered in matmul
  return (Vt.T @ d_UT_y).T
/Users/austinlin/Library/Python/3.9/lib/python/site-packages/sklearn/linear_model/_ridge.py:296: RuntimeWarning: overflow encountered in matmul
  return (Vt.T @ d_UT_y).T
/Users/austinlin/Library/Python/3.9/lib/python/site-packages/sklearn/linear_model/_ridge.py:296: RuntimeWarning: invalid value encountered in matmul
  return (Vt.T @ d_UT_y).T
/Users/austinlin/Library/Python/3.9/lib/python/site-packages/sklearn/linear_model/_base.py:279: RuntimeWarning: divide by zero encountered in matmul
  return X @ coef_ + self.intercept_
/Users/austinlin/Library/Python/3.9/lib/python/site-packages/sklearn/linear_model/_base.py:279: RuntimeWarning: overflow encountered in matmul
  return X @ coef_ + self.intercept_
/Users/austinlin/Library/Python/3.9/lib/python/site-packages/sklearn/linear_model/_base.py:279: RuntimeWarning: invalid value encountered in matmul
  return X @ coef_ + self.intercept_
/Users/austinlin/Library/Python/3.9/lib/python/site-packages/sklearn/linear_model/_ridge.py:292: RuntimeWarning: divide by zero encountered in matmul
  UTy = U.T @ y
/Users/austinlin/Library/Python/3.9/lib/python/site-packages/sklearn/linear_model/_ridge.py:292: RuntimeWarning: overflow encountered in matmul
  UTy = U.T @ y
/Users/austinlin/Library/Python/3.9/lib/python/site-packages/sklearn/linear_model/_ridge.py:292: RuntimeWarning: invalid value encountered in matmul
  UTy = U.T @ y
/Users/austinlin/Library/Python/3.9/lib/python/site-packages/sklearn/linear_model/_ridge.py:296: RuntimeWarning: divide by zero encountered in matmul
  return (Vt.T @ d_UT_y).T
/Users/austinlin/Library/Python/3.9/lib/python/site-packages/sklearn/linear_model/_ridge.py:296: RuntimeWarning: overflow encountered in matmul
  return (Vt.T @ d_UT_y).T
/Users/austinlin/Library/Python/3.9/lib/python/site-packages/sklearn/linear_model/_ridge.py:296: RuntimeWarning: invalid value encountered in matmul
  return (Vt.T @ d_UT_y).T
/Users/austinlin/Library/Python/3.9/lib/python/site-packages/sklearn/linear_model/_base.py:279: RuntimeWarning: divide by zero encountered in matmul
  return X @ coef_ + self.intercept_
/Users/austinlin/Library/Python/3.9/lib/python/site-packages/sklearn/linear_model/_base.py:279: RuntimeWarning: overflow encountered in matmul
  return X @ coef_ + self.intercept_
/Users/austinlin/Library/Python/3.9/lib/python/site-packages/sklearn/linear_model/_base.py:279: RuntimeWarning: invalid value encountered in matmul
  return X @ coef_ + self.intercept_
/Users/austinlin/Library/Python/3.9/lib/python/site-packages/sklearn/linear_model/_ridge.py:292: RuntimeWarning: divide by zero encountered in matmul
  UTy = U.T @ y
/Users/austinlin/Library/Python/3.9/lib/python/site-packages/sklearn/linear_model/_ridge.py:292: RuntimeWarning: overflow encountered in matmul
  UTy = U.T @ y
/Users/austinlin/Library/Python/3.9/lib/python/site-packages/sklearn/linear_model/_ridge.py:292: RuntimeWarning: invalid value encountered in matmul
  UTy = U.T @ y
/Users/austinlin/Library/Python/3.9/lib/python/site-packages/sklearn/linear_model/_ridge.py:296: RuntimeWarning: divide by zero encountered in matmul
  return (Vt.T @ d_UT_y).T
/Users/austinlin/Library/Python/3.9/lib/python/site-packages/sklearn/linear_model/_ridge.py:296: RuntimeWarning: overflow encountered in matmul
  return (Vt.T @ d_UT_y).T
/Users/austinlin/Library/Python/3.9/lib/python/site-packages/sklearn/linear_model/_ridge.py:296: RuntimeWarning: invalid value encountered in matmul
  return (Vt.T @ d_UT_y).T
/Users/austinlin/Library/Python/3.9/lib/python/site-packages/sklearn/linear_model/_base.py:279: RuntimeWarning: divide by zero encountered in matmul
  return X @ coef_ + self.intercept_
/Users/austinlin/Library/Python/3.9/lib/python/site-packages/sklearn/linear_model/_base.py:279: RuntimeWarning: overflow encountered in matmul
  return X @ coef_ + self.intercept_
/Users/austinlin/Library/Python/3.9/lib/python/site-packages/sklearn/linear_model/_base.py:279: RuntimeWarning: invalid value encountered in matmul
  return X @ coef_ + self.intercept_
/Users/austinlin/Library/Python/3.9/lib/python/site-packages/sklearn/linear_model/_ridge.py:292: RuntimeWarning: divide by zero encountered in matmul
  UTy = U.T @ y
/Users/austinlin/Library/Python/3.9/lib/python/site-packages/sklearn/linear_model/_ridge.py:292: RuntimeWarning: overflow encountered in matmul
  UTy = U.T @ y
/Users/austinlin/Library/Python/3.9/lib/python/site-packages/sklearn/linear_model/_ridge.py:292: RuntimeWarning: invalid value encountered in matmul
  UTy = U.T @ y
/Users/austinlin/Library/Python/3.9/lib/python/site-packages/sklearn/linear_model/_ridge.py:296: RuntimeWarning: divide by zero encountered in matmul
  return (Vt.T @ d_UT_y).T
/Users/austinlin/Library/Python/3.9/lib/python/site-packages/sklearn/linear_model/_ridge.py:296: RuntimeWarning: overflow encountered in matmul
  return (Vt.T @ d_UT_y).T
/Users/austinlin/Library/Python/3.9/lib/python/site-packages/sklearn/linear_model/_ridge.py:296: RuntimeWarning: invalid value encountered in matmul
  return (Vt.T @ d_UT_y).T
/Users/austinlin/Library/Python/3.9/lib/python/site-packages/sklearn/linear_model/_base.py:279: RuntimeWarning: divide by zero encountered in matmul
  return X @ coef_ + self.intercept_
/Users/austinlin/Library/Python/3.9/lib/python/site-packages/sklearn/linear_model/_base.py:279: RuntimeWarning: overflow encountered in matmul
  return X @ coef_ + self.intercept_
/Users/austinlin/Library/Python/3.9/lib/python/site-packages/sklearn/linear_model/_base.py:279: RuntimeWarning: invalid value encountered in matmul
  return X @ coef_ + self.intercept_
/Users/austinlin/Library/Python/3.9/lib/python/site-packages/sklearn/linear_model/_base.py:279: RuntimeWarning: divide by zero encountered in matmul
  return X @ coef_ + self.intercept_
/Users/austinlin/Library/Python/3.9/lib/python/site-packages/sklearn/linear_model/_base.py:279: RuntimeWarning: overflow encountered in matmul
  return X @ coef_ + self.intercept_
/Users/austinlin/Library/Python/3.9/lib/python/site-packages/sklearn/linear_model/_base.py:279: RuntimeWarning: invalid value encountered in matmul
  return X @ coef_ + self.intercept_
{"pool_done": 202}
/Users/austinlin/Library/Python/3.9/lib/python/site-packages/sklearn/utils/extmath.py:335: RuntimeWarning: divide by zero encountered in matmul
  Q, _ = normalizer(A @ Q)
/Users/austinlin/Library/Python/3.9/lib/python/site-packages/sklearn/utils/extmath.py:335: RuntimeWarning: overflow encountered in matmul
  Q, _ = normalizer(A @ Q)
/Users/austinlin/Library/Python/3.9/lib/python/site-packages/sklearn/utils/extmath.py:335: RuntimeWarning: invalid value encountered in matmul
  Q, _ = normalizer(A @ Q)
/Users/austinlin/Library/Python/3.9/lib/python/site-packages/sklearn/utils/extmath.py:336: RuntimeWarning: divide by zero encountered in matmul
  Q, _ = normalizer(A.T @ Q)
/Users/austinlin/Library/Python/3.9/lib/python/site-packages/sklearn/utils/extmath.py:336: RuntimeWarning: overflow encountered in matmul
  Q, _ = normalizer(A.T @ Q)
/Users/austinlin/Library/Python/3.9/lib/python/site-packages/sklearn/utils/extmath.py:336: RuntimeWarning: invalid value encountered in matmul
  Q, _ = normalizer(A.T @ Q)
/Users/austinlin/Library/Python/3.9/lib/python/site-packages/sklearn/utils/extmath.py:340: RuntimeWarning: divide by zero encountered in matmul
  Q, _ = qr_normalizer(A @ Q)
/Users/austinlin/Library/Python/3.9/lib/python/site-packages/sklearn/utils/extmath.py:340: RuntimeWarning: overflow encountered in matmul
  Q, _ = qr_normalizer(A @ Q)
/Users/austinlin/Library/Python/3.9/lib/python/site-packages/sklearn/utils/extmath.py:340: RuntimeWarning: invalid value encountered in matmul
  Q, _ = qr_normalizer(A @ Q)
/Users/austinlin/Library/Python/3.9/lib/python/site-packages/sklearn/utils/extmath.py:533: RuntimeWarning: divide by zero encountered in matmul
  B = Q.T @ M
/Users/austinlin/Library/Python/3.9/lib/python/site-packages/sklearn/utils/extmath.py:533: RuntimeWarning: overflow encountered in matmul
  B = Q.T @ M
/Users/austinlin/Library/Python/3.9/lib/python/site-packages/sklearn/utils/extmath.py:533: RuntimeWarning: invalid value encountered in matmul
  B = Q.T @ M
/Users/austinlin/Library/Python/3.9/lib/python/site-packages/sklearn/utils/extmath.py:547: RuntimeWarning: divide by zero encountered in matmul
  U = Q @ Uhat
/Users/austinlin/Library/Python/3.9/lib/python/site-packages/sklearn/utils/extmath.py:547: RuntimeWarning: overflow encountered in matmul
  U = Q @ Uhat
/Users/austinlin/Library/Python/3.9/lib/python/site-packages/sklearn/utils/extmath.py:547: RuntimeWarning: invalid value encountered in matmul
  U = Q @ Uhat
/Users/austinlin/Library/Python/3.9/lib/python/site-packages/sklearn/decomposition/_base.py:148: RuntimeWarning: divide by zero encountered in matmul
  X_transformed = X @ self.components_.T
/Users/austinlin/Library/Python/3.9/lib/python/site-packages/sklearn/decomposition/_base.py:148: RuntimeWarning: overflow encountered in matmul
  X_transformed = X @ self.components_.T
/Users/austinlin/Library/Python/3.9/lib/python/site-packages/sklearn/decomposition/_base.py:148: RuntimeWarning: invalid value encountered in matmul
  X_transformed = X @ self.components_.T
/Users/austinlin/Library/Python/3.9/lib/python/site-packages/sklearn/decomposition/_base.py:155: RuntimeWarning: divide by zero encountered in matmul
  X_transformed -= xp.reshape(self.mean_, (1, -1)) @ self.components_.T
/Users/austinlin/Library/Python/3.9/lib/python/site-packages/sklearn/decomposition/_base.py:155: RuntimeWarning: overflow encountered in matmul
  X_transformed -= xp.reshape(self.mean_, (1, -1)) @ self.components_.T
/Users/austinlin/Library/Python/3.9/lib/python/site-packages/sklearn/decomposition/_base.py:155: RuntimeWarning: invalid value encountered in matmul
  X_transformed -= xp.reshape(self.mean_, (1, -1)) @ self.components_.T
/Users/austinlin/Library/Python/3.9/lib/python/site-packages/sklearn/linear_model/_ridge.py:292: RuntimeWarning: divide by zero encountered in matmul
  UTy = U.T @ y
/Users/austinlin/Library/Python/3.9/lib/python/site-packages/sklearn/linear_model/_ridge.py:292: RuntimeWarning: overflow encountered in matmul
  UTy = U.T @ y
/Users/austinlin/Library/Python/3.9/lib/python/site-packages/sklearn/linear_model/_ridge.py:292: RuntimeWarning: invalid value encountered in matmul
  UTy = U.T @ y
/Users/austinlin/Library/Python/3.9/lib/python/site-packages/sklearn/linear_model/_base.py:279: RuntimeWarning: divide by zero encountered in matmul
  return X @ coef_ + self.intercept_
/Users/austinlin/Library/Python/3.9/lib/python/site-packages/sklearn/linear_model/_base.py:279: RuntimeWarning: overflow encountered in matmul
  return X @ coef_ + self.intercept_
/Users/austinlin/Library/Python/3.9/lib/python/site-packages/sklearn/linear_model/_base.py:279: RuntimeWarning: invalid value encountered in matmul
  return X @ coef_ + self.intercept_
/Users/austinlin/Library/Python/3.9/lib/python/site-packages/sklearn/linear_model/_ridge.py:292: RuntimeWarning: divide by zero encountered in matmul
  UTy = U.T @ y
/Users/austinlin/Library/Python/3.9/lib/python/site-packages/sklearn/linear_model/_ridge.py:292: RuntimeWarning: overflow encountered in matmul
  UTy = U.T @ y
/Users/austinlin/Library/Python/3.9/lib/python/site-packages/sklearn/linear_model/_ridge.py:292: RuntimeWarning: invalid value encountered in matmul
  UTy = U.T @ y
/Users/austinlin/Library/Python/3.9/lib/python/site-packages/sklearn/linear_model/_base.py:279: RuntimeWarning: divide by zero encountered in matmul
  return X @ coef_ + self.intercept_
/Users/austinlin/Library/Python/3.9/lib/python/site-packages/sklearn/linear_model/_base.py:279: RuntimeWarning: overflow encountered in matmul
  return X @ coef_ + self.intercept_
/Users/austinlin/Library/Python/3.9/lib/python/site-packages/sklearn/linear_model/_base.py:279: RuntimeWarning: invalid value encountered in matmul
  return X @ coef_ + self.intercept_
/Users/austinlin/Library/Python/3.9/lib/python/site-packages/sklearn/linear_model/_ridge.py:292: RuntimeWarning: divide by zero encountered in matmul
  UTy = U.T @ y
/Users/austinlin/Library/Python/3.9/lib/python/site-packages/sklearn/linear_model/_ridge.py:292: RuntimeWarning: overflow encountered in matmul
  UTy = U.T @ y
/Users/austinlin/Library/Python/3.9/lib/python/site-packages/sklearn/linear_model/_ridge.py:292: RuntimeWarning: invalid value encountered in matmul
  UTy = U.T @ y
/Users/austinlin/Library/Python/3.9/lib/python/site-packages/sklearn/linear_model/_base.py:279: RuntimeWarning: divide by zero encountered in matmul
  return X @ coef_ + self.intercept_
/Users/austinlin/Library/Python/3.9/lib/python/site-packages/sklearn/linear_model/_base.py:279: RuntimeWarning: overflow encountered in matmul
  return X @ coef_ + self.intercept_
/Users/austinlin/Library/Python/3.9/lib/python/site-packages/sklearn/linear_model/_base.py:279: RuntimeWarning: invalid value encountered in matmul
  return X @ coef_ + self.intercept_
/Users/austinlin/Library/Python/3.9/lib/python/site-packages/sklearn/linear_model/_ridge.py:292: RuntimeWarning: divide by zero encountered in matmul
  UTy = U.T @ y
/Users/austinlin/Library/Python/3.9/lib/python/site-packages/sklearn/linear_model/_ridge.py:292: RuntimeWarning: overflow encountered in matmul
  UTy = U.T @ y
/Users/austinlin/Library/Python/3.9/lib/python/site-packages/sklearn/linear_model/_ridge.py:292: RuntimeWarning: invalid value encountered in matmul
  UTy = U.T @ y
/Users/austinlin/Library/Python/3.9/lib/python/site-packages/sklearn/linear_model/_base.py:279: RuntimeWarning: divide by zero encountered in matmul
  return X @ coef_ + self.intercept_
/Users/austinlin/Library/Python/3.9/lib/python/site-packages/sklearn/linear_model/_base.py:279: RuntimeWarning: overflow encountered in matmul
  return X @ coef_ + self.intercept_
/Users/austinlin/Library/Python/3.9/lib/python/site-packages/sklearn/linear_model/_base.py:279: RuntimeWarning: invalid value encountered in matmul
  return X @ coef_ + self.intercept_
/Users/austinlin/Library/Python/3.9/lib/python/site-packages/sklearn/linear_model/_ridge.py:292: RuntimeWarning: divide by zero encountered in matmul
  UTy = U.T @ y
/Users/austinlin/Library/Python/3.9/lib/python/site-packages/sklearn/linear_model/_ridge.py:292: RuntimeWarning: overflow encountered in matmul
  UTy = U.T @ y
/Users/austinlin/Library/Python/3.9/lib/python/site-packages/sklearn/linear_model/_ridge.py:292: RuntimeWarning: invalid value encountered in matmul
  UTy = U.T @ y
/Users/austinlin/Library/Python/3.9/lib/python/site-packages/sklearn/linear_model/_base.py:279: RuntimeWarning: divide by zero encountered in matmul
  return X @ coef_ + self.intercept_
/Users/austinlin/Library/Python/3.9/lib/python/site-packages/sklearn/linear_model/_base.py:279: RuntimeWarning: overflow encountered in matmul
  return X @ coef_ + self.intercept_
/Users/austinlin/Library/Python/3.9/lib/python/site-packages/sklearn/linear_model/_base.py:279: RuntimeWarning: invalid value encountered in matmul
  return X @ coef_ + self.intercept_
/Users/austinlin/Library/Python/3.9/lib/python/site-packages/sklearn/linear_model/_base.py:279: RuntimeWarning: divide by zero encountered in matmul
  return X @ coef_ + self.intercept_
/Users/austinlin/Library/Python/3.9/lib/python/site-packages/sklearn/linear_model/_base.py:279: RuntimeWarning: overflow encountered in matmul
  return X @ coef_ + self.intercept_
/Users/austinlin/Library/Python/3.9/lib/python/site-packages/sklearn/linear_model/_base.py:279: RuntimeWarning: invalid value encountered in matmul
  return X @ coef_ + self.intercept_
/Users/austinlin/Library/Python/3.9/lib/python/site-packages/sklearn/linear_model/_ridge.py:292: RuntimeWarning: divide by zero encountered in matmul
  UTy = U.T @ y
/Users/austinlin/Library/Python/3.9/lib/python/site-packages/sklearn/linear_model/_ridge.py:292: RuntimeWarning: overflow encountered in matmul
  UTy = U.T @ y
/Users/austinlin/Library/Python/3.9/lib/python/site-packages/sklearn/linear_model/_ridge.py:292: RuntimeWarning: invalid value encountered in matmul
  UTy = U.T @ y
/Users/austinlin/Library/Python/3.9/lib/python/site-packages/sklearn/linear_model/_ridge.py:296: RuntimeWarning: divide by zero encountered in matmul
  return (Vt.T @ d_UT_y).T
/Users/austinlin/Library/Python/3.9/lib/python/site-packages/sklearn/linear_model/_ridge.py:296: RuntimeWarning: overflow encountered in matmul
  return (Vt.T @ d_UT_y).T
/Users/austinlin/Library/Python/3.9/lib/python/site-packages/sklearn/linear_model/_ridge.py:296: RuntimeWarning: invalid value encountered in matmul
  return (Vt.T @ d_UT_y).T
/Users/austinlin/Library/Python/3.9/lib/python/site-packages/sklearn/linear_model/_base.py:279: RuntimeWarning: divide by zero encountered in matmul
  return X @ coef_ + self.intercept_
/Users/austinlin/Library/Python/3.9/lib/python/site-packages/sklearn/linear_model/_base.py:279: RuntimeWarning: overflow encountered in matmul
  return X @ coef_ + self.intercept_
/Users/austinlin/Library/Python/3.9/lib/python/site-packages/sklearn/linear_model/_base.py:279: RuntimeWarning: invalid value encountered in matmul
  return X @ coef_ + self.intercept_
/Users/austinlin/Library/Python/3.9/lib/python/site-packages/sklearn/linear_model/_ridge.py:292: RuntimeWarning: divide by zero encountered in matmul
  UTy = U.T @ y
/Users/austinlin/Library/Python/3.9/lib/python/site-packages/sklearn/linear_model/_ridge.py:292: RuntimeWarning: overflow encountered in matmul
  UTy = U.T @ y
/Users/austinlin/Library/Python/3.9/lib/python/site-packages/sklearn/linear_model/_ridge.py:292: RuntimeWarning: invalid value encountered in matmul
  UTy = U.T @ y
/Users/austinlin/Library/Python/3.9/lib/python/site-packages/sklearn/linear_model/_ridge.py:296: RuntimeWarning: divide by zero encountered in matmul
  return (Vt.T @ d_UT_y).T
/Users/austinlin/Library/Python/3.9/lib/python/site-packages/sklearn/linear_model/_ridge.py:296: RuntimeWarning: overflow encountered in matmul
  return (Vt.T @ d_UT_y).T
/Users/austinlin/Library/Python/3.9/lib/python/site-packages/sklearn/linear_model/_ridge.py:296: RuntimeWarning: invalid value encountered in matmul
  return (Vt.T @ d_UT_y).T
/Users/austinlin/Library/Python/3.9/lib/python/site-packages/sklearn/linear_model/_base.py:279: RuntimeWarning: divide by zero encountered in matmul
  return X @ coef_ + self.intercept_
/Users/austinlin/Library/Python/3.9/lib/python/site-packages/sklearn/linear_model/_base.py:279: RuntimeWarning: overflow encountered in matmul
  return X @ coef_ + self.intercept_
/Users/austinlin/Library/Python/3.9/lib/python/site-packages/sklearn/linear_model/_base.py:279: RuntimeWarning: invalid value encountered in matmul
  return X @ coef_ + self.intercept_
/Users/austinlin/Library/Python/3.9/lib/python/site-packages/sklearn/linear_model/_ridge.py:292: RuntimeWarning: divide by zero encountered in matmul
  UTy = U.T @ y
/Users/austinlin/Library/Python/3.9/lib/python/site-packages/sklearn/linear_model/_ridge.py:292: RuntimeWarning: overflow encountered in matmul
  UTy = U.T @ y
/Users/austinlin/Library/Python/3.9/lib/python/site-packages/sklearn/linear_model/_ridge.py:292: RuntimeWarning: invalid value encountered in matmul
  UTy = U.T @ y
/Users/austinlin/Library/Python/3.9/lib/python/site-packages/sklearn/linear_model/_ridge.py:296: RuntimeWarning: divide by zero encountered in matmul
  return (Vt.T @ d_UT_y).T
/Users/austinlin/Library/Python/3.9/lib/python/site-packages/sklearn/linear_model/_ridge.py:296: RuntimeWarning: overflow encountered in matmul
  return (Vt.T @ d_UT_y).T
/Users/austinlin/Library/Python/3.9/lib/python/site-packages/sklearn/linear_model/_ridge.py:296: RuntimeWarning: invalid value encountered in matmul
  return (Vt.T @ d_UT_y).T
/Users/austinlin/Library/Python/3.9/lib/python/site-packages/sklearn/linear_model/_base.py:279: RuntimeWarning: divide by zero encountered in matmul
  return X @ coef_ + self.intercept_
/Users/austinlin/Library/Python/3.9/lib/python/site-packages/sklearn/linear_model/_base.py:279: RuntimeWarning: overflow encountered in matmul
  return X @ coef_ + self.intercept_
/Users/austinlin/Library/Python/3.9/lib/python/site-packages/sklearn/linear_model/_base.py:279: RuntimeWarning: invalid value encountered in matmul
  return X @ coef_ + self.intercept_
/Users/austinlin/Library/Python/3.9/lib/python/site-packages/sklearn/linear_model/_ridge.py:292: RuntimeWarning: divide by zero encountered in matmul
  UTy = U.T @ y
/Users/austinlin/Library/Python/3.9/lib/python/site-packages/sklearn/linear_model/_ridge.py:292: RuntimeWarning: overflow encountered in matmul
  UTy = U.T @ y
/Users/austinlin/Library/Python/3.9/lib/python/site-packages/sklearn/linear_model/_ridge.py:292: RuntimeWarning: invalid value encountered in matmul
  UTy = U.T @ y
/Users/austinlin/Library/Python/3.9/lib/python/site-packages/sklearn/linear_model/_ridge.py:296: RuntimeWarning: divide by zero encountered in matmul
  return (Vt.T @ d_UT_y).T
/Users/austinlin/Library/Python/3.9/lib/python/site-packages/sklearn/linear_model/_ridge.py:296: RuntimeWarning: overflow encountered in matmul
  return (Vt.T @ d_UT_y).T
/Users/austinlin/Library/Python/3.9/lib/python/site-packages/sklearn/linear_model/_ridge.py:296: RuntimeWarning: invalid value encountered in matmul
  return (Vt.T @ d_UT_y).T
/Users/austinlin/Library/Python/3.9/lib/python/site-packages/sklearn/linear_model/_base.py:279: RuntimeWarning: divide by zero encountered in matmul
  return X @ coef_ + self.intercept_
/Users/austinlin/Library/Python/3.9/lib/python/site-packages/sklearn/linear_model/_base.py:279: RuntimeWarning: overflow encountered in matmul
  return X @ coef_ + self.intercept_
/Users/austinlin/Library/Python/3.9/lib/python/site-packages/sklearn/linear_model/_base.py:279: RuntimeWarning: invalid value encountered in matmul
  return X @ coef_ + self.intercept_
/Users/austinlin/Library/Python/3.9/lib/python/site-packages/sklearn/linear_model/_ridge.py:292: RuntimeWarning: divide by zero encountered in matmul
  UTy = U.T @ y
/Users/austinlin/Library/Python/3.9/lib/python/site-packages/sklearn/linear_model/_ridge.py:292: RuntimeWarning: overflow encountered in matmul
  UTy = U.T @ y
/Users/austinlin/Library/Python/3.9/lib/python/site-packages/sklearn/linear_model/_ridge.py:292: RuntimeWarning: invalid value encountered in matmul
  UTy = U.T @ y
/Users/austinlin/Library/Python/3.9/lib/python/site-packages/sklearn/linear_model/_ridge.py:296: RuntimeWarning: divide by zero encountered in matmul
  return (Vt.T @ d_UT_y).T
/Users/austinlin/Library/Python/3.9/lib/python/site-packages/sklearn/linear_model/_ridge.py:296: RuntimeWarning: overflow encountered in matmul
  return (Vt.T @ d_UT_y).T
/Users/austinlin/Library/Python/3.9/lib/python/site-packages/sklearn/linear_model/_ridge.py:296: RuntimeWarning: invalid value encountered in matmul
  return (Vt.T @ d_UT_y).T
/Users/austinlin/Library/Python/3.9/lib/python/site-packages/sklearn/linear_model/_base.py:279: RuntimeWarning: divide by zero encountered in matmul
  return X @ coef_ + self.intercept_
/Users/austinlin/Library/Python/3.9/lib/python/site-packages/sklearn/linear_model/_base.py:279: RuntimeWarning: overflow encountered in matmul
  return X @ coef_ + self.intercept_
/Users/austinlin/Library/Python/3.9/lib/python/site-packages/sklearn/linear_model/_base.py:279: RuntimeWarning: invalid value encountered in matmul
  return X @ coef_ + self.intercept_
/Users/austinlin/Library/Python/3.9/lib/python/site-packages/sklearn/linear_model/_base.py:279: RuntimeWarning: divide by zero encountered in matmul
  return X @ coef_ + self.intercept_
/Users/austinlin/Library/Python/3.9/lib/python/site-packages/sklearn/linear_model/_base.py:279: RuntimeWarning: overflow encountered in matmul
  return X @ coef_ + self.intercept_
/Users/austinlin/Library/Python/3.9/lib/python/site-packages/sklearn/linear_model/_base.py:279: RuntimeWarning: invalid value encountered in matmul
  return X @ coef_ + self.intercept_
/Users/austinlin/Library/Python/3.9/lib/python/site-packages/sklearn/linear_model/_ridge.py:292: RuntimeWarning: divide by zero encountered in matmul
  UTy = U.T @ y
/Users/austinlin/Library/Python/3.9/lib/python/site-packages/sklearn/linear_model/_ridge.py:292: RuntimeWarning: overflow encountered in matmul
  UTy = U.T @ y
/Users/austinlin/Library/Python/3.9/lib/python/site-packages/sklearn/linear_model/_ridge.py:292: RuntimeWarning: invalid value encountered in matmul
  UTy = U.T @ y
/Users/austinlin/Library/Python/3.9/lib/python/site-packages/sklearn/linear_model/_ridge.py:296: RuntimeWarning: divide by zero encountered in matmul
  return (Vt.T @ d_UT_y).T
/Users/austinlin/Library/Python/3.9/lib/python/site-packages/sklearn/linear_model/_ridge.py:296: RuntimeWarning: overflow encountered in matmul
  return (Vt.T @ d_UT_y).T
/Users/austinlin/Library/Python/3.9/lib/python/site-packages/sklearn/linear_model/_ridge.py:296: RuntimeWarning: invalid value encountered in matmul
  return (Vt.T @ d_UT_y).T
/Users/austinlin/Library/Python/3.9/lib/python/site-packages/sklearn/linear_model/_base.py:279: RuntimeWarning: divide by zero encountered in matmul
  return X @ coef_ + self.intercept_
/Users/austinlin/Library/Python/3.9/lib/python/site-packages/sklearn/linear_model/_base.py:279: RuntimeWarning: overflow encountered in matmul
  return X @ coef_ + self.intercept_
/Users/austinlin/Library/Python/3.9/lib/python/site-packages/sklearn/linear_model/_base.py:279: RuntimeWarning: invalid value encountered in matmul
  return X @ coef_ + self.intercept_
/Users/austinlin/Library/Python/3.9/lib/python/site-packages/sklearn/linear_model/_ridge.py:292: RuntimeWarning: divide by zero encountered in matmul
  UTy = U.T @ y
/Users/austinlin/Library/Python/3.9/lib/python/site-packages/sklearn/linear_model/_ridge.py:292: RuntimeWarning: overflow encountered in matmul
  UTy = U.T @ y
/Users/austinlin/Library/Python/3.9/lib/python/site-packages/sklearn/linear_model/_ridge.py:292: RuntimeWarning: invalid value encountered in matmul
  UTy = U.T @ y
/Users/austinlin/Library/Python/3.9/lib/python/site-packages/sklearn/linear_model/_ridge.py:296: RuntimeWarning: divide by zero encountered in matmul
  return (Vt.T @ d_UT_y).T
/Users/austinlin/Library/Python/3.9/lib/python/site-packages/sklearn/linear_model/_ridge.py:296: RuntimeWarning: overflow encountered in matmul
  return (Vt.T @ d_UT_y).T
/Users/austinlin/Library/Python/3.9/lib/python/site-packages/sklearn/linear_model/_ridge.py:296: RuntimeWarning: invalid value encountered in matmul
  return (Vt.T @ d_UT_y).T
/Users/austinlin/Library/Python/3.9/lib/python/site-packages/sklearn/linear_model/_base.py:279: RuntimeWarning: divide by zero encountered in matmul
  return X @ coef_ + self.intercept_
/Users/austinlin/Library/Python/3.9/lib/python/site-packages/sklearn/linear_model/_base.py:279: RuntimeWarning: overflow encountered in matmul
  return X @ coef_ + self.intercept_
/Users/austinlin/Library/Python/3.9/lib/python/site-packages/sklearn/linear_model/_base.py:279: RuntimeWarning: invalid value encountered in matmul
  return X @ coef_ + self.intercept_
/Users/austinlin/Library/Python/3.9/lib/python/site-packages/sklearn/linear_model/_ridge.py:292: RuntimeWarning: divide by zero encountered in matmul
  UTy = U.T @ y
/Users/austinlin/Library/Python/3.9/lib/python/site-packages/sklearn/linear_model/_ridge.py:292: RuntimeWarning: overflow encountered in matmul
  UTy = U.T @ y
/Users/austinlin/Library/Python/3.9/lib/python/site-packages/sklearn/linear_model/_ridge.py:292: RuntimeWarning: invalid value encountered in matmul
  UTy = U.T @ y
/Users/austinlin/Library/Python/3.9/lib/python/site-packages/sklearn/linear_model/_ridge.py:296: RuntimeWarning: divide by zero encountered in matmul
  return (Vt.T @ d_UT_y).T
/Users/austinlin/Library/Python/3.9/lib/python/site-packages/sklearn/linear_model/_ridge.py:296: RuntimeWarning: overflow encountered in matmul
  return (Vt.T @ d_UT_y).T
/Users/austinlin/Library/Python/3.9/lib/python/site-packages/sklearn/linear_model/_ridge.py:296: RuntimeWarning: invalid value encountered in matmul
  return (Vt.T @ d_UT_y).T
/Users/austinlin/Library/Python/3.9/lib/python/site-packages/sklearn/linear_model/_base.py:279: RuntimeWarning: divide by zero encountered in matmul
  return X @ coef_ + self.intercept_
/Users/austinlin/Library/Python/3.9/lib/python/site-packages/sklearn/linear_model/_base.py:279: RuntimeWarning: overflow encountered in matmul
  return X @ coef_ + self.intercept_
/Users/austinlin/Library/Python/3.9/lib/python/site-packages/sklearn/linear_model/_base.py:279: RuntimeWarning: invalid value encountered in matmul
  return X @ coef_ + self.intercept_
/Users/austinlin/Library/Python/3.9/lib/python/site-packages/sklearn/linear_model/_ridge.py:292: RuntimeWarning: divide by zero encountered in matmul
  UTy = U.T @ y
/Users/austinlin/Library/Python/3.9/lib/python/site-packages/sklearn/linear_model/_ridge.py:292: RuntimeWarning: overflow encountered in matmul
  UTy = U.T @ y
/Users/austinlin/Library/Python/3.9/lib/python/site-packages/sklearn/linear_model/_ridge.py:292: RuntimeWarning: invalid value encountered in matmul
  UTy = U.T @ y
/Users/austinlin/Library/Python/3.9/lib/python/site-packages/sklearn/linear_model/_ridge.py:296: RuntimeWarning: divide by zero encountered in matmul
  return (Vt.T @ d_UT_y).T
/Users/austinlin/Library/Python/3.9/lib/python/site-packages/sklearn/linear_model/_ridge.py:296: RuntimeWarning: overflow encountered in matmul
  return (Vt.T @ d_UT_y).T
/Users/austinlin/Library/Python/3.9/lib/python/site-packages/sklearn/linear_model/_ridge.py:296: RuntimeWarning: invalid value encountered in matmul
  return (Vt.T @ d_UT_y).T
/Users/austinlin/Library/Python/3.9/lib/python/site-packages/sklearn/linear_model/_base.py:279: RuntimeWarning: divide by zero encountered in matmul
  return X @ coef_ + self.intercept_
/Users/austinlin/Library/Python/3.9/lib/python/site-packages/sklearn/linear_model/_base.py:279: RuntimeWarning: overflow encountered in matmul
  return X @ coef_ + self.intercept_
/Users/austinlin/Library/Python/3.9/lib/python/site-packages/sklearn/linear_model/_base.py:279: RuntimeWarning: invalid value encountered in matmul
  return X @ coef_ + self.intercept_
/Users/austinlin/Library/Python/3.9/lib/python/site-packages/sklearn/linear_model/_ridge.py:292: RuntimeWarning: divide by zero encountered in matmul
  UTy = U.T @ y
/Users/austinlin/Library/Python/3.9/lib/python/site-packages/sklearn/linear_model/_ridge.py:292: RuntimeWarning: overflow encountered in matmul
  UTy = U.T @ y
/Users/austinlin/Library/Python/3.9/lib/python/site-packages/sklearn/linear_model/_ridge.py:292: RuntimeWarning: invalid value encountered in matmul
  UTy = U.T @ y
/Users/austinlin/Library/Python/3.9/lib/python/site-packages/sklearn/linear_model/_ridge.py:296: RuntimeWarning: divide by zero encountered in matmul
  return (Vt.T @ d_UT_y).T
/Users/austinlin/Library/Python/3.9/lib/python/site-packages/sklearn/linear_model/_ridge.py:296: RuntimeWarning: overflow encountered in matmul
  return (Vt.T @ d_UT_y).T
/Users/austinlin/Library/Python/3.9/lib/python/site-packages/sklearn/linear_model/_ridge.py:296: RuntimeWarning: invalid value encountered in matmul
  return (Vt.T @ d_UT_y).T
/Users/austinlin/Library/Python/3.9/lib/python/site-packages/sklearn/linear_model/_base.py:279: RuntimeWarning: divide by zero encountered in matmul
  return X @ coef_ + self.intercept_
/Users/austinlin/Library/Python/3.9/lib/python/site-packages/sklearn/linear_model/_base.py:279: RuntimeWarning: overflow encountered in matmul
  return X @ coef_ + self.intercept_
/Users/austinlin/Library/Python/3.9/lib/python/site-packages/sklearn/linear_model/_base.py:279: RuntimeWarning: invalid value encountered in matmul
  return X @ coef_ + self.intercept_
/Users/austinlin/Library/Python/3.9/lib/python/site-packages/sklearn/linear_model/_base.py:279: RuntimeWarning: divide by zero encountered in matmul
  return X @ coef_ + self.intercept_
/Users/austinlin/Library/Python/3.9/lib/python/site-packages/sklearn/linear_model/_base.py:279: RuntimeWarning: overflow encountered in matmul
  return X @ coef_ + self.intercept_
/Users/austinlin/Library/Python/3.9/lib/python/site-packages/sklearn/linear_model/_base.py:279: RuntimeWarning: invalid value encountered in matmul
  return X @ coef_ + self.intercept_
{"pool_done": 303}
/Users/austinlin/Library/Python/3.9/lib/python/site-packages/sklearn/utils/extmath.py:335: RuntimeWarning: divide by zero encountered in matmul
  Q, _ = normalizer(A @ Q)
/Users/austinlin/Library/Python/3.9/lib/python/site-packages/sklearn/utils/extmath.py:335: RuntimeWarning: overflow encountered in matmul
  Q, _ = normalizer(A @ Q)
/Users/austinlin/Library/Python/3.9/lib/python/site-packages/sklearn/utils/extmath.py:335: RuntimeWarning: invalid value encountered in matmul
  Q, _ = normalizer(A @ Q)
/Users/austinlin/Library/Python/3.9/lib/python/site-packages/sklearn/utils/extmath.py:336: RuntimeWarning: divide by zero encountered in matmul
  Q, _ = normalizer(A.T @ Q)
/Users/austinlin/Library/Python/3.9/lib/python/site-packages/sklearn/utils/extmath.py:336: RuntimeWarning: overflow encountered in matmul
  Q, _ = normalizer(A.T @ Q)
/Users/austinlin/Library/Python/3.9/lib/python/site-packages/sklearn/utils/extmath.py:336: RuntimeWarning: invalid value encountered in matmul
  Q, _ = normalizer(A.T @ Q)
/Users/austinlin/Library/Python/3.9/lib/python/site-packages/sklearn/utils/extmath.py:340: RuntimeWarning: divide by zero encountered in matmul
  Q, _ = qr_normalizer(A @ Q)
/Users/austinlin/Library/Python/3.9/lib/python/site-packages/sklearn/utils/extmath.py:340: RuntimeWarning: overflow encountered in matmul
  Q, _ = qr_normalizer(A @ Q)
/Users/austinlin/Library/Python/3.9/lib/python/site-packages/sklearn/utils/extmath.py:340: RuntimeWarning: invalid value encountered in matmul
  Q, _ = qr_normalizer(A @ Q)
/Users/austinlin/Library/Python/3.9/lib/python/site-packages/sklearn/utils/extmath.py:533: RuntimeWarning: divide by zero encountered in matmul
  B = Q.T @ M
/Users/austinlin/Library/Python/3.9/lib/python/site-packages/sklearn/utils/extmath.py:533: RuntimeWarning: overflow encountered in matmul
  B = Q.T @ M
/Users/austinlin/Library/Python/3.9/lib/python/site-packages/sklearn/utils/extmath.py:533: RuntimeWarning: invalid value encountered in matmul
  B = Q.T @ M
/Users/austinlin/Library/Python/3.9/lib/python/site-packages/sklearn/utils/extmath.py:547: RuntimeWarning: divide by zero encountered in matmul
  U = Q @ Uhat
/Users/austinlin/Library/Python/3.9/lib/python/site-packages/sklearn/utils/extmath.py:547: RuntimeWarning: overflow encountered in matmul
  U = Q @ Uhat
/Users/austinlin/Library/Python/3.9/lib/python/site-packages/sklearn/utils/extmath.py:547: RuntimeWarning: invalid value encountered in matmul
  U = Q @ Uhat
/Users/austinlin/Library/Python/3.9/lib/python/site-packages/sklearn/decomposition/_base.py:148: RuntimeWarning: divide by zero encountered in matmul
  X_transformed = X @ self.components_.T
/Users/austinlin/Library/Python/3.9/lib/python/site-packages/sklearn/decomposition/_base.py:148: RuntimeWarning: overflow encountered in matmul
  X_transformed = X @ self.components_.T
/Users/austinlin/Library/Python/3.9/lib/python/site-packages/sklearn/decomposition/_base.py:148: RuntimeWarning: invalid value encountered in matmul
  X_transformed = X @ self.components_.T
/Users/austinlin/Library/Python/3.9/lib/python/site-packages/sklearn/decomposition/_base.py:155: RuntimeWarning: divide by zero encountered in matmul
  X_transformed -= xp.reshape(self.mean_, (1, -1)) @ self.components_.T
/Users/austinlin/Library/Python/3.9/lib/python/site-packages/sklearn/decomposition/_base.py:155: RuntimeWarning: overflow encountered in matmul
  X_transformed -= xp.reshape(self.mean_, (1, -1)) @ self.components_.T
/Users/austinlin/Library/Python/3.9/lib/python/site-packages/sklearn/decomposition/_base.py:155: RuntimeWarning: invalid value encountered in matmul
  X_transformed -= xp.reshape(self.mean_, (1, -1)) @ self.components_.T
/Users/austinlin/Library/Python/3.9/lib/python/site-packages/sklearn/linear_model/_ridge.py:292: RuntimeWarning: divide by zero encountered in matmul
  UTy = U.T @ y
/Users/austinlin/Library/Python/3.9/lib/python/site-packages/sklearn/linear_model/_ridge.py:292: RuntimeWarning: overflow encountered in matmul
  UTy = U.T @ y
/Users/austinlin/Library/Python/3.9/lib/python/site-packages/sklearn/linear_model/_ridge.py:292: RuntimeWarning: invalid value encountered in matmul
  UTy = U.T @ y
/Users/austinlin/Library/Python/3.9/lib/python/site-packages/sklearn/linear_model/_base.py:279: RuntimeWarning: divide by zero encountered in matmul
  return X @ coef_ + self.intercept_
/Users/austinlin/Library/Python/3.9/lib/python/site-packages/sklearn/linear_model/_base.py:279: RuntimeWarning: overflow encountered in matmul
  return X @ coef_ + self.intercept_
/Users/austinlin/Library/Python/3.9/lib/python/site-packages/sklearn/linear_model/_base.py:279: RuntimeWarning: invalid value encountered in matmul
  return X @ coef_ + self.intercept_
/Users/austinlin/Library/Python/3.9/lib/python/site-packages/sklearn/linear_model/_ridge.py:292: RuntimeWarning: divide by zero encountered in matmul
  UTy = U.T @ y
/Users/austinlin/Library/Python/3.9/lib/python/site-packages/sklearn/linear_model/_ridge.py:292: RuntimeWarning: overflow encountered in matmul
  UTy = U.T @ y
/Users/austinlin/Library/Python/3.9/lib/python/site-packages/sklearn/linear_model/_ridge.py:292: RuntimeWarning: invalid value encountered in matmul
  UTy = U.T @ y
/Users/austinlin/Library/Python/3.9/lib/python/site-packages/sklearn/linear_model/_base.py:279: RuntimeWarning: divide by zero encountered in matmul
  return X @ coef_ + self.intercept_
/Users/austinlin/Library/Python/3.9/lib/python/site-packages/sklearn/linear_model/_base.py:279: RuntimeWarning: overflow encountered in matmul
  return X @ coef_ + self.intercept_
/Users/austinlin/Library/Python/3.9/lib/python/site-packages/sklearn/linear_model/_base.py:279: RuntimeWarning: invalid value encountered in matmul
  return X @ coef_ + self.intercept_
/Users/austinlin/Library/Python/3.9/lib/python/site-packages/sklearn/linear_model/_ridge.py:292: RuntimeWarning: divide by zero encountered in matmul
  UTy = U.T @ y
/Users/austinlin/Library/Python/3.9/lib/python/site-packages/sklearn/linear_model/_ridge.py:292: RuntimeWarning: overflow encountered in matmul
  UTy = U.T @ y
/Users/austinlin/Library/Python/3.9/lib/python/site-packages/sklearn/linear_model/_ridge.py:292: RuntimeWarning: invalid value encountered in matmul
  UTy = U.T @ y
/Users/austinlin/Library/Python/3.9/lib/python/site-packages/sklearn/linear_model/_base.py:279: RuntimeWarning: divide by zero encountered in matmul
  return X @ coef_ + self.intercept_
/Users/austinlin/Library/Python/3.9/lib/python/site-packages/sklearn/linear_model/_base.py:279: RuntimeWarning: overflow encountered in matmul
  return X @ coef_ + self.intercept_
/Users/austinlin/Library/Python/3.9/lib/python/site-packages/sklearn/linear_model/_base.py:279: RuntimeWarning: invalid value encountered in matmul
  return X @ coef_ + self.intercept_
/Users/austinlin/Library/Python/3.9/lib/python/site-packages/sklearn/linear_model/_ridge.py:292: RuntimeWarning: divide by zero encountered in matmul
  UTy = U.T @ y
/Users/austinlin/Library/Python/3.9/lib/python/site-packages/sklearn/linear_model/_ridge.py:292: RuntimeWarning: overflow encountered in matmul
  UTy = U.T @ y
/Users/austinlin/Library/Python/3.9/lib/python/site-packages/sklearn/linear_model/_ridge.py:292: RuntimeWarning: invalid value encountered in matmul
  UTy = U.T @ y
/Users/austinlin/Library/Python/3.9/lib/python/site-packages/sklearn/linear_model/_base.py:279: RuntimeWarning: divide by zero encountered in matmul
  return X @ coef_ + self.intercept_
/Users/austinlin/Library/Python/3.9/lib/python/site-packages/sklearn/linear_model/_base.py:279: RuntimeWarning: overflow encountered in matmul
  return X @ coef_ + self.intercept_
/Users/austinlin/Library/Python/3.9/lib/python/site-packages/sklearn/linear_model/_base.py:279: RuntimeWarning: invalid value encountered in matmul
  return X @ coef_ + self.intercept_
/Users/austinlin/Library/Python/3.9/lib/python/site-packages/sklearn/linear_model/_ridge.py:292: RuntimeWarning: divide by zero encountered in matmul
  UTy = U.T @ y
/Users/austinlin/Library/Python/3.9/lib/python/site-packages/sklearn/linear_model/_ridge.py:292: RuntimeWarning: overflow encountered in matmul
  UTy = U.T @ y
/Users/austinlin/Library/Python/3.9/lib/python/site-packages/sklearn/linear_model/_ridge.py:292: RuntimeWarning: invalid value encountered in matmul
  UTy = U.T @ y
/Users/austinlin/Library/Python/3.9/lib/python/site-packages/sklearn/linear_model/_base.py:279: RuntimeWarning: divide by zero encountered in matmul
  return X @ coef_ + self.intercept_
/Users/austinlin/Library/Python/3.9/lib/python/site-packages/sklearn/linear_model/_base.py:279: RuntimeWarning: overflow encountered in matmul
  return X @ coef_ + self.intercept_
/Users/austinlin/Library/Python/3.9/lib/python/site-packages/sklearn/linear_model/_base.py:279: RuntimeWarning: invalid value encountered in matmul
  return X @ coef_ + self.intercept_
/Users/austinlin/Library/Python/3.9/lib/python/site-packages/sklearn/linear_model/_base.py:279: RuntimeWarning: divide by zero encountered in matmul
  return X @ coef_ + self.intercept_
/Users/austinlin/Library/Python/3.9/lib/python/site-packages/sklearn/linear_model/_base.py:279: RuntimeWarning: overflow encountered in matmul
  return X @ coef_ + self.intercept_
/Users/austinlin/Library/Python/3.9/lib/python/site-packages/sklearn/linear_model/_base.py:279: RuntimeWarning: invalid value encountered in matmul
  return X @ coef_ + self.intercept_
/Users/austinlin/Library/Python/3.9/lib/python/site-packages/sklearn/linear_model/_ridge.py:292: RuntimeWarning: divide by zero encountered in matmul
  UTy = U.T @ y
/Users/austinlin/Library/Python/3.9/lib/python/site-packages/sklearn/linear_model/_ridge.py:292: RuntimeWarning: overflow encountered in matmul
  UTy = U.T @ y
/Users/austinlin/Library/Python/3.9/lib/python/site-packages/sklearn/linear_model/_ridge.py:292: RuntimeWarning: invalid value encountered in matmul
  UTy = U.T @ y
/Users/austinlin/Library/Python/3.9/lib/python/site-packages/sklearn/linear_model/_ridge.py:296: RuntimeWarning: divide by zero encountered in matmul
  return (Vt.T @ d_UT_y).T
/Users/austinlin/Library/Python/3.9/lib/python/site-packages/sklearn/linear_model/_ridge.py:296: RuntimeWarning: overflow encountered in matmul
  return (Vt.T @ d_UT_y).T
/Users/austinlin/Library/Python/3.9/lib/python/site-packages/sklearn/linear_model/_ridge.py:296: RuntimeWarning: invalid value encountered in matmul
  return (Vt.T @ d_UT_y).T
/Users/austinlin/Library/Python/3.9/lib/python/site-packages/sklearn/linear_model/_base.py:279: RuntimeWarning: divide by zero encountered in matmul
  return X @ coef_ + self.intercept_
/Users/austinlin/Library/Python/3.9/lib/python/site-packages/sklearn/linear_model/_base.py:279: RuntimeWarning: overflow encountered in matmul
  return X @ coef_ + self.intercept_
/Users/austinlin/Library/Python/3.9/lib/python/site-packages/sklearn/linear_model/_base.py:279: RuntimeWarning: invalid value encountered in matmul
  return X @ coef_ + self.intercept_
/Users/austinlin/Library/Python/3.9/lib/python/site-packages/sklearn/linear_model/_ridge.py:292: RuntimeWarning: divide by zero encountered in matmul
  UTy = U.T @ y
/Users/austinlin/Library/Python/3.9/lib/python/site-packages/sklearn/linear_model/_ridge.py:292: RuntimeWarning: overflow encountered in matmul
  UTy = U.T @ y
/Users/austinlin/Library/Python/3.9/lib/python/site-packages/sklearn/linear_model/_ridge.py:292: RuntimeWarning: invalid value encountered in matmul
  UTy = U.T @ y
/Users/austinlin/Library/Python/3.9/lib/python/site-packages/sklearn/linear_model/_ridge.py:296: RuntimeWarning: divide by zero encountered in matmul
  return (Vt.T @ d_UT_y).T
/Users/austinlin/Library/Python/3.9/lib/python/site-packages/sklearn/linear_model/_ridge.py:296: RuntimeWarning: overflow encountered in matmul
  return (Vt.T @ d_UT_y).T
/Users/austinlin/Library/Python/3.9/lib/python/site-packages/sklearn/linear_model/_ridge.py:296: RuntimeWarning: invalid value encountered in matmul
  return (Vt.T @ d_UT_y).T
/Users/austinlin/Library/Python/3.9/lib/python/site-packages/sklearn/linear_model/_base.py:279: RuntimeWarning: divide by zero encountered in matmul
  return X @ coef_ + self.intercept_
/Users/austinlin/Library/Python/3.9/lib/python/site-packages/sklearn/linear_model/_base.py:279: RuntimeWarning: overflow encountered in matmul
  return X @ coef_ + self.intercept_
/Users/austinlin/Library/Python/3.9/lib/python/site-packages/sklearn/linear_model/_base.py:279: RuntimeWarning: invalid value encountered in matmul
  return X @ coef_ + self.intercept_
/Users/austinlin/Library/Python/3.9/lib/python/site-packages/sklearn/linear_model/_ridge.py:292: RuntimeWarning: divide by zero encountered in matmul
  UTy = U.T @ y
/Users/austinlin/Library/Python/3.9/lib/python/site-packages/sklearn/linear_model/_ridge.py:292: RuntimeWarning: overflow encountered in matmul
  UTy = U.T @ y
/Users/austinlin/Library/Python/3.9/lib/python/site-packages/sklearn/linear_model/_ridge.py:292: RuntimeWarning: invalid value encountered in matmul
  UTy = U.T @ y
/Users/austinlin/Library/Python/3.9/lib/python/site-packages/sklearn/linear_model/_ridge.py:296: RuntimeWarning: divide by zero encountered in matmul
  return (Vt.T @ d_UT_y).T
/Users/austinlin/Library/Python/3.9/lib/python/site-packages/sklearn/linear_model/_ridge.py:296: RuntimeWarning: overflow encountered in matmul
  return (Vt.T @ d_UT_y).T
/Users/austinlin/Library/Python/3.9/lib/python/site-packages/sklearn/linear_model/_ridge.py:296: RuntimeWarning: invalid value encountered in matmul
  return (Vt.T @ d_UT_y).T
/Users/austinlin/Library/Python/3.9/lib/python/site-packages/sklearn/linear_model/_base.py:279: RuntimeWarning: divide by zero encountered in matmul
  return X @ coef_ + self.intercept_
/Users/austinlin/Library/Python/3.9/lib/python/site-packages/sklearn/linear_model/_base.py:279: RuntimeWarning: overflow encountered in matmul
  return X @ coef_ + self.intercept_
/Users/austinlin/Library/Python/3.9/lib/python/site-packages/sklearn/linear_model/_base.py:279: RuntimeWarning: invalid value encountered in matmul
  return X @ coef_ + self.intercept_
/Users/austinlin/Library/Python/3.9/lib/python/site-packages/sklearn/linear_model/_ridge.py:292: RuntimeWarning: divide by zero encountered in matmul
  UTy = U.T @ y
/Users/austinlin/Library/Python/3.9/lib/python/site-packages/sklearn/linear_model/_ridge.py:292: RuntimeWarning: overflow encountered in matmul
  UTy = U.T @ y
/Users/austinlin/Library/Python/3.9/lib/python/site-packages/sklearn/linear_model/_ridge.py:292: RuntimeWarning: invalid value encountered in matmul
  UTy = U.T @ y
/Users/austinlin/Library/Python/3.9/lib/python/site-packages/sklearn/linear_model/_ridge.py:296: RuntimeWarning: divide by zero encountered in matmul
  return (Vt.T @ d_UT_y).T
/Users/austinlin/Library/Python/3.9/lib/python/site-packages/sklearn/linear_model/_ridge.py:296: RuntimeWarning: overflow encountered in matmul
  return (Vt.T @ d_UT_y).T
/Users/austinlin/Library/Python/3.9/lib/python/site-packages/sklearn/linear_model/_ridge.py:296: RuntimeWarning: invalid value encountered in matmul
  return (Vt.T @ d_UT_y).T
/Users/austinlin/Library/Python/3.9/lib/python/site-packages/sklearn/linear_model/_base.py:279: RuntimeWarning: divide by zero encountered in matmul
  return X @ coef_ + self.intercept_
/Users/austinlin/Library/Python/3.9/lib/python/site-packages/sklearn/linear_model/_base.py:279: RuntimeWarning: overflow encountered in matmul
  return X @ coef_ + self.intercept_
/Users/austinlin/Library/Python/3.9/lib/python/site-packages/sklearn/linear_model/_base.py:279: RuntimeWarning: invalid value encountered in matmul
  return X @ coef_ + self.intercept_
/Users/austinlin/Library/Python/3.9/lib/python/site-packages/sklearn/linear_model/_ridge.py:292: RuntimeWarning: divide by zero encountered in matmul
  UTy = U.T @ y
/Users/austinlin/Library/Python/3.9/lib/python/site-packages/sklearn/linear_model/_ridge.py:292: RuntimeWarning: overflow encountered in matmul
  UTy = U.T @ y
/Users/austinlin/Library/Python/3.9/lib/python/site-packages/sklearn/linear_model/_ridge.py:292: RuntimeWarning: invalid value encountered in matmul
  UTy = U.T @ y
/Users/austinlin/Library/Python/3.9/lib/python/site-packages/sklearn/linear_model/_ridge.py:296: RuntimeWarning: divide by zero encountered in matmul
  return (Vt.T @ d_UT_y).T
/Users/austinlin/Library/Python/3.9/lib/python/site-packages/sklearn/linear_model/_ridge.py:296: RuntimeWarning: overflow encountered in matmul
  return (Vt.T @ d_UT_y).T
/Users/austinlin/Library/Python/3.9/lib/python/site-packages/sklearn/linear_model/_ridge.py:296: RuntimeWarning: invalid value encountered in matmul
  return (Vt.T @ d_UT_y).T
/Users/austinlin/Library/Python/3.9/lib/python/site-packages/sklearn/linear_model/_base.py:279: RuntimeWarning: divide by zero encountered in matmul
  return X @ coef_ + self.intercept_
/Users/austinlin/Library/Python/3.9/lib/python/site-packages/sklearn/linear_model/_base.py:279: RuntimeWarning: overflow encountered in matmul
  return X @ coef_ + self.intercept_
/Users/austinlin/Library/Python/3.9/lib/python/site-packages/sklearn/linear_model/_base.py:279: RuntimeWarning: invalid value encountered in matmul
  return X @ coef_ + self.intercept_
/Users/austinlin/Library/Python/3.9/lib/python/site-packages/sklearn/linear_model/_base.py:279: RuntimeWarning: divide by zero encountered in matmul
  return X @ coef_ + self.intercept_
/Users/austinlin/Library/Python/3.9/lib/python/site-packages/sklearn/linear_model/_base.py:279: RuntimeWarning: overflow encountered in matmul
  return X @ coef_ + self.intercept_
/Users/austinlin/Library/Python/3.9/lib/python/site-packages/sklearn/linear_model/_base.py:279: RuntimeWarning: invalid value encountered in matmul
  return X @ coef_ + self.intercept_
/Users/austinlin/Library/Python/3.9/lib/python/site-packages/sklearn/linear_model/_ridge.py:292: RuntimeWarning: divide by zero encountered in matmul
  UTy = U.T @ y
/Users/austinlin/Library/Python/3.9/lib/python/site-packages/sklearn/linear_model/_ridge.py:292: RuntimeWarning: overflow encountered in matmul
  UTy = U.T @ y
/Users/austinlin/Library/Python/3.9/lib/python/site-packages/sklearn/linear_model/_ridge.py:292: RuntimeWarning: invalid value encountered in matmul
  UTy = U.T @ y
/Users/austinlin/Library/Python/3.9/lib/python/site-packages/sklearn/linear_model/_ridge.py:296: RuntimeWarning: divide by zero encountered in matmul
  return (Vt.T @ d_UT_y).T
/Users/austinlin/Library/Python/3.9/lib/python/site-packages/sklearn/linear_model/_ridge.py:296: RuntimeWarning: overflow encountered in matmul
  return (Vt.T @ d_UT_y).T
/Users/austinlin/Library/Python/3.9/lib/python/site-packages/sklearn/linear_model/_ridge.py:296: RuntimeWarning: invalid value encountered in matmul
  return (Vt.T @ d_UT_y).T
/Users/austinlin/Library/Python/3.9/lib/python/site-packages/sklearn/linear_model/_base.py:279: RuntimeWarning: divide by zero encountered in matmul
  return X @ coef_ + self.intercept_
/Users/austinlin/Library/Python/3.9/lib/python/site-packages/sklearn/linear_model/_base.py:279: RuntimeWarning: overflow encountered in matmul
  return X @ coef_ + self.intercept_
/Users/austinlin/Library/Python/3.9/lib/python/site-packages/sklearn/linear_model/_base.py:279: RuntimeWarning: invalid value encountered in matmul
  return X @ coef_ + self.intercept_
/Users/austinlin/Library/Python/3.9/lib/python/site-packages/sklearn/linear_model/_ridge.py:292: RuntimeWarning: divide by zero encountered in matmul
  UTy = U.T @ y
/Users/austinlin/Library/Python/3.9/lib/python/site-packages/sklearn/linear_model/_ridge.py:292: RuntimeWarning: overflow encountered in matmul
  UTy = U.T @ y
/Users/austinlin/Library/Python/3.9/lib/python/site-packages/sklearn/linear_model/_ridge.py:292: RuntimeWarning: invalid value encountered in matmul
  UTy = U.T @ y
/Users/austinlin/Library/Python/3.9/lib/python/site-packages/sklearn/linear_model/_ridge.py:296: RuntimeWarning: divide by zero encountered in matmul
  return (Vt.T @ d_UT_y).T
/Users/austinlin/Library/Python/3.9/lib/python/site-packages/sklearn/linear_model/_ridge.py:296: RuntimeWarning: overflow encountered in matmul
  return (Vt.T @ d_UT_y).T
/Users/austinlin/Library/Python/3.9/lib/python/site-packages/sklearn/linear_model/_ridge.py:296: RuntimeWarning: invalid value encountered in matmul
  return (Vt.T @ d_UT_y).T
/Users/austinlin/Library/Python/3.9/lib/python/site-packages/sklearn/linear_model/_base.py:279: RuntimeWarning: divide by zero encountered in matmul
  return X @ coef_ + self.intercept_
/Users/austinlin/Library/Python/3.9/lib/python/site-packages/sklearn/linear_model/_base.py:279: RuntimeWarning: overflow encountered in matmul
  return X @ coef_ + self.intercept_
/Users/austinlin/Library/Python/3.9/lib/python/site-packages/sklearn/linear_model/_base.py:279: RuntimeWarning: invalid value encountered in matmul
  return X @ coef_ + self.intercept_
/Users/austinlin/Library/Python/3.9/lib/python/site-packages/sklearn/linear_model/_ridge.py:292: RuntimeWarning: divide by zero encountered in matmul
  UTy = U.T @ y
/Users/austinlin/Library/Python/3.9/lib/python/site-packages/sklearn/linear_model/_ridge.py:292: RuntimeWarning: overflow encountered in matmul
  UTy = U.T @ y
/Users/austinlin/Library/Python/3.9/lib/python/site-packages/sklearn/linear_model/_ridge.py:292: RuntimeWarning: invalid value encountered in matmul
  UTy = U.T @ y
/Users/austinlin/Library/Python/3.9/lib/python/site-packages/sklearn/linear_model/_ridge.py:296: RuntimeWarning: divide by zero encountered in matmul
  return (Vt.T @ d_UT_y).T
/Users/austinlin/Library/Python/3.9/lib/python/site-packages/sklearn/linear_model/_ridge.py:296: RuntimeWarning: overflow encountered in matmul
  return (Vt.T @ d_UT_y).T
/Users/austinlin/Library/Python/3.9/lib/python/site-packages/sklearn/linear_model/_ridge.py:296: RuntimeWarning: invalid value encountered in matmul
  return (Vt.T @ d_UT_y).T
/Users/austinlin/Library/Python/3.9/lib/python/site-packages/sklearn/linear_model/_base.py:279: RuntimeWarning: divide by zero encountered in matmul
  return X @ coef_ + self.intercept_
/Users/austinlin/Library/Python/3.9/lib/python/site-packages/sklearn/linear_model/_base.py:279: RuntimeWarning: overflow encountered in matmul
  return X @ coef_ + self.intercept_
/Users/austinlin/Library/Python/3.9/lib/python/site-packages/sklearn/linear_model/_base.py:279: RuntimeWarning: invalid value encountered in matmul
  return X @ coef_ + self.intercept_
/Users/austinlin/Library/Python/3.9/lib/python/site-packages/sklearn/linear_model/_ridge.py:292: RuntimeWarning: divide by zero encountered in matmul
  UTy = U.T @ y
/Users/austinlin/Library/Python/3.9/lib/python/site-packages/sklearn/linear_model/_ridge.py:292: RuntimeWarning: overflow encountered in matmul
  UTy = U.T @ y
/Users/austinlin/Library/Python/3.9/lib/python/site-packages/sklearn/linear_model/_ridge.py:292: RuntimeWarning: invalid value encountered in matmul
  UTy = U.T @ y
/Users/austinlin/Library/Python/3.9/lib/python/site-packages/sklearn/linear_model/_ridge.py:296: RuntimeWarning: divide by zero encountered in matmul
  return (Vt.T @ d_UT_y).T
/Users/austinlin/Library/Python/3.9/lib/python/site-packages/sklearn/linear_model/_ridge.py:296: RuntimeWarning: overflow encountered in matmul
  return (Vt.T @ d_UT_y).T
/Users/austinlin/Library/Python/3.9/lib/python/site-packages/sklearn/linear_model/_ridge.py:296: RuntimeWarning: invalid value encountered in matmul
  return (Vt.T @ d_UT_y).T
/Users/austinlin/Library/Python/3.9/lib/python/site-packages/sklearn/linear_model/_base.py:279: RuntimeWarning: divide by zero encountered in matmul
  return X @ coef_ + self.intercept_
/Users/austinlin/Library/Python/3.9/lib/python/site-packages/sklearn/linear_model/_base.py:279: RuntimeWarning: overflow encountered in matmul
  return X @ coef_ + self.intercept_
/Users/austinlin/Library/Python/3.9/lib/python/site-packages/sklearn/linear_model/_base.py:279: RuntimeWarning: invalid value encountered in matmul
  return X @ coef_ + self.intercept_
/Users/austinlin/Library/Python/3.9/lib/python/site-packages/sklearn/linear_model/_ridge.py:292: RuntimeWarning: divide by zero encountered in matmul
  UTy = U.T @ y
/Users/austinlin/Library/Python/3.9/lib/python/site-packages/sklearn/linear_model/_ridge.py:292: RuntimeWarning: overflow encountered in matmul
  UTy = U.T @ y
/Users/austinlin/Library/Python/3.9/lib/python/site-packages/sklearn/linear_model/_ridge.py:292: RuntimeWarning: invalid value encountered in matmul
  UTy = U.T @ y
/Users/austinlin/Library/Python/3.9/lib/python/site-packages/sklearn/linear_model/_ridge.py:296: RuntimeWarning: divide by zero encountered in matmul
  return (Vt.T @ d_UT_y).T
/Users/austinlin/Library/Python/3.9/lib/python/site-packages/sklearn/linear_model/_ridge.py:296: RuntimeWarning: overflow encountered in matmul
  return (Vt.T @ d_UT_y).T
/Users/austinlin/Library/Python/3.9/lib/python/site-packages/sklearn/linear_model/_ridge.py:296: RuntimeWarning: invalid value encountered in matmul
  return (Vt.T @ d_UT_y).T
/Users/austinlin/Library/Python/3.9/lib/python/site-packages/sklearn/linear_model/_base.py:279: RuntimeWarning: divide by zero encountered in matmul
  return X @ coef_ + self.intercept_
/Users/austinlin/Library/Python/3.9/lib/python/site-packages/sklearn/linear_model/_base.py:279: RuntimeWarning: overflow encountered in matmul
  return X @ coef_ + self.intercept_
/Users/austinlin/Library/Python/3.9/lib/python/site-packages/sklearn/linear_model/_base.py:279: RuntimeWarning: invalid value encountered in matmul
  return X @ coef_ + self.intercept_
/Users/austinlin/Library/Python/3.9/lib/python/site-packages/sklearn/linear_model/_base.py:279: RuntimeWarning: divide by zero encountered in matmul
  return X @ coef_ + self.intercept_
/Users/austinlin/Library/Python/3.9/lib/python/site-packages/sklearn/linear_model/_base.py:279: RuntimeWarning: overflow encountered in matmul
  return X @ coef_ + self.intercept_
/Users/austinlin/Library/Python/3.9/lib/python/site-packages/sklearn/linear_model/_base.py:279: RuntimeWarning: invalid value encountered in matmul
  return X @ coef_ + self.intercept_
{"pool_done": 404}
/Users/austinlin/Library/Python/3.9/lib/python/site-packages/sklearn/utils/extmath.py:335: RuntimeWarning: divide by zero encountered in matmul
  Q, _ = normalizer(A @ Q)
/Users/austinlin/Library/Python/3.9/lib/python/site-packages/sklearn/utils/extmath.py:335: RuntimeWarning: overflow encountered in matmul
  Q, _ = normalizer(A @ Q)
/Users/austinlin/Library/Python/3.9/lib/python/site-packages/sklearn/utils/extmath.py:335: RuntimeWarning: invalid value encountered in matmul
  Q, _ = normalizer(A @ Q)
/Users/austinlin/Library/Python/3.9/lib/python/site-packages/sklearn/utils/extmath.py:336: RuntimeWarning: divide by zero encountered in matmul
  Q, _ = normalizer(A.T @ Q)
/Users/austinlin/Library/Python/3.9/lib/python/site-packages/sklearn/utils/extmath.py:336: RuntimeWarning: overflow encountered in matmul
  Q, _ = normalizer(A.T @ Q)
/Users/austinlin/Library/Python/3.9/lib/python/site-packages/sklearn/utils/extmath.py:336: RuntimeWarning: invalid value encountered in matmul
  Q, _ = normalizer(A.T @ Q)
/Users/austinlin/Library/Python/3.9/lib/python/site-packages/sklearn/utils/extmath.py:340: RuntimeWarning: divide by zero encountered in matmul
  Q, _ = qr_normalizer(A @ Q)
/Users/austinlin/Library/Python/3.9/lib/python/site-packages/sklearn/utils/extmath.py:340: RuntimeWarning: overflow encountered in matmul
  Q, _ = qr_normalizer(A @ Q)
/Users/austinlin/Library/Python/3.9/lib/python/site-packages/sklearn/utils/extmath.py:340: RuntimeWarning: invalid value encountered in matmul
  Q, _ = qr_normalizer(A @ Q)
/Users/austinlin/Library/Python/3.9/lib/python/site-packages/sklearn/utils/extmath.py:533: RuntimeWarning: divide by zero encountered in matmul
  B = Q.T @ M
/Users/austinlin/Library/Python/3.9/lib/python/site-packages/sklearn/utils/extmath.py:533: RuntimeWarning: overflow encountered in matmul
  B = Q.T @ M
/Users/austinlin/Library/Python/3.9/lib/python/site-packages/sklearn/utils/extmath.py:533: RuntimeWarning: invalid value encountered in matmul
  B = Q.T @ M
/Users/austinlin/Library/Python/3.9/lib/python/site-packages/sklearn/utils/extmath.py:547: RuntimeWarning: divide by zero encountered in matmul
  U = Q @ Uhat
/Users/austinlin/Library/Python/3.9/lib/python/site-packages/sklearn/utils/extmath.py:547: RuntimeWarning: overflow encountered in matmul
  U = Q @ Uhat
/Users/austinlin/Library/Python/3.9/lib/python/site-packages/sklearn/utils/extmath.py:547: RuntimeWarning: invalid value encountered in matmul
  U = Q @ Uhat
/Users/austinlin/Library/Python/3.9/lib/python/site-packages/sklearn/decomposition/_base.py:148: RuntimeWarning: divide by zero encountered in matmul
  X_transformed = X @ self.components_.T
/Users/austinlin/Library/Python/3.9/lib/python/site-packages/sklearn/decomposition/_base.py:148: RuntimeWarning: overflow encountered in matmul
  X_transformed = X @ self.components_.T
/Users/austinlin/Library/Python/3.9/lib/python/site-packages/sklearn/decomposition/_base.py:148: RuntimeWarning: invalid value encountered in matmul
  X_transformed = X @ self.components_.T
/Users/austinlin/Library/Python/3.9/lib/python/site-packages/sklearn/decomposition/_base.py:155: RuntimeWarning: divide by zero encountered in matmul
  X_transformed -= xp.reshape(self.mean_, (1, -1)) @ self.components_.T
/Users/austinlin/Library/Python/3.9/lib/python/site-packages/sklearn/decomposition/_base.py:155: RuntimeWarning: overflow encountered in matmul
  X_transformed -= xp.reshape(self.mean_, (1, -1)) @ self.components_.T
/Users/austinlin/Library/Python/3.9/lib/python/site-packages/sklearn/decomposition/_base.py:155: RuntimeWarning: invalid value encountered in matmul
  X_transformed -= xp.reshape(self.mean_, (1, -1)) @ self.components_.T
/Users/austinlin/Library/Python/3.9/lib/python/site-packages/sklearn/linear_model/_ridge.py:292: RuntimeWarning: divide by zero encountered in matmul
  UTy = U.T @ y
/Users/austinlin/Library/Python/3.9/lib/python/site-packages/sklearn/linear_model/_ridge.py:292: RuntimeWarning: overflow encountered in matmul
  UTy = U.T @ y
/Users/austinlin/Library/Python/3.9/lib/python/site-packages/sklearn/linear_model/_ridge.py:292: RuntimeWarning: invalid value encountered in matmul
  UTy = U.T @ y
/Users/austinlin/Library/Python/3.9/lib/python/site-packages/sklearn/linear_model/_base.py:279: RuntimeWarning: divide by zero encountered in matmul
  return X @ coef_ + self.intercept_
/Users/austinlin/Library/Python/3.9/lib/python/site-packages/sklearn/linear_model/_base.py:279: RuntimeWarning: overflow encountered in matmul
  return X @ coef_ + self.intercept_
/Users/austinlin/Library/Python/3.9/lib/python/site-packages/sklearn/linear_model/_base.py:279: RuntimeWarning: invalid value encountered in matmul
  return X @ coef_ + self.intercept_
/Users/austinlin/Library/Python/3.9/lib/python/site-packages/sklearn/linear_model/_ridge.py:292: RuntimeWarning: divide by zero encountered in matmul
  UTy = U.T @ y
/Users/austinlin/Library/Python/3.9/lib/python/site-packages/sklearn/linear_model/_ridge.py:292: RuntimeWarning: overflow encountered in matmul
  UTy = U.T @ y
/Users/austinlin/Library/Python/3.9/lib/python/site-packages/sklearn/linear_model/_ridge.py:292: RuntimeWarning: invalid value encountered in matmul
  UTy = U.T @ y
/Users/austinlin/Library/Python/3.9/lib/python/site-packages/sklearn/linear_model/_base.py:279: RuntimeWarning: divide by zero encountered in matmul
  return X @ coef_ + self.intercept_
/Users/austinlin/Library/Python/3.9/lib/python/site-packages/sklearn/linear_model/_base.py:279: RuntimeWarning: overflow encountered in matmul
  return X @ coef_ + self.intercept_
/Users/austinlin/Library/Python/3.9/lib/python/site-packages/sklearn/linear_model/_base.py:279: RuntimeWarning: invalid value encountered in matmul
  return X @ coef_ + self.intercept_
/Users/austinlin/Library/Python/3.9/lib/python/site-packages/sklearn/linear_model/_ridge.py:292: RuntimeWarning: divide by zero encountered in matmul
  UTy = U.T @ y
/Users/austinlin/Library/Python/3.9/lib/python/site-packages/sklearn/linear_model/_ridge.py:292: RuntimeWarning: overflow encountered in matmul
  UTy = U.T @ y
/Users/austinlin/Library/Python/3.9/lib/python/site-packages/sklearn/linear_model/_ridge.py:292: RuntimeWarning: invalid value encountered in matmul
  UTy = U.T @ y
/Users/austinlin/Library/Python/3.9/lib/python/site-packages/sklearn/linear_model/_base.py:279: RuntimeWarning: divide by zero encountered in matmul
  return X @ coef_ + self.intercept_
/Users/austinlin/Library/Python/3.9/lib/python/site-packages/sklearn/linear_model/_base.py:279: RuntimeWarning: overflow encountered in matmul
  return X @ coef_ + self.intercept_
/Users/austinlin/Library/Python/3.9/lib/python/site-packages/sklearn/linear_model/_base.py:279: RuntimeWarning: invalid value encountered in matmul
  return X @ coef_ + self.intercept_
/Users/austinlin/Library/Python/3.9/lib/python/site-packages/sklearn/linear_model/_ridge.py:292: RuntimeWarning: divide by zero encountered in matmul
  UTy = U.T @ y
/Users/austinlin/Library/Python/3.9/lib/python/site-packages/sklearn/linear_model/_ridge.py:292: RuntimeWarning: overflow encountered in matmul
  UTy = U.T @ y
/Users/austinlin/Library/Python/3.9/lib/python/site-packages/sklearn/linear_model/_ridge.py:292: RuntimeWarning: invalid value encountered in matmul
  UTy = U.T @ y
/Users/austinlin/Library/Python/3.9/lib/python/site-packages/sklearn/linear_model/_base.py:279: RuntimeWarning: divide by zero encountered in matmul
  return X @ coef_ + self.intercept_
/Users/austinlin/Library/Python/3.9/lib/python/site-packages/sklearn/linear_model/_base.py:279: RuntimeWarning: overflow encountered in matmul
  return X @ coef_ + self.intercept_
/Users/austinlin/Library/Python/3.9/lib/python/site-packages/sklearn/linear_model/_base.py:279: RuntimeWarning: invalid value encountered in matmul
  return X @ coef_ + self.intercept_
/Users/austinlin/Library/Python/3.9/lib/python/site-packages/sklearn/linear_model/_ridge.py:292: RuntimeWarning: divide by zero encountered in matmul
  UTy = U.T @ y
/Users/austinlin/Library/Python/3.9/lib/python/site-packages/sklearn/linear_model/_ridge.py:292: RuntimeWarning: overflow encountered in matmul
  UTy = U.T @ y
/Users/austinlin/Library/Python/3.9/lib/python/site-packages/sklearn/linear_model/_ridge.py:292: RuntimeWarning: invalid value encountered in matmul
  UTy = U.T @ y
/Users/austinlin/Library/Python/3.9/lib/python/site-packages/sklearn/linear_model/_base.py:279: RuntimeWarning: divide by zero encountered in matmul
  return X @ coef_ + self.intercept_
/Users/austinlin/Library/Python/3.9/lib/python/site-packages/sklearn/linear_model/_base.py:279: RuntimeWarning: overflow encountered in matmul
  return X @ coef_ + self.intercept_
/Users/austinlin/Library/Python/3.9/lib/python/site-packages/sklearn/linear_model/_base.py:279: RuntimeWarning: invalid value encountered in matmul
  return X @ coef_ + self.intercept_
/Users/austinlin/Library/Python/3.9/lib/python/site-packages/sklearn/linear_model/_base.py:279: RuntimeWarning: divide by zero encountered in matmul
  return X @ coef_ + self.intercept_
/Users/austinlin/Library/Python/3.9/lib/python/site-packages/sklearn/linear_model/_base.py:279: RuntimeWarning: overflow encountered in matmul
  return X @ coef_ + self.intercept_
/Users/austinlin/Library/Python/3.9/lib/python/site-packages/sklearn/linear_model/_base.py:279: RuntimeWarning: invalid value encountered in matmul
  return X @ coef_ + self.intercept_
/Users/austinlin/Library/Python/3.9/lib/python/site-packages/sklearn/linear_model/_ridge.py:292: RuntimeWarning: divide by zero encountered in matmul
  UTy = U.T @ y
/Users/austinlin/Library/Python/3.9/lib/python/site-packages/sklearn/linear_model/_ridge.py:292: RuntimeWarning: overflow encountered in matmul
  UTy = U.T @ y
/Users/austinlin/Library/Python/3.9/lib/python/site-packages/sklearn/linear_model/_ridge.py:292: RuntimeWarning: invalid value encountered in matmul
  UTy = U.T @ y
/Users/austinlin/Library/Python/3.9/lib/python/site-packages/sklearn/linear_model/_ridge.py:296: RuntimeWarning: divide by zero encountered in matmul
  return (Vt.T @ d_UT_y).T
/Users/austinlin/Library/Python/3.9/lib/python/site-packages/sklearn/linear_model/_ridge.py:296: RuntimeWarning: overflow encountered in matmul
  return (Vt.T @ d_UT_y).T
/Users/austinlin/Library/Python/3.9/lib/python/site-packages/sklearn/linear_model/_ridge.py:296: RuntimeWarning: invalid value encountered in matmul
  return (Vt.T @ d_UT_y).T
/Users/austinlin/Library/Python/3.9/lib/python/site-packages/sklearn/linear_model/_base.py:279: RuntimeWarning: divide by zero encountered in matmul
  return X @ coef_ + self.intercept_
/Users/austinlin/Library/Python/3.9/lib/python/site-packages/sklearn/linear_model/_base.py:279: RuntimeWarning: overflow encountered in matmul
  return X @ coef_ + self.intercept_
/Users/austinlin/Library/Python/3.9/lib/python/site-packages/sklearn/linear_model/_base.py:279: RuntimeWarning: invalid value encountered in matmul
  return X @ coef_ + self.intercept_
/Users/austinlin/Library/Python/3.9/lib/python/site-packages/sklearn/linear_model/_ridge.py:292: RuntimeWarning: divide by zero encountered in matmul
  UTy = U.T @ y
/Users/austinlin/Library/Python/3.9/lib/python/site-packages/sklearn/linear_model/_ridge.py:292: RuntimeWarning: overflow encountered in matmul
  UTy = U.T @ y
/Users/austinlin/Library/Python/3.9/lib/python/site-packages/sklearn/linear_model/_ridge.py:292: RuntimeWarning: invalid value encountered in matmul
  UTy = U.T @ y
/Users/austinlin/Library/Python/3.9/lib/python/site-packages/sklearn/linear_model/_ridge.py:296: RuntimeWarning: divide by zero encountered in matmul
  return (Vt.T @ d_UT_y).T
/Users/austinlin/Library/Python/3.9/lib/python/site-packages/sklearn/linear_model/_ridge.py:296: RuntimeWarning: overflow encountered in matmul
  return (Vt.T @ d_UT_y).T
/Users/austinlin/Library/Python/3.9/lib/python/site-packages/sklearn/linear_model/_ridge.py:296: RuntimeWarning: invalid value encountered in matmul
  return (Vt.T @ d_UT_y).T
/Users/austinlin/Library/Python/3.9/lib/python/site-packages/sklearn/linear_model/_base.py:279: RuntimeWarning: divide by zero encountered in matmul
  return X @ coef_ + self.intercept_
/Users/austinlin/Library/Python/3.9/lib/python/site-packages/sklearn/linear_model/_base.py:279: RuntimeWarning: overflow encountered in matmul
  return X @ coef_ + self.intercept_
/Users/austinlin/Library/Python/3.9/lib/python/site-packages/sklearn/linear_model/_base.py:279: RuntimeWarning: invalid value encountered in matmul
  return X @ coef_ + self.intercept_
/Users/austinlin/Library/Python/3.9/lib/python/site-packages/sklearn/linear_model/_ridge.py:292: RuntimeWarning: divide by zero encountered in matmul
  UTy = U.T @ y
/Users/austinlin/Library/Python/3.9/lib/python/site-packages/sklearn/linear_model/_ridge.py:292: RuntimeWarning: overflow encountered in matmul
  UTy = U.T @ y
/Users/austinlin/Library/Python/3.9/lib/python/site-packages/sklearn/linear_model/_ridge.py:292: RuntimeWarning: invalid value encountered in matmul
  UTy = U.T @ y
/Users/austinlin/Library/Python/3.9/lib/python/site-packages/sklearn/linear_model/_ridge.py:296: RuntimeWarning: divide by zero encountered in matmul
  return (Vt.T @ d_UT_y).T
/Users/austinlin/Library/Python/3.9/lib/python/site-packages/sklearn/linear_model/_ridge.py:296: RuntimeWarning: overflow encountered in matmul
  return (Vt.T @ d_UT_y).T
/Users/austinlin/Library/Python/3.9/lib/python/site-packages/sklearn/linear_model/_ridge.py:296: RuntimeWarning: invalid value encountered in matmul
  return (Vt.T @ d_UT_y).T
/Users/austinlin/Library/Python/3.9/lib/python/site-packages/sklearn/linear_model/_base.py:279: RuntimeWarning: divide by zero encountered in matmul
  return X @ coef_ + self.intercept_
/Users/austinlin/Library/Python/3.9/lib/python/site-packages/sklearn/linear_model/_base.py:279: RuntimeWarning: overflow encountered in matmul
  return X @ coef_ + self.intercept_
/Users/austinlin/Library/Python/3.9/lib/python/site-packages/sklearn/linear_model/_base.py:279: RuntimeWarning: invalid value encountered in matmul
  return X @ coef_ + self.intercept_
/Users/austinlin/Library/Python/3.9/lib/python/site-packages/sklearn/linear_model/_ridge.py:292: RuntimeWarning: divide by zero encountered in matmul
  UTy = U.T @ y
/Users/austinlin/Library/Python/3.9/lib/python/site-packages/sklearn/linear_model/_ridge.py:292: RuntimeWarning: overflow encountered in matmul
  UTy = U.T @ y
/Users/austinlin/Library/Python/3.9/lib/python/site-packages/sklearn/linear_model/_ridge.py:292: RuntimeWarning: invalid value encountered in matmul
  UTy = U.T @ y
/Users/austinlin/Library/Python/3.9/lib/python/site-packages/sklearn/linear_model/_ridge.py:296: RuntimeWarning: divide by zero encountered in matmul
  return (Vt.T @ d_UT_y).T
/Users/austinlin/Library/Python/3.9/lib/python/site-packages/sklearn/linear_model/_ridge.py:296: RuntimeWarning: overflow encountered in matmul
  return (Vt.T @ d_UT_y).T
/Users/austinlin/Library/Python/3.9/lib/python/site-packages/sklearn/linear_model/_ridge.py:296: RuntimeWarning: invalid value encountered in matmul
  return (Vt.T @ d_UT_y).T
/Users/austinlin/Library/Python/3.9/lib/python/site-packages/sklearn/linear_model/_base.py:279: RuntimeWarning: divide by zero encountered in matmul
  return X @ coef_ + self.intercept_
/Users/austinlin/Library/Python/3.9/lib/python/site-packages/sklearn/linear_model/_base.py:279: RuntimeWarning: overflow encountered in matmul
  return X @ coef_ + self.intercept_
/Users/austinlin/Library/Python/3.9/lib/python/site-packages/sklearn/linear_model/_base.py:279: RuntimeWarning: invalid value encountered in matmul
  return X @ coef_ + self.intercept_
/Users/austinlin/Library/Python/3.9/lib/python/site-packages/sklearn/linear_model/_ridge.py:292: RuntimeWarning: divide by zero encountered in matmul
  UTy = U.T @ y
/Users/austinlin/Library/Python/3.9/lib/python/site-packages/sklearn/linear_model/_ridge.py:292: RuntimeWarning: overflow encountered in matmul
  UTy = U.T @ y
/Users/austinlin/Library/Python/3.9/lib/python/site-packages/sklearn/linear_model/_ridge.py:292: RuntimeWarning: invalid value encountered in matmul
  UTy = U.T @ y
/Users/austinlin/Library/Python/3.9/lib/python/site-packages/sklearn/linear_model/_ridge.py:296: RuntimeWarning: divide by zero encountered in matmul
  return (Vt.T @ d_UT_y).T
/Users/austinlin/Library/Python/3.9/lib/python/site-packages/sklearn/linear_model/_ridge.py:296: RuntimeWarning: overflow encountered in matmul
  return (Vt.T @ d_UT_y).T
/Users/austinlin/Library/Python/3.9/lib/python/site-packages/sklearn/linear_model/_ridge.py:296: RuntimeWarning: invalid value encountered in matmul
  return (Vt.T @ d_UT_y).T
/Users/austinlin/Library/Python/3.9/lib/python/site-packages/sklearn/linear_model/_base.py:279: RuntimeWarning: divide by zero encountered in matmul
  return X @ coef_ + self.intercept_
/Users/austinlin/Library/Python/3.9/lib/python/site-packages/sklearn/linear_model/_base.py:279: RuntimeWarning: overflow encountered in matmul
  return X @ coef_ + self.intercept_
/Users/austinlin/Library/Python/3.9/lib/python/site-packages/sklearn/linear_model/_base.py:279: RuntimeWarning: invalid value encountered in matmul
  return X @ coef_ + self.intercept_
/Users/austinlin/Library/Python/3.9/lib/python/site-packages/sklearn/linear_model/_base.py:279: RuntimeWarning: divide by zero encountered in matmul
  return X @ coef_ + self.intercept_
/Users/austinlin/Library/Python/3.9/lib/python/site-packages/sklearn/linear_model/_base.py:279: RuntimeWarning: overflow encountered in matmul
  return X @ coef_ + self.intercept_
/Users/austinlin/Library/Python/3.9/lib/python/site-packages/sklearn/linear_model/_base.py:279: RuntimeWarning: invalid value encountered in matmul
  return X @ coef_ + self.intercept_
/Users/austinlin/Library/Python/3.9/lib/python/site-packages/sklearn/linear_model/_ridge.py:292: RuntimeWarning: divide by zero encountered in matmul
  UTy = U.T @ y
/Users/austinlin/Library/Python/3.9/lib/python/site-packages/sklearn/linear_model/_ridge.py:292: RuntimeWarning: overflow encountered in matmul
  UTy = U.T @ y
/Users/austinlin/Library/Python/3.9/lib/python/site-packages/sklearn/linear_model/_ridge.py:292: RuntimeWarning: invalid value encountered in matmul
  UTy = U.T @ y
/Users/austinlin/Library/Python/3.9/lib/python/site-packages/sklearn/linear_model/_ridge.py:296: RuntimeWarning: divide by zero encountered in matmul
  return (Vt.T @ d_UT_y).T
/Users/austinlin/Library/Python/3.9/lib/python/site-packages/sklearn/linear_model/_ridge.py:296: RuntimeWarning: overflow encountered in matmul
  return (Vt.T @ d_UT_y).T
/Users/austinlin/Library/Python/3.9/lib/python/site-packages/sklearn/linear_model/_ridge.py:296: RuntimeWarning: invalid value encountered in matmul
  return (Vt.T @ d_UT_y).T
/Users/austinlin/Library/Python/3.9/lib/python/site-packages/sklearn/linear_model/_base.py:279: RuntimeWarning: divide by zero encountered in matmul
  return X @ coef_ + self.intercept_
/Users/austinlin/Library/Python/3.9/lib/python/site-packages/sklearn/linear_model/_base.py:279: RuntimeWarning: overflow encountered in matmul
  return X @ coef_ + self.intercept_
/Users/austinlin/Library/Python/3.9/lib/python/site-packages/sklearn/linear_model/_base.py:279: RuntimeWarning: invalid value encountered in matmul
  return X @ coef_ + self.intercept_
/Users/austinlin/Library/Python/3.9/lib/python/site-packages/sklearn/linear_model/_ridge.py:292: RuntimeWarning: divide by zero encountered in matmul
  UTy = U.T @ y
/Users/austinlin/Library/Python/3.9/lib/python/site-packages/sklearn/linear_model/_ridge.py:292: RuntimeWarning: overflow encountered in matmul
  UTy = U.T @ y
/Users/austinlin/Library/Python/3.9/lib/python/site-packages/sklearn/linear_model/_ridge.py:292: RuntimeWarning: invalid value encountered in matmul
  UTy = U.T @ y
/Users/austinlin/Library/Python/3.9/lib/python/site-packages/sklearn/linear_model/_ridge.py:296: RuntimeWarning: divide by zero encountered in matmul
  return (Vt.T @ d_UT_y).T
/Users/austinlin/Library/Python/3.9/lib/python/site-packages/sklearn/linear_model/_ridge.py:296: RuntimeWarning: overflow encountered in matmul
  return (Vt.T @ d_UT_y).T
/Users/austinlin/Library/Python/3.9/lib/python/site-packages/sklearn/linear_model/_ridge.py:296: RuntimeWarning: invalid value encountered in matmul
  return (Vt.T @ d_UT_y).T
/Users/austinlin/Library/Python/3.9/lib/python/site-packages/sklearn/linear_model/_base.py:279: RuntimeWarning: divide by zero encountered in matmul
  return X @ coef_ + self.intercept_
/Users/austinlin/Library/Python/3.9/lib/python/site-packages/sklearn/linear_model/_base.py:279: RuntimeWarning: overflow encountered in matmul
  return X @ coef_ + self.intercept_
/Users/austinlin/Library/Python/3.9/lib/python/site-packages/sklearn/linear_model/_base.py:279: RuntimeWarning: invalid value encountered in matmul
  return X @ coef_ + self.intercept_
/Users/austinlin/Library/Python/3.9/lib/python/site-packages/sklearn/linear_model/_ridge.py:292: RuntimeWarning: divide by zero encountered in matmul
  UTy = U.T @ y
/Users/austinlin/Library/Python/3.9/lib/python/site-packages/sklearn/linear_model/_ridge.py:292: RuntimeWarning: overflow encountered in matmul
  UTy = U.T @ y
/Users/austinlin/Library/Python/3.9/lib/python/site-packages/sklearn/linear_model/_ridge.py:292: RuntimeWarning: invalid value encountered in matmul
  UTy = U.T @ y
/Users/austinlin/Library/Python/3.9/lib/python/site-packages/sklearn/linear_model/_ridge.py:296: RuntimeWarning: divide by zero encountered in matmul
  return (Vt.T @ d_UT_y).T
/Users/austinlin/Library/Python/3.9/lib/python/site-packages/sklearn/linear_model/_ridge.py:296: RuntimeWarning: overflow encountered in matmul
  return (Vt.T @ d_UT_y).T
/Users/austinlin/Library/Python/3.9/lib/python/site-packages/sklearn/linear_model/_ridge.py:296: RuntimeWarning: invalid value encountered in matmul
  return (Vt.T @ d_UT_y).T
/Users/austinlin/Library/Python/3.9/lib/python/site-packages/sklearn/linear_model/_base.py:279: RuntimeWarning: divide by zero encountered in matmul
  return X @ coef_ + self.intercept_
/Users/austinlin/Library/Python/3.9/lib/python/site-packages/sklearn/linear_model/_base.py:279: RuntimeWarning: overflow encountered in matmul
  return X @ coef_ + self.intercept_
/Users/austinlin/Library/Python/3.9/lib/python/site-packages/sklearn/linear_model/_base.py:279: RuntimeWarning: invalid value encountered in matmul
  return X @ coef_ + self.intercept_
/Users/austinlin/Library/Python/3.9/lib/python/site-packages/sklearn/linear_model/_ridge.py:292: RuntimeWarning: divide by zero encountered in matmul
  UTy = U.T @ y
/Users/austinlin/Library/Python/3.9/lib/python/site-packages/sklearn/linear_model/_ridge.py:292: RuntimeWarning: overflow encountered in matmul
  UTy = U.T @ y
/Users/austinlin/Library/Python/3.9/lib/python/site-packages/sklearn/linear_model/_ridge.py:292: RuntimeWarning: invalid value encountered in matmul
  UTy = U.T @ y
/Users/austinlin/Library/Python/3.9/lib/python/site-packages/sklearn/linear_model/_ridge.py:296: RuntimeWarning: divide by zero encountered in matmul
  return (Vt.T @ d_UT_y).T
/Users/austinlin/Library/Python/3.9/lib/python/site-packages/sklearn/linear_model/_ridge.py:296: RuntimeWarning: overflow encountered in matmul
  return (Vt.T @ d_UT_y).T
/Users/austinlin/Library/Python/3.9/lib/python/site-packages/sklearn/linear_model/_ridge.py:296: RuntimeWarning: invalid value encountered in matmul
  return (Vt.T @ d_UT_y).T
/Users/austinlin/Library/Python/3.9/lib/python/site-packages/sklearn/linear_model/_base.py:279: RuntimeWarning: divide by zero encountered in matmul
  return X @ coef_ + self.intercept_
/Users/austinlin/Library/Python/3.9/lib/python/site-packages/sklearn/linear_model/_base.py:279: RuntimeWarning: overflow encountered in matmul
  return X @ coef_ + self.intercept_
/Users/austinlin/Library/Python/3.9/lib/python/site-packages/sklearn/linear_model/_base.py:279: RuntimeWarning: invalid value encountered in matmul
  return X @ coef_ + self.intercept_
/Users/austinlin/Library/Python/3.9/lib/python/site-packages/sklearn/linear_model/_ridge.py:292: RuntimeWarning: divide by zero encountered in matmul
  UTy = U.T @ y
/Users/austinlin/Library/Python/3.9/lib/python/site-packages/sklearn/linear_model/_ridge.py:292: RuntimeWarning: overflow encountered in matmul
  UTy = U.T @ y
/Users/austinlin/Library/Python/3.9/lib/python/site-packages/sklearn/linear_model/_ridge.py:292: RuntimeWarning: invalid value encountered in matmul
  UTy = U.T @ y
/Users/austinlin/Library/Python/3.9/lib/python/site-packages/sklearn/linear_model/_ridge.py:296: RuntimeWarning: divide by zero encountered in matmul
  return (Vt.T @ d_UT_y).T
/Users/austinlin/Library/Python/3.9/lib/python/site-packages/sklearn/linear_model/_ridge.py:296: RuntimeWarning: overflow encountered in matmul
  return (Vt.T @ d_UT_y).T
/Users/austinlin/Library/Python/3.9/lib/python/site-packages/sklearn/linear_model/_ridge.py:296: RuntimeWarning: invalid value encountered in matmul
  return (Vt.T @ d_UT_y).T
/Users/austinlin/Library/Python/3.9/lib/python/site-packages/sklearn/linear_model/_base.py:279: RuntimeWarning: divide by zero encountered in matmul
  return X @ coef_ + self.intercept_
/Users/austinlin/Library/Python/3.9/lib/python/site-packages/sklearn/linear_model/_base.py:279: RuntimeWarning: overflow encountered in matmul
  return X @ coef_ + self.intercept_
/Users/austinlin/Library/Python/3.9/lib/python/site-packages/sklearn/linear_model/_base.py:279: RuntimeWarning: invalid value encountered in matmul
  return X @ coef_ + self.intercept_
/Users/austinlin/Library/Python/3.9/lib/python/site-packages/sklearn/linear_model/_base.py:279: RuntimeWarning: divide by zero encountered in matmul
  return X @ coef_ + self.intercept_
/Users/austinlin/Library/Python/3.9/lib/python/site-packages/sklearn/linear_model/_base.py:279: RuntimeWarning: overflow encountered in matmul
  return X @ coef_ + self.intercept_
/Users/austinlin/Library/Python/3.9/lib/python/site-packages/sklearn/linear_model/_base.py:279: RuntimeWarning: invalid value encountered in matmul
  return X @ coef_ + self.intercept_
{"pool_done": 505}
/Users/austinlin/Library/Python/3.9/lib/python/site-packages/sklearn/utils/extmath.py:335: RuntimeWarning: divide by zero encountered in matmul
  Q, _ = normalizer(A @ Q)
/Users/austinlin/Library/Python/3.9/lib/python/site-packages/sklearn/utils/extmath.py:335: RuntimeWarning: overflow encountered in matmul
  Q, _ = normalizer(A @ Q)
/Users/austinlin/Library/Python/3.9/lib/python/site-packages/sklearn/utils/extmath.py:335: RuntimeWarning: invalid value encountered in matmul
  Q, _ = normalizer(A @ Q)
/Users/austinlin/Library/Python/3.9/lib/python/site-packages/sklearn/utils/extmath.py:336: RuntimeWarning: divide by zero encountered in matmul
  Q, _ = normalizer(A.T @ Q)
/Users/austinlin/Library/Python/3.9/lib/python/site-packages/sklearn/utils/extmath.py:336: RuntimeWarning: overflow encountered in matmul
  Q, _ = normalizer(A.T @ Q)
/Users/austinlin/Library/Python/3.9/lib/python/site-packages/sklearn/utils/extmath.py:336: RuntimeWarning: invalid value encountered in matmul
  Q, _ = normalizer(A.T @ Q)
/Users/austinlin/Library/Python/3.9/lib/python/site-packages/sklearn/utils/extmath.py:340: RuntimeWarning: divide by zero encountered in matmul
  Q, _ = qr_normalizer(A @ Q)
/Users/austinlin/Library/Python/3.9/lib/python/site-packages/sklearn/utils/extmath.py:340: RuntimeWarning: overflow encountered in matmul
  Q, _ = qr_normalizer(A @ Q)
/Users/austinlin/Library/Python/3.9/lib/python/site-packages/sklearn/utils/extmath.py:340: RuntimeWarning: invalid value encountered in matmul
  Q, _ = qr_normalizer(A @ Q)
/Users/austinlin/Library/Python/3.9/lib/python/site-packages/sklearn/utils/extmath.py:533: RuntimeWarning: divide by zero encountered in matmul
  B = Q.T @ M
/Users/austinlin/Library/Python/3.9/lib/python/site-packages/sklearn/utils/extmath.py:533: RuntimeWarning: overflow encountered in matmul
  B = Q.T @ M
/Users/austinlin/Library/Python/3.9/lib/python/site-packages/sklearn/utils/extmath.py:533: RuntimeWarning: invalid value encountered in matmul
  B = Q.T @ M
/Users/austinlin/Library/Python/3.9/lib/python/site-packages/sklearn/utils/extmath.py:547: RuntimeWarning: divide by zero encountered in matmul
  U = Q @ Uhat
/Users/austinlin/Library/Python/3.9/lib/python/site-packages/sklearn/utils/extmath.py:547: RuntimeWarning: overflow encountered in matmul
  U = Q @ Uhat
/Users/austinlin/Library/Python/3.9/lib/python/site-packages/sklearn/utils/extmath.py:547: RuntimeWarning: invalid value encountered in matmul
  U = Q @ Uhat
/Users/austinlin/Library/Python/3.9/lib/python/site-packages/sklearn/decomposition/_base.py:148: RuntimeWarning: divide by zero encountered in matmul
  X_transformed = X @ self.components_.T
/Users/austinlin/Library/Python/3.9/lib/python/site-packages/sklearn/decomposition/_base.py:148: RuntimeWarning: overflow encountered in matmul
  X_transformed = X @ self.components_.T
/Users/austinlin/Library/Python/3.9/lib/python/site-packages/sklearn/decomposition/_base.py:148: RuntimeWarning: invalid value encountered in matmul
  X_transformed = X @ self.components_.T
/Users/austinlin/Library/Python/3.9/lib/python/site-packages/sklearn/decomposition/_base.py:155: RuntimeWarning: divide by zero encountered in matmul
  X_transformed -= xp.reshape(self.mean_, (1, -1)) @ self.components_.T
/Users/austinlin/Library/Python/3.9/lib/python/site-packages/sklearn/decomposition/_base.py:155: RuntimeWarning: overflow encountered in matmul
  X_transformed -= xp.reshape(self.mean_, (1, -1)) @ self.components_.T
/Users/austinlin/Library/Python/3.9/lib/python/site-packages/sklearn/decomposition/_base.py:155: RuntimeWarning: invalid value encountered in matmul
  X_transformed -= xp.reshape(self.mean_, (1, -1)) @ self.components_.T
/Users/austinlin/Library/Python/3.9/lib/python/site-packages/sklearn/linear_model/_ridge.py:292: RuntimeWarning: divide by zero encountered in matmul
  UTy = U.T @ y
/Users/austinlin/Library/Python/3.9/lib/python/site-packages/sklearn/linear_model/_ridge.py:292: RuntimeWarning: overflow encountered in matmul
  UTy = U.T @ y
/Users/austinlin/Library/Python/3.9/lib/python/site-packages/sklearn/linear_model/_ridge.py:292: RuntimeWarning: invalid value encountered in matmul
  UTy = U.T @ y
/Users/austinlin/Library/Python/3.9/lib/python/site-packages/sklearn/linear_model/_base.py:279: RuntimeWarning: divide by zero encountered in matmul
  return X @ coef_ + self.intercept_
/Users/austinlin/Library/Python/3.9/lib/python/site-packages/sklearn/linear_model/_base.py:279: RuntimeWarning: overflow encountered in matmul
  return X @ coef_ + self.intercept_
/Users/austinlin/Library/Python/3.9/lib/python/site-packages/sklearn/linear_model/_base.py:279: RuntimeWarning: invalid value encountered in matmul
  return X @ coef_ + self.intercept_
/Users/austinlin/Library/Python/3.9/lib/python/site-packages/sklearn/linear_model/_ridge.py:292: RuntimeWarning: divide by zero encountered in matmul
  UTy = U.T @ y
/Users/austinlin/Library/Python/3.9/lib/python/site-packages/sklearn/linear_model/_ridge.py:292: RuntimeWarning: overflow encountered in matmul
  UTy = U.T @ y
/Users/austinlin/Library/Python/3.9/lib/python/site-packages/sklearn/linear_model/_ridge.py:292: RuntimeWarning: invalid value encountered in matmul
  UTy = U.T @ y
/Users/austinlin/Library/Python/3.9/lib/python/site-packages/sklearn/linear_model/_base.py:279: RuntimeWarning: divide by zero encountered in matmul
  return X @ coef_ + self.intercept_
/Users/austinlin/Library/Python/3.9/lib/python/site-packages/sklearn/linear_model/_base.py:279: RuntimeWarning: overflow encountered in matmul
  return X @ coef_ + self.intercept_
/Users/austinlin/Library/Python/3.9/lib/python/site-packages/sklearn/linear_model/_base.py:279: RuntimeWarning: invalid value encountered in matmul
  return X @ coef_ + self.intercept_
/Users/austinlin/Library/Python/3.9/lib/python/site-packages/sklearn/linear_model/_ridge.py:292: RuntimeWarning: divide by zero encountered in matmul
  UTy = U.T @ y
/Users/austinlin/Library/Python/3.9/lib/python/site-packages/sklearn/linear_model/_ridge.py:292: RuntimeWarning: overflow encountered in matmul
  UTy = U.T @ y
/Users/austinlin/Library/Python/3.9/lib/python/site-packages/sklearn/linear_model/_ridge.py:292: RuntimeWarning: invalid value encountered in matmul
  UTy = U.T @ y
/Users/austinlin/Library/Python/3.9/lib/python/site-packages/sklearn/linear_model/_base.py:279: RuntimeWarning: divide by zero encountered in matmul
  return X @ coef_ + self.intercept_
/Users/austinlin/Library/Python/3.9/lib/python/site-packages/sklearn/linear_model/_base.py:279: RuntimeWarning: overflow encountered in matmul
  return X @ coef_ + self.intercept_
/Users/austinlin/Library/Python/3.9/lib/python/site-packages/sklearn/linear_model/_base.py:279: RuntimeWarning: invalid value encountered in matmul
  return X @ coef_ + self.intercept_
/Users/austinlin/Library/Python/3.9/lib/python/site-packages/sklearn/linear_model/_ridge.py:292: RuntimeWarning: divide by zero encountered in matmul
  UTy = U.T @ y
/Users/austinlin/Library/Python/3.9/lib/python/site-packages/sklearn/linear_model/_ridge.py:292: RuntimeWarning: overflow encountered in matmul
  UTy = U.T @ y
/Users/austinlin/Library/Python/3.9/lib/python/site-packages/sklearn/linear_model/_ridge.py:292: RuntimeWarning: invalid value encountered in matmul
  UTy = U.T @ y
/Users/austinlin/Library/Python/3.9/lib/python/site-packages/sklearn/linear_model/_base.py:279: RuntimeWarning: divide by zero encountered in matmul
  return X @ coef_ + self.intercept_
/Users/austinlin/Library/Python/3.9/lib/python/site-packages/sklearn/linear_model/_base.py:279: RuntimeWarning: overflow encountered in matmul
  return X @ coef_ + self.intercept_
/Users/austinlin/Library/Python/3.9/lib/python/site-packages/sklearn/linear_model/_base.py:279: RuntimeWarning: invalid value encountered in matmul
  return X @ coef_ + self.intercept_
/Users/austinlin/Library/Python/3.9/lib/python/site-packages/sklearn/linear_model/_ridge.py:292: RuntimeWarning: divide by zero encountered in matmul
  UTy = U.T @ y
/Users/austinlin/Library/Python/3.9/lib/python/site-packages/sklearn/linear_model/_ridge.py:292: RuntimeWarning: overflow encountered in matmul
  UTy = U.T @ y
/Users/austinlin/Library/Python/3.9/lib/python/site-packages/sklearn/linear_model/_ridge.py:292: RuntimeWarning: invalid value encountered in matmul
  UTy = U.T @ y
/Users/austinlin/Library/Python/3.9/lib/python/site-packages/sklearn/linear_model/_base.py:279: RuntimeWarning: divide by zero encountered in matmul
  return X @ coef_ + self.intercept_
/Users/austinlin/Library/Python/3.9/lib/python/site-packages/sklearn/linear_model/_base.py:279: RuntimeWarning: overflow encountered in matmul
  return X @ coef_ + self.intercept_
/Users/austinlin/Library/Python/3.9/lib/python/site-packages/sklearn/linear_model/_base.py:279: RuntimeWarning: invalid value encountered in matmul
  return X @ coef_ + self.intercept_
/Users/austinlin/Library/Python/3.9/lib/python/site-packages/sklearn/linear_model/_base.py:279: RuntimeWarning: divide by zero encountered in matmul
  return X @ coef_ + self.intercept_
/Users/austinlin/Library/Python/3.9/lib/python/site-packages/sklearn/linear_model/_base.py:279: RuntimeWarning: overflow encountered in matmul
  return X @ coef_ + self.intercept_
/Users/austinlin/Library/Python/3.9/lib/python/site-packages/sklearn/linear_model/_base.py:279: RuntimeWarning: invalid value encountered in matmul
  return X @ coef_ + self.intercept_
/Users/austinlin/Library/Python/3.9/lib/python/site-packages/sklearn/linear_model/_ridge.py:292: RuntimeWarning: divide by zero encountered in matmul
  UTy = U.T @ y
/Users/austinlin/Library/Python/3.9/lib/python/site-packages/sklearn/linear_model/_ridge.py:292: RuntimeWarning: overflow encountered in matmul
  UTy = U.T @ y
/Users/austinlin/Library/Python/3.9/lib/python/site-packages/sklearn/linear_model/_ridge.py:292: RuntimeWarning: invalid value encountered in matmul
  UTy = U.T @ y
/Users/austinlin/Library/Python/3.9/lib/python/site-packages/sklearn/linear_model/_ridge.py:296: RuntimeWarning: divide by zero encountered in matmul
  return (Vt.T @ d_UT_y).T
/Users/austinlin/Library/Python/3.9/lib/python/site-packages/sklearn/linear_model/_ridge.py:296: RuntimeWarning: overflow encountered in matmul
  return (Vt.T @ d_UT_y).T
/Users/austinlin/Library/Python/3.9/lib/python/site-packages/sklearn/linear_model/_ridge.py:296: RuntimeWarning: invalid value encountered in matmul
  return (Vt.T @ d_UT_y).T
/Users/austinlin/Library/Python/3.9/lib/python/site-packages/sklearn/linear_model/_base.py:279: RuntimeWarning: divide by zero encountered in matmul
  return X @ coef_ + self.intercept_
/Users/austinlin/Library/Python/3.9/lib/python/site-packages/sklearn/linear_model/_base.py:279: RuntimeWarning: overflow encountered in matmul
  return X @ coef_ + self.intercept_
/Users/austinlin/Library/Python/3.9/lib/python/site-packages/sklearn/linear_model/_base.py:279: RuntimeWarning: invalid value encountered in matmul
  return X @ coef_ + self.intercept_
/Users/austinlin/Library/Python/3.9/lib/python/site-packages/sklearn/linear_model/_ridge.py:292: RuntimeWarning: divide by zero encountered in matmul
  UTy = U.T @ y
/Users/austinlin/Library/Python/3.9/lib/python/site-packages/sklearn/linear_model/_ridge.py:292: RuntimeWarning: overflow encountered in matmul
  UTy = U.T @ y
/Users/austinlin/Library/Python/3.9/lib/python/site-packages/sklearn/linear_model/_ridge.py:292: RuntimeWarning: invalid value encountered in matmul
  UTy = U.T @ y
/Users/austinlin/Library/Python/3.9/lib/python/site-packages/sklearn/linear_model/_ridge.py:296: RuntimeWarning: divide by zero encountered in matmul
  return (Vt.T @ d_UT_y).T
/Users/austinlin/Library/Python/3.9/lib/python/site-packages/sklearn/linear_model/_ridge.py:296: RuntimeWarning: overflow encountered in matmul
  return (Vt.T @ d_UT_y).T
/Users/austinlin/Library/Python/3.9/lib/python/site-packages/sklearn/linear_model/_ridge.py:296: RuntimeWarning: invalid value encountered in matmul
  return (Vt.T @ d_UT_y).T
/Users/austinlin/Library/Python/3.9/lib/python/site-packages/sklearn/linear_model/_base.py:279: RuntimeWarning: divide by zero encountered in matmul
  return X @ coef_ + self.intercept_
/Users/austinlin/Library/Python/3.9/lib/python/site-packages/sklearn/linear_model/_base.py:279: RuntimeWarning: overflow encountered in matmul
  return X @ coef_ + self.intercept_
/Users/austinlin/Library/Python/3.9/lib/python/site-packages/sklearn/linear_model/_base.py:279: RuntimeWarning: invalid value encountered in matmul
  return X @ coef_ + self.intercept_
/Users/austinlin/Library/Python/3.9/lib/python/site-packages/sklearn/linear_model/_ridge.py:292: RuntimeWarning: divide by zero encountered in matmul
  UTy = U.T @ y
/Users/austinlin/Library/Python/3.9/lib/python/site-packages/sklearn/linear_model/_ridge.py:292: RuntimeWarning: overflow encountered in matmul
  UTy = U.T @ y
/Users/austinlin/Library/Python/3.9/lib/python/site-packages/sklearn/linear_model/_ridge.py:292: RuntimeWarning: invalid value encountered in matmul
  UTy = U.T @ y
/Users/austinlin/Library/Python/3.9/lib/python/site-packages/sklearn/linear_model/_ridge.py:296: RuntimeWarning: divide by zero encountered in matmul
  return (Vt.T @ d_UT_y).T
/Users/austinlin/Library/Python/3.9/lib/python/site-packages/sklearn/linear_model/_ridge.py:296: RuntimeWarning: overflow encountered in matmul
  return (Vt.T @ d_UT_y).T
/Users/austinlin/Library/Python/3.9/lib/python/site-packages/sklearn/linear_model/_ridge.py:296: RuntimeWarning: invalid value encountered in matmul
  return (Vt.T @ d_UT_y).T
/Users/austinlin/Library/Python/3.9/lib/python/site-packages/sklearn/linear_model/_base.py:279: RuntimeWarning: divide by zero encountered in matmul
  return X @ coef_ + self.intercept_
/Users/austinlin/Library/Python/3.9/lib/python/site-packages/sklearn/linear_model/_base.py:279: RuntimeWarning: overflow encountered in matmul
  return X @ coef_ + self.intercept_
/Users/austinlin/Library/Python/3.9/lib/python/site-packages/sklearn/linear_model/_base.py:279: RuntimeWarning: invalid value encountered in matmul
  return X @ coef_ + self.intercept_
/Users/austinlin/Library/Python/3.9/lib/python/site-packages/sklearn/linear_model/_ridge.py:292: RuntimeWarning: divide by zero encountered in matmul
  UTy = U.T @ y
/Users/austinlin/Library/Python/3.9/lib/python/site-packages/sklearn/linear_model/_ridge.py:292: RuntimeWarning: overflow encountered in matmul
  UTy = U.T @ y
/Users/austinlin/Library/Python/3.9/lib/python/site-packages/sklearn/linear_model/_ridge.py:292: RuntimeWarning: invalid value encountered in matmul
  UTy = U.T @ y
/Users/austinlin/Library/Python/3.9/lib/python/site-packages/sklearn/linear_model/_ridge.py:296: RuntimeWarning: divide by zero encountered in matmul
  return (Vt.T @ d_UT_y).T
/Users/austinlin/Library/Python/3.9/lib/python/site-packages/sklearn/linear_model/_ridge.py:296: RuntimeWarning: overflow encountered in matmul
  return (Vt.T @ d_UT_y).T
/Users/austinlin/Library/Python/3.9/lib/python/site-packages/sklearn/linear_model/_ridge.py:296: RuntimeWarning: invalid value encountered in matmul
  return (Vt.T @ d_UT_y).T
/Users/austinlin/Library/Python/3.9/lib/python/site-packages/sklearn/linear_model/_base.py:279: RuntimeWarning: divide by zero encountered in matmul
  return X @ coef_ + self.intercept_
/Users/austinlin/Library/Python/3.9/lib/python/site-packages/sklearn/linear_model/_base.py:279: RuntimeWarning: overflow encountered in matmul
  return X @ coef_ + self.intercept_
/Users/austinlin/Library/Python/3.9/lib/python/site-packages/sklearn/linear_model/_base.py:279: RuntimeWarning: invalid value encountered in matmul
  return X @ coef_ + self.intercept_
/Users/austinlin/Library/Python/3.9/lib/python/site-packages/sklearn/linear_model/_ridge.py:292: RuntimeWarning: divide by zero encountered in matmul
  UTy = U.T @ y
/Users/austinlin/Library/Python/3.9/lib/python/site-packages/sklearn/linear_model/_ridge.py:292: RuntimeWarning: overflow encountered in matmul
  UTy = U.T @ y
/Users/austinlin/Library/Python/3.9/lib/python/site-packages/sklearn/linear_model/_ridge.py:292: RuntimeWarning: invalid value encountered in matmul
  UTy = U.T @ y
/Users/austinlin/Library/Python/3.9/lib/python/site-packages/sklearn/linear_model/_ridge.py:296: RuntimeWarning: divide by zero encountered in matmul
  return (Vt.T @ d_UT_y).T
/Users/austinlin/Library/Python/3.9/lib/python/site-packages/sklearn/linear_model/_ridge.py:296: RuntimeWarning: overflow encountered in matmul
  return (Vt.T @ d_UT_y).T
/Users/austinlin/Library/Python/3.9/lib/python/site-packages/sklearn/linear_model/_ridge.py:296: RuntimeWarning: invalid value encountered in matmul
  return (Vt.T @ d_UT_y).T
/Users/austinlin/Library/Python/3.9/lib/python/site-packages/sklearn/linear_model/_base.py:279: RuntimeWarning: divide by zero encountered in matmul
  return X @ coef_ + self.intercept_
/Users/austinlin/Library/Python/3.9/lib/python/site-packages/sklearn/linear_model/_base.py:279: RuntimeWarning: overflow encountered in matmul
  return X @ coef_ + self.intercept_
/Users/austinlin/Library/Python/3.9/lib/python/site-packages/sklearn/linear_model/_base.py:279: RuntimeWarning: invalid value encountered in matmul
  return X @ coef_ + self.intercept_
/Users/austinlin/Library/Python/3.9/lib/python/site-packages/sklearn/linear_model/_base.py:279: RuntimeWarning: divide by zero encountered in matmul
  return X @ coef_ + self.intercept_
/Users/austinlin/Library/Python/3.9/lib/python/site-packages/sklearn/linear_model/_base.py:279: RuntimeWarning: overflow encountered in matmul
  return X @ coef_ + self.intercept_
/Users/austinlin/Library/Python/3.9/lib/python/site-packages/sklearn/linear_model/_base.py:279: RuntimeWarning: invalid value encountered in matmul
  return X @ coef_ + self.intercept_
/Users/austinlin/Library/Python/3.9/lib/python/site-packages/sklearn/linear_model/_ridge.py:292: RuntimeWarning: divide by zero encountered in matmul
  UTy = U.T @ y
/Users/austinlin/Library/Python/3.9/lib/python/site-packages/sklearn/linear_model/_ridge.py:292: RuntimeWarning: overflow encountered in matmul
  UTy = U.T @ y
/Users/austinlin/Library/Python/3.9/lib/python/site-packages/sklearn/linear_model/_ridge.py:292: RuntimeWarning: invalid value encountered in matmul
  UTy = U.T @ y
/Users/austinlin/Library/Python/3.9/lib/python/site-packages/sklearn/linear_model/_ridge.py:296: RuntimeWarning: divide by zero encountered in matmul
  return (Vt.T @ d_UT_y).T
/Users/austinlin/Library/Python/3.9/lib/python/site-packages/sklearn/linear_model/_ridge.py:296: RuntimeWarning: overflow encountered in matmul
  return (Vt.T @ d_UT_y).T
/Users/austinlin/Library/Python/3.9/lib/python/site-packages/sklearn/linear_model/_ridge.py:296: RuntimeWarning: invalid value encountered in matmul
  return (Vt.T @ d_UT_y).T
/Users/austinlin/Library/Python/3.9/lib/python/site-packages/sklearn/linear_model/_base.py:279: RuntimeWarning: divide by zero encountered in matmul
  return X @ coef_ + self.intercept_
/Users/austinlin/Library/Python/3.9/lib/python/site-packages/sklearn/linear_model/_base.py:279: RuntimeWarning: overflow encountered in matmul
  return X @ coef_ + self.intercept_
/Users/austinlin/Library/Python/3.9/lib/python/site-packages/sklearn/linear_model/_base.py:279: RuntimeWarning: invalid value encountered in matmul
  return X @ coef_ + self.intercept_
/Users/austinlin/Library/Python/3.9/lib/python/site-packages/sklearn/linear_model/_ridge.py:292: RuntimeWarning: divide by zero encountered in matmul
  UTy = U.T @ y
/Users/austinlin/Library/Python/3.9/lib/python/site-packages/sklearn/linear_model/_ridge.py:292: RuntimeWarning: overflow encountered in matmul
  UTy = U.T @ y
/Users/austinlin/Library/Python/3.9/lib/python/site-packages/sklearn/linear_model/_ridge.py:292: RuntimeWarning: invalid value encountered in matmul
  UTy = U.T @ y
/Users/austinlin/Library/Python/3.9/lib/python/site-packages/sklearn/linear_model/_ridge.py:296: RuntimeWarning: divide by zero encountered in matmul
  return (Vt.T @ d_UT_y).T
/Users/austinlin/Library/Python/3.9/lib/python/site-packages/sklearn/linear_model/_ridge.py:296: RuntimeWarning: overflow encountered in matmul
  return (Vt.T @ d_UT_y).T
/Users/austinlin/Library/Python/3.9/lib/python/site-packages/sklearn/linear_model/_ridge.py:296: RuntimeWarning: invalid value encountered in matmul
  return (Vt.T @ d_UT_y).T
/Users/austinlin/Library/Python/3.9/lib/python/site-packages/sklearn/linear_model/_base.py:279: RuntimeWarning: divide by zero encountered in matmul
  return X @ coef_ + self.intercept_
/Users/austinlin/Library/Python/3.9/lib/python/site-packages/sklearn/linear_model/_base.py:279: RuntimeWarning: overflow encountered in matmul
  return X @ coef_ + self.intercept_
/Users/austinlin/Library/Python/3.9/lib/python/site-packages/sklearn/linear_model/_base.py:279: RuntimeWarning: invalid value encountered in matmul
  return X @ coef_ + self.intercept_
/Users/austinlin/Library/Python/3.9/lib/python/site-packages/sklearn/linear_model/_ridge.py:292: RuntimeWarning: divide by zero encountered in matmul
  UTy = U.T @ y
/Users/austinlin/Library/Python/3.9/lib/python/site-packages/sklearn/linear_model/_ridge.py:292: RuntimeWarning: overflow encountered in matmul
  UTy = U.T @ y
/Users/austinlin/Library/Python/3.9/lib/python/site-packages/sklearn/linear_model/_ridge.py:292: RuntimeWarning: invalid value encountered in matmul
  UTy = U.T @ y
/Users/austinlin/Library/Python/3.9/lib/python/site-packages/sklearn/linear_model/_ridge.py:296: RuntimeWarning: divide by zero encountered in matmul
  return (Vt.T @ d_UT_y).T
/Users/austinlin/Library/Python/3.9/lib/python/site-packages/sklearn/linear_model/_ridge.py:296: RuntimeWarning: overflow encountered in matmul
  return (Vt.T @ d_UT_y).T
/Users/austinlin/Library/Python/3.9/lib/python/site-packages/sklearn/linear_model/_ridge.py:296: RuntimeWarning: invalid value encountered in matmul
  return (Vt.T @ d_UT_y).T
/Users/austinlin/Library/Python/3.9/lib/python/site-packages/sklearn/linear_model/_base.py:279: RuntimeWarning: divide by zero encountered in matmul
  return X @ coef_ + self.intercept_
/Users/austinlin/Library/Python/3.9/lib/python/site-packages/sklearn/linear_model/_base.py:279: RuntimeWarning: overflow encountered in matmul
  return X @ coef_ + self.intercept_
/Users/austinlin/Library/Python/3.9/lib/python/site-packages/sklearn/linear_model/_base.py:279: RuntimeWarning: invalid value encountered in matmul
  return X @ coef_ + self.intercept_
/Users/austinlin/Library/Python/3.9/lib/python/site-packages/sklearn/linear_model/_ridge.py:292: RuntimeWarning: divide by zero encountered in matmul
  UTy = U.T @ y
/Users/austinlin/Library/Python/3.9/lib/python/site-packages/sklearn/linear_model/_ridge.py:292: RuntimeWarning: overflow encountered in matmul
  UTy = U.T @ y
/Users/austinlin/Library/Python/3.9/lib/python/site-packages/sklearn/linear_model/_ridge.py:292: RuntimeWarning: invalid value encountered in matmul
  UTy = U.T @ y
/Users/austinlin/Library/Python/3.9/lib/python/site-packages/sklearn/linear_model/_ridge.py:296: RuntimeWarning: divide by zero encountered in matmul
  return (Vt.T @ d_UT_y).T
/Users/austinlin/Library/Python/3.9/lib/python/site-packages/sklearn/linear_model/_ridge.py:296: RuntimeWarning: overflow encountered in matmul
  return (Vt.T @ d_UT_y).T
/Users/austinlin/Library/Python/3.9/lib/python/site-packages/sklearn/linear_model/_ridge.py:296: RuntimeWarning: invalid value encountered in matmul
  return (Vt.T @ d_UT_y).T
/Users/austinlin/Library/Python/3.9/lib/python/site-packages/sklearn/linear_model/_base.py:279: RuntimeWarning: divide by zero encountered in matmul
  return X @ coef_ + self.intercept_
/Users/austinlin/Library/Python/3.9/lib/python/site-packages/sklearn/linear_model/_base.py:279: RuntimeWarning: overflow encountered in matmul
  return X @ coef_ + self.intercept_
/Users/austinlin/Library/Python/3.9/lib/python/site-packages/sklearn/linear_model/_base.py:279: RuntimeWarning: invalid value encountered in matmul
  return X @ coef_ + self.intercept_
/Users/austinlin/Library/Python/3.9/lib/python/site-packages/sklearn/linear_model/_ridge.py:292: RuntimeWarning: divide by zero encountered in matmul
  UTy = U.T @ y
/Users/austinlin/Library/Python/3.9/lib/python/site-packages/sklearn/linear_model/_ridge.py:292: RuntimeWarning: overflow encountered in matmul
  UTy = U.T @ y
/Users/austinlin/Library/Python/3.9/lib/python/site-packages/sklearn/linear_model/_ridge.py:292: RuntimeWarning: invalid value encountered in matmul
  UTy = U.T @ y
/Users/austinlin/Library/Python/3.9/lib/python/site-packages/sklearn/linear_model/_ridge.py:296: RuntimeWarning: divide by zero encountered in matmul
  return (Vt.T @ d_UT_y).T
/Users/austinlin/Library/Python/3.9/lib/python/site-packages/sklearn/linear_model/_ridge.py:296: RuntimeWarning: overflow encountered in matmul
  return (Vt.T @ d_UT_y).T
/Users/austinlin/Library/Python/3.9/lib/python/site-packages/sklearn/linear_model/_ridge.py:296: RuntimeWarning: invalid value encountered in matmul
  return (Vt.T @ d_UT_y).T
/Users/austinlin/Library/Python/3.9/lib/python/site-packages/sklearn/linear_model/_base.py:279: RuntimeWarning: divide by zero encountered in matmul
  return X @ coef_ + self.intercept_
/Users/austinlin/Library/Python/3.9/lib/python/site-packages/sklearn/linear_model/_base.py:279: RuntimeWarning: overflow encountered in matmul
  return X @ coef_ + self.intercept_
/Users/austinlin/Library/Python/3.9/lib/python/site-packages/sklearn/linear_model/_base.py:279: RuntimeWarning: invalid value encountered in matmul
  return X @ coef_ + self.intercept_
/Users/austinlin/Library/Python/3.9/lib/python/site-packages/sklearn/linear_model/_base.py:279: RuntimeWarning: divide by zero encountered in matmul
  return X @ coef_ + self.intercept_
/Users/austinlin/Library/Python/3.9/lib/python/site-packages/sklearn/linear_model/_base.py:279: RuntimeWarning: overflow encountered in matmul
  return X @ coef_ + self.intercept_
/Users/austinlin/Library/Python/3.9/lib/python/site-packages/sklearn/linear_model/_base.py:279: RuntimeWarning: invalid value encountered in matmul
  return X @ coef_ + self.intercept_
{"pool_done": 606}
{"1": {"test_mse": 1.8662976179323165, "test_r2": 0.1805140964007362}, "4": {"test_mse": 0.9595145874433607, "test_r2": 0.578679910882138}, "16": {"test_mse": 0.5495132633010867, "test_r2": 0.7587103103014288}}
